date,game_time,event_id,competition_id,provider_id,provider_name,home_team,away_team,home_abbr,away_abbr,home_moneyline,away_moneyline,home_price_basis,away_price_basis,home_run_line,away_run_line,total_line,over_odds,under_odds,odds_items_count
2025-03-27,19:00,401694911,401694911,58,ESPN BET,New York Yankees,Milwaukee Brewers,NYY,MIL,-150.0,125.0,close,close,0.0,1.5,7.5,-125.0,105.0,2
2025-03-27,19:07,401694909,401694909,58,ESPN BET,Toronto Blue Jays,Baltimore Orioles,TOR,BAL,-115.0,-105.0,close,close,0.0,-1.5,8.5,-105.0,-115.0,2
2025-03-27,20:05,401694912,401694912,58,ESPN BET,Washington Nationals,Philadelphia Phillies,WSH,PHI,135.0,-160.0,close,close,0.0,-1.5,7.5,100.0,-120.0,2
2025-03-27,20:05,401694916,401694916,58,ESPN BET,Texas Rangers,Boston Red Sox,TEX,BOS,105.0,-125.0,close,close,0.0,-1.5,8.5,100.0,-120.0,2
2025-03-27,20:10,401694913,401694913,58,ESPN BET,Miami Marlins,Pittsburgh Pirates,MIA,PIT,125.0,-150.0,close,close,0.0,-1.5,6.5,-115.0,-105.0,2
2025-03-27,20:10,401694914,401694914,58,ESPN BET,Cincinnati Reds,San Francisco Giants,CIN,SF,-110.0,-110.0,close,close,0.0,-1.5,7.5,-115.0,-105.0,2
2025-03-27,20:10,401694915,401694915,58,ESPN BET,Chicago White Sox,Los Angeles Angels,CHW,LAA,140.0,-165.0,close,close,0.0,-1.5,7.5,-115.0,-105.0,2
2025-03-27,20:10,401694917,401694917,58,ESPN BET,Kansas City Royals,Cleveland Guardians,KC,CLE,-175.0,145.0,close,close,0.0,1.5,8.5,-115.0,-105.0,2
2025-03-27,20:10,401694919,401694919,58,ESPN BET,Houston Astros,New York Mets,HOU,NYM,-120.0,100.0,close,close,0.0,-1.5,7.5,-115.0,-105.0,2
2025-03-27,20:10,401694920,401694920,58,ESPN BET,San Diego Padres,Atlanta Braves,SD,ATL,100.0,-120.0,close,close,0.0,-1.5,6.5,-125.0,105.0,2
2025-03-27,20:15,401694918,401694918,58,ESPN BET,St. Louis Cardinals,Minnesota Twins,STL,MIN,-105.0,-115.0,close,close,0.0,-1.5,7.5,-105.0,-115.0,2
2025-03-27,23:00,401694922,401694922,58,ESPN BET,Los Angeles Dodgers,Detroit Tigers,LAD,DET,-170.0,145.0,close,close,0.0,1.5,6.5,-115.0,-105.0,2
2025-03-27,02:10,401694921,401694921,58,ESPN BET,Arizona Diamondbacks,Chicago Cubs,ARI,CHC,-120.0,100.0,close,close,0.0,-1.5,8.5,-110.0,-110.0,2
2025-03-27,02:10,401694923,401694923,58,ESPN BET,Seattle Mariners,Athletics,SEA,ATH,-165.0,140.0,close,close,0.0,1.5,6.5,-145.0,120.0,2
2025-03-28,20:10,401694910,401694910,58,ESPN BET,Tampa Bay Rays,Colorado Rockies,TB,COL,-220.0,175.0,close,close,0.0,1.5,7.5,-120.0,100.0,2
2025-03-28,23:07,401694924,401694924,58,ESPN BET,Toronto Blue Jays,Baltimore Orioles,TOR,BAL,-125.0,105.0,close,close,0.0,1.5,8.5,-120.0,100.0,2
2025-03-28,23:10,401694925,401694925,58,ESPN BET,Miami Marlins,Pittsburgh Pirates,MIA,PIT,120.0,-145.0,close,close,0.0,-1.5,8.5,-105.0,-115.0,2
2025-03-28,00:05,401694926,401694926,58,ESPN BET,Texas Rangers,Boston Red Sox,TEX,BOS,-105.0,-115.0,close,close,0.0,-1.5,8.5,-130.0,110.0,2
2025-03-28,00:10,401744558,401744558,58,ESPN BET,Houston Astros,New York Mets,HOU,NYM,-120.0,100.0,close,close,0.0,-1.5,8.5,-105.0,-115.0,2
2025-03-28,01:40,401694927,401694927,58,ESPN BET,San Diego Padres,Atlanta Braves,SD,ATL,-135.0,115.0,close,close,0.0,1.5,7.5,100.0,-120.0,2
2025-03-28,01:40,401694928,401694928,58,ESPN BET,Arizona Diamondbacks,Chicago Cubs,ARI,CHC,-150.0,125.0,close,close,0.0,1.5,8.5,-125.0,105.0,2
2025-03-28,01:40,401694930,401694930,58,ESPN BET,Seattle Mariners,Athletics,SEA,ATH,-150.0,125.0,close,close,0.0,1.5,7.5,115.0,-135.0,2
2025-03-28,02:10,401694929,401694929,58,ESPN BET,Los Angeles Dodgers,Detroit Tigers,LAD,DET,-190.0,160.0,close,close,0.0,1.5,7.5,-105.0,-115.0,2
2025-03-29,17:05,401694933,401694933,58,ESPN BET,New York Yankees,Milwaukee Brewers,NYY,MIL,-165.0,140.0,close,close,0.0,1.5,8.5,-130.0,110.0,2
2025-03-29,18:10,401694937,401694937,58,ESPN BET,Chicago White Sox,Los Angeles Angels,CHW,LAA,135.0,-160.0,close,close,0.0,-1.5,8.5,105.0,-125.0,2
2025-03-29,18:15,401694940,401694940,58,ESPN BET,St. Louis Cardinals,Minnesota Twins,STL,MIN,-110.0,-110.0,close,close,0.0,-1.5,7.5,-110.0,-110.0,2
2025-03-29,19:07,401694931,401694931,58,ESPN BET,Toronto Blue Jays,Baltimore Orioles,TOR,BAL,-125.0,105.0,close,close,0.0,1.5,8.5,-115.0,-105.0,2
2025-03-29,20:05,401694934,401694934,58,ESPN BET,Washington Nationals,Philadelphia Phillies,WSH,PHI,130.0,-155.0,close,close,0.0,-1.5,8.5,-135.0,115.0,2
2025-03-29,20:10,401694932,401694932,58,ESPN BET,Tampa Bay Rays,Colorado Rockies,TB,COL,-200.0,165.0,close,close,0.0,1.5,8.5,100.0,-120.0,2
2025-03-29,20:10,401694935,401694935,58,ESPN BET,Miami Marlins,Pittsburgh Pirates,MIA,PIT,100.0,-120.0,close,close,0.0,-1.5,8.5,-120.0,100.0,2
2025-03-29,20:10,401694936,401694936,58,ESPN BET,Cincinnati Reds,San Francisco Giants,CIN,SF,-120.0,100.0,close,close,0.0,-1.5,8.5,-120.0,100.0,2
2025-03-29,20:10,401694939,401694939,58,ESPN BET,Kansas City Royals,Cleveland Guardians,KC,CLE,-120.0,100.0,close,close,0.0,-1.5,8.5,-120.0,100.0,2
2025-03-29,23:05,401694938,401694938,58,ESPN BET,Texas Rangers,Boston Red Sox,TEX,BOS,-105.0,-115.0,close,close,0.0,-1.5,8.5,-120.0,100.0,2
2025-03-29,23:15,401694941,401694941,58,ESPN BET,Houston Astros,New York Mets,HOU,NYM,-120.0,100.0,close,close,0.0,1.5,8.5,-130.0,110.0,2
2025-03-29,23:15,401694942,401694942,58,ESPN BET,San Diego Padres,Atlanta Braves,SD,ATL,130.0,-155.0,close,close,0.0,-1.5,8.5,105.0,-125.0,2
2025-03-29,00:10,401694943,401694943,58,ESPN BET,Arizona Diamondbacks,Chicago Cubs,ARI,CHC,-125.0,105.0,close,close,0.0,1.5,8.5,-125.0,105.0,2
2025-03-29,01:10,401694944,401694944,58,ESPN BET,Los Angeles Dodgers,Detroit Tigers,LAD,DET,-200.0,165.0,close,close,0.0,1.5,7.5,-105.0,-115.0,2
2025-03-29,01:40,401694945,401694945,58,ESPN BET,Seattle Mariners,Athletics,SEA,ATH,-160.0,135.0,close,close,0.0,1.5,7.5,115.0,-135.0,2
2025-03-30,17:35,401694948,401694948,58,ESPN BET,New York Yankees,Milwaukee Brewers,NYY,MIL,-150.0,125.0,close,close,0.0,1.5,8.5,100.0,-120.0,2
2025-03-30,17:35,401694949,401694949,58,ESPN BET,Washington Nationals,Philadelphia Phillies,WSH,PHI,115.0,-135.0,close,close,0.0,-1.5,8.5,-125.0,105.0,2
2025-03-30,17:37,401694946,401694946,58,ESPN BET,Toronto Blue Jays,Baltimore Orioles,TOR,BAL,-135.0,115.0,close,close,0.0,1.5,8.5,-125.0,105.0,2
2025-03-30,17:40,401694947,401694947,58,ESPN BET,Tampa Bay Rays,Colorado Rockies,TB,COL,-190.0,160.0,close,close,0.0,1.5,7.5,-115.0,-105.0,2
2025-03-30,17:40,401694950,401694950,58,ESPN BET,Miami Marlins,Pittsburgh Pirates,MIA,PIT,-120.0,100.0,close,close,0.0,-1.5,7.5,-110.0,-110.0,2
2025-03-30,17:40,401694951,401694951,58,ESPN BET,Cincinnati Reds,San Francisco Giants,CIN,SF,110.0,-130.0,close,close,0.0,-1.5,8.5,100.0,-120.0,2
2025-03-30,18:10,401694952,401694952,58,ESPN BET,Chicago White Sox,Los Angeles Angels,CHW,LAA,105.0,-125.0,close,close,0.0,-1.5,8.5,-110.0,-110.0,2
2025-03-30,18:10,401694954,401694954,58,ESPN BET,Kansas City Royals,Cleveland Guardians,KC,CLE,-115.0,-105.0,close,close,0.0,-1.5,7.5,115.0,-135.0,2
2025-03-30,18:15,401694955,401694955,58,ESPN BET,St. Louis Cardinals,Minnesota Twins,STL,MIN,-110.0,-110.0,close,close,0.0,-1.5,8.5,100.0,-120.0,2
2025-03-30,18:35,401694953,401694953,58,ESPN BET,Texas Rangers,Boston Red Sox,TEX,BOS,-155.0,130.0,close,close,0.0,1.5,7.5,-105.0,-115.0,2
2025-03-30,20:10,401694958,401694958,58,ESPN BET,Arizona Diamondbacks,Chicago Cubs,ARI,CHC,-115.0,-105.0,close,close,0.0,-1.5,8.5,-135.0,115.0,2
2025-03-30,20:10,401694959,401694959,58,ESPN BET,Seattle Mariners,Athletics,SEA,ATH,-180.0,150.0,close,close,0.0,1.5,7.5,100.0,-120.0,2
2025-03-30,23:00,401694957,401694957,58,ESPN BET,San Diego Padres,Atlanta Braves,SD,ATL,-130.0,110.0,close,close,0.0,1.5,7.5,-125.0,105.0,2
2025-03-31,18:10,401694967,401694967,58,ESPN BET,Milwaukee Brewers,Kansas City Royals,MIL,KC,-120.0,100.0,close,close,0.0,-1.5,8.5,-115.0,-105.0,2
2025-03-31,18:10,401694968,401694968,58,ESPN BET,Chicago White Sox,Minnesota Twins,CHW,MIN,160.0,-190.0,close,close,0.0,-1.5,7.5,-105.0,-115.0,2
2025-03-31,18:35,401694960,401694960,58,ESPN BET,Baltimore Orioles,Boston Red Sox,BAL,BOS,-145.0,120.0,close,close,0.0,1.5,9.5,-120.0,100.0,2
2025-03-31,19:05,401694961,401694961,58,ESPN BET,Philadelphia Phillies,Colorado Rockies,PHI,COL,-310.0,240.0,close,close,0.0,1.5,8.5,-120.0,100.0,2
2025-03-31,22:40,401694962,401694962,58,ESPN BET,Miami Marlins,New York Mets,MIA,NYM,160.0,-190.0,close,close,0.0,-1.5,8.5,-115.0,-105.0,2
2025-03-31,22:40,401694964,401694964,58,ESPN BET,Cincinnati Reds,Texas Rangers,CIN,TEX,105.0,-125.0,close,close,0.0,-1.5,8.5,-115.0,-105.0,2
2025-03-31,23:05,401694963,401694963,58,ESPN BET,Tampa Bay Rays,Pittsburgh Pirates,TB,PIT,-185.0,155.0,close,close,0.0,1.5,8.5,105.0,-125.0,2
2025-03-31,23:07,401694965,401694965,58,ESPN BET,Toronto Blue Jays,Washington Nationals,TOR,WSH,-180.0,150.0,close,close,0.0,1.5,8.5,-125.0,105.0,2
2025-03-31,23:45,401694966,401694966,58,ESPN BET,St. Louis Cardinals,Los Angeles Angels,STL,LAA,-165.0,140.0,close,close,0.0,1.5,7.5,-120.0,100.0,2
2025-03-31,00:10,401694969,401694969,58,ESPN BET,Houston Astros,San Francisco Giants,HOU,SF,-130.0,110.0,close,close,0.0,1.5,7.5,-125.0,105.0,2
2025-03-31,01:40,401694972,401694972,58,ESPN BET,San Diego Padres,Cleveland Guardians,SD,CLE,-130.0,110.0,close,close,0.0,1.5,7.5,100.0,-120.0,2
2025-03-31,01:40,401694973,401694973,58,ESPN BET,Seattle Mariners,Detroit Tigers,SEA,DET,-115.0,-105.0,close,close,0.0,-1.5,7.5,100.0,-120.0,2
2025-03-31,02:05,401764519,401764519,58,ESPN BET,Athletics,Chicago Cubs,ATH,CHC,125.0,-150.0,close,close,0.0,-1.5,8.5,-110.0,-110.0,2
2025-03-31,02:10,401694970,401694970,58,ESPN BET,Los Angeles Dodgers,Atlanta Braves,LAD,ATL,-220.0,175.0,close,close,0.0,1.5,7.5,-130.0,110.0,2
2025-04-01,22:40,401694975,401694975,58,ESPN BET,Miami Marlins,New York Mets,MIA,NYM,135.0,-160.0,close,close,0.0,-1.5,7.5,-110.0,-110.0,2
2025-04-01,22:40,401694977,401694977,58,ESPN BET,Cincinnati Reds,Texas Rangers,CIN,TEX,130.0,-155.0,close,close,0.0,-1.5,8.5,-125.0,105.0,2
2025-04-01,23:05,401694974,401694974,58,ESPN BET,New York Yankees,Arizona Diamondbacks,NYY,ARI,105.0,-125.0,close,close,0.0,-1.5,8.5,-110.0,-110.0,2
2025-04-01,23:05,401694976,401694976,58,ESPN BET,Tampa Bay Rays,Pittsburgh Pirates,TB,PIT,-175.0,145.0,close,close,0.0,1.5,8.5,-130.0,110.0,2
2025-04-01,23:07,401694978,401694978,58,ESPN BET,Toronto Blue Jays,Washington Nationals,TOR,WSH,-165.0,140.0,close,close,0.0,1.5,8.5,-115.0,-105.0,2
2025-04-01,23:40,401694980,401694980,58,ESPN BET,Milwaukee Brewers,Kansas City Royals,MIL,KC,-125.0,105.0,close,close,0.0,-1.5,8.5,-125.0,105.0,2
2025-04-01,23:40,401694981,401694981,58,ESPN BET,Chicago White Sox,Minnesota Twins,CHW,MIN,140.0,-165.0,close,close,0.0,-1.5,7.5,100.0,-120.0,2
2025-04-01,23:45,401694979,401694979,58,ESPN BET,St. Louis Cardinals,Los Angeles Angels,STL,LAA,-145.0,120.0,close,close,0.0,1.5,8.5,100.0,-120.0,2
2025-04-01,00:10,401694982,401694982,58,ESPN BET,Houston Astros,San Francisco Giants,HOU,SF,115.0,-135.0,close,close,0.0,-1.5,8.5,-105.0,-115.0,2
2025-04-01,01:40,401694985,401694985,58,ESPN BET,San Diego Padres,Cleveland Guardians,SD,CLE,-165.0,140.0,close,close,0.0,1.5,7.5,-115.0,-105.0,2
2025-04-01,01:40,401694986,401694986,58,ESPN BET,Seattle Mariners,Detroit Tigers,SEA,DET,-160.0,135.0,close,close,0.0,1.5,6.5,-120.0,100.0,2
2025-04-01,02:05,401764520,401764520,58,ESPN BET,Athletics,Chicago Cubs,ATH,CHC,110.0,-130.0,close,close,0.0,-1.5,7.5,-130.0,110.0,2
2025-04-01,02:10,401694983,401694983,58,ESPN BET,Los Angeles Dodgers,Atlanta Braves,LAD,ATL,-125.0,105.0,close,close,0.0,1.5,7.5,100.0,-120.0,2
2025-04-02,16:40,401694992,401694992,58,ESPN BET,Cincinnati Reds,Texas Rangers,CIN,TEX,-145.0,120.0,close,close,0.0,1.5,8.5,-110.0,-110.0,2
2025-04-02,17:10,401694991,401694991,58,ESPN BET,Tampa Bay Rays,Pittsburgh Pirates,TB,PIT,-105.0,-115.0,close,close,0.0,-1.5,6.5,-145.0,120.0,2
2025-04-02,17:10,401694995,401694995,58,ESPN BET,Milwaukee Brewers,Kansas City Royals,MIL,KC,-115.0,-105.0,close,close,0.0,-1.5,7.5,-105.0,-115.0,2
2025-04-02,17:15,401694994,401694994,58,ESPN BET,St. Louis Cardinals,Los Angeles Angels,STL,LAA,-135.0,115.0,close,close,0.0,1.5,8.5,-120.0,100.0,2
2025-04-02,18:10,401694996,401694996,58,ESPN BET,Chicago White Sox,Minnesota Twins,CHW,MIN,160.0,-190.0,close,close,0.0,-1.5,7.5,115.0,-135.0,2
2025-04-02,19:07,401694993,401694993,58,ESPN BET,Toronto Blue Jays,Washington Nationals,TOR,WSH,-110.0,-110.0,close,close,0.0,-1.5,8.5,100.0,-120.0,2
2025-04-02,19:35,401764521,401764521,58,ESPN BET,Athletics,Chicago Cubs,ATH,CHC,-120.0,100.0,close,close,0.0,-1.5,8.5,-105.0,-115.0,2
2025-04-02,20:10,401694997,401694997,58,ESPN BET,Houston Astros,San Francisco Giants,HOU,SF,-175.0,145.0,close,close,0.0,1.5,7.5,-105.0,-115.0,2
2025-04-02,20:10,401695000,401695000,58,ESPN BET,San Diego Padres,Cleveland Guardians,SD,CLE,-175.0,145.0,close,close,0.0,1.5,7.5,-120.0,100.0,2
2025-04-02,20:10,401695001,401695001,58,ESPN BET,Seattle Mariners,Detroit Tigers,SEA,DET,110.0,-130.0,close,close,0.0,-1.5,6.5,-105.0,-115.0,2
2025-04-02,20:40,401694990,401694990,58,ESPN BET,Miami Marlins,New York Mets,MIA,NYM,180.0,-230.0,close,close,0.0,-1.5,8.5,-125.0,105.0,2
2025-04-02,22:35,401694988,401694988,58,ESPN BET,Baltimore Orioles,Boston Red Sox,BAL,BOS,105.0,-125.0,close,close,0.0,-1.5,7.5,-110.0,-110.0,2
2025-04-02,22:45,401694989,401694989,58,ESPN BET,Philadelphia Phillies,Colorado Rockies,PHI,COL,-330.0,260.0,close,close,0.0,1.5,7.5,115.0,-135.0,2
2025-04-02,23:05,401694987,401694987,58,ESPN BET,New York Yankees,Arizona Diamondbacks,NYY,ARI,-150.0,125.0,close,close,0.0,1.5,7.5,-125.0,105.0,2
2025-04-02,00:38,401694998,401694998,58,ESPN BET,Los Angeles Dodgers,Atlanta Braves,LAD,ATL,-240.0,190.0,close,close,0.0,1.5,8.5,105.0,-125.0,2
2025-04-03,17:05,401695003,401695003,58,ESPN BET,Baltimore Orioles,Boston Red Sox,BAL,BOS,-130.0,110.0,close,close,0.0,1.5,9.5,100.0,-120.0,2
2025-04-03,17:05,401695004,401695004,58,ESPN BET,Philadelphia Phillies,Colorado Rockies,PHI,COL,-240.0,200.0,close,close,0.0,1.5,9.5,-130.0,110.0,2
2025-04-03,20:10,401695006,401695006,58,ESPN BET,Minnesota Twins,Houston Astros,MIN,HOU,-130.0,110.0,close,close,0.0,1.5,7.5,115.0,-135.0,2
2025-04-03,23:05,401695002,401695002,58,ESPN BET,New York Yankees,Arizona Diamondbacks,NYY,ARI,-135.0,115.0,close,close,0.0,1.5,9.5,-105.0,-115.0,2
2025-04-03,23:40,401695005,401695005,58,ESPN BET,Milwaukee Brewers,Cincinnati Reds,MIL,CIN,-120.0,100.0,close,close,0.0,-1.5,8.5,100.0,-120.0,2
2025-04-04,17:10,401695009,401695009,58,ESPN BET,Detroit Tigers,Chicago White Sox,DET,CHW,-235.0,195.0,close,close,0.0,1.5,7.5,110.0,-130.0,2
2025-04-04,18:10,401695013,401695013,58,ESPN BET,Boston Red Sox,St. Louis Cardinals,BOS,STL,-120.0,100.0,close,close,0.0,-1.5,9.5,-115.0,-105.0,2
2025-04-04,18:20,401695016,401695016,58,ESPN BET,Chicago Cubs,San Diego Padres,CHC,SD,-180.0,150.0,close,close,0.0,1.5,6.5,-145.0,120.0,2
2025-04-04,19:10,401695007,401695007,58,ESPN BET,New York Mets,Toronto Blue Jays,NYM,TOR,-130.0,110.0,close,close,0.0,1.5,7.5,-105.0,-115.0,2
2025-04-04,20:10,401695018,401695018,58,ESPN BET,Colorado Rockies,Athletics,COL,ATH,-105.0,-115.0,close,close,0.0,-1.5,8.5,-145.0,120.0,2
2025-04-04,20:12,401695012,401695012,58,ESPN BET,Pittsburgh Pirates,New York Yankees,PIT,NYY,150.0,-180.0,close,close,0.0,-1.5,7.5,-120.0,100.0,2
2025-04-04,20:35,401695020,401695020,58,ESPN BET,San Francisco Giants,Seattle Mariners,SF,SEA,-160.0,135.0,close,close,0.0,1.5,7.5,-120.0,100.0,2
2025-04-04,22:45,401695008,401695008,58,ESPN BET,Washington Nationals,Arizona Diamondbacks,WSH,ARI,135.0,-160.0,close,close,0.0,-1.5,8.5,-105.0,-115.0,2
2025-04-04,22:45,401695010,401695010,58,ESPN BET,Philadelphia Phillies,Los Angeles Dodgers,PHI,LAD,115.0,-135.0,close,close,0.0,-1.5,7.5,-130.0,110.0,2
2025-04-04,23:15,401695011,401695011,58,ESPN BET,Atlanta Braves,Miami Marlins,ATL,MIA,-240.0,200.0,close,close,0.0,1.5,7.5,-120.0,100.0,2
2025-04-04,23:40,401695014,401695014,58,ESPN BET,Kansas City Royals,Baltimore Orioles,KC,BAL,-110.0,-110.0,close,close,0.0,-1.5,7.5,-120.0,100.0,2
2025-04-04,00:05,401695017,401695017,58,ESPN BET,Texas Rangers,Tampa Bay Rays,TEX,TB,-130.0,110.0,close,close,0.0,1.5,8.5,-110.0,-110.0,2
2025-04-04,00:10,401695015,401695015,58,ESPN BET,Milwaukee Brewers,Cincinnati Reds,MIL,CIN,-130.0,110.0,close,close,0.0,1.5,8.5,100.0,-120.0,2
2025-04-04,01:38,401695019,401695019,58,ESPN BET,Los Angeles Angels,Cleveland Guardians,LAA,CLE,-110.0,-110.0,close,close,0.0,-1.5,7.5,-120.0,100.0,2
2025-04-05,17:10,401695022,401695022,58,ESPN BET,Detroit Tigers,Chicago White Sox,DET,CHW,-240.0,200.0,close,close,0.0,1.5,7.5,-105.0,-115.0,2
2025-04-05,18:10,401695030,401695030,58,ESPN BET,Minnesota Twins,Houston Astros,MIN,HOU,-125.0,105.0,close,close,0.0,1.5,7.5,-115.0,-105.0,2
2025-04-05,18:20,401695031,401695031,58,ESPN BET,Chicago Cubs,San Diego Padres,CHC,SD,-115.0,-105.0,close,close,0.0,1.5,6.5,-120.0,100.0,2
2025-04-05,20:05,401695021,401695021,58,ESPN BET,Washington Nationals,Arizona Diamondbacks,WSH,ARI,115.0,-135.0,close,close,0.0,-1.5,9.5,100.0,-120.0,2
2025-04-05,20:05,401695023,401695023,58,ESPN BET,Philadelphia Phillies,Los Angeles Dodgers,PHI,LAD,-110.0,-110.0,close,close,0.0,-1.5,8.5,-105.0,-115.0,2
2025-04-05,20:05,401695025,401695025,58,ESPN BET,Pittsburgh Pirates,New York Yankees,PIT,NYY,140.0,-165.0,close,close,0.0,-1.5,9.5,-115.0,-105.0,2
2025-04-05,20:10,401695026,401695026,,,Boston Red Sox,St. Louis Cardinals,BOS,STL,,,,,,,,,,0
2025-04-05,20:10,401695028,401695028,58,ESPN BET,Kansas City Royals,Baltimore Orioles,KC,BAL,-115.0,-105.0,close,close,0.0,-1.5,7.5,-120.0,100.0,2
2025-04-05,23:05,401695032,401695032,58,ESPN BET,Texas Rangers,Tampa Bay Rays,TEX,TB,-180.0,150.0,close,close,0.0,1.5,7.5,-110.0,-110.0,2
2025-04-05,23:10,401695027,401695027,58,ESPN BET,New York Mets,Toronto Blue Jays,NYM,TOR,-145.0,120.0,close,close,0.0,1.5,7.5,-115.0,-105.0,2
2025-04-05,23:10,401695029,401695029,58,ESPN BET,Milwaukee Brewers,Cincinnati Reds,MIL,CIN,-120.0,100.0,close,close,0.0,-1.5,8.5,100.0,-120.0,2
2025-04-05,23:15,401695024,401695024,58,ESPN BET,Atlanta Braves,Miami Marlins,ATL,MIA,-265.0,215.0,close,close,0.0,1.5,8.5,-120.0,100.0,2
2025-04-05,00:10,401695033,401695033,58,ESPN BET,Colorado Rockies,Athletics,COL,ATH,-110.0,-110.0,close,close,0.0,-1.5,9.5,-105.0,-115.0,2
2025-04-05,01:05,401695035,401695035,58,ESPN BET,San Francisco Giants,Seattle Mariners,SF,SEA,-120.0,100.0,close,close,0.0,1.5,7.5,-105.0,-115.0,2
2025-04-05,01:38,401695034,401695034,58,ESPN BET,Los Angeles Angels,Cleveland Guardians,LAA,CLE,130.0,-155.0,close,close,0.0,-1.5,8.5,-125.0,105.0,2
2025-04-06,17:35,401695036,401695036,58,ESPN BET,Washington Nationals,Arizona Diamondbacks,WSH,ARI,150.0,-180.0,close,close,0.0,-1.5,7.5,-120.0,100.0,2
2025-04-06,17:35,401695038,401695038,58,ESPN BET,Philadelphia Phillies,Los Angeles Dodgers,PHI,LAD,105.0,-125.0,close,close,0.0,-1.5,7.5,105.0,-125.0,2
2025-04-06,17:35,401695039,401695039,,,Atlanta Braves,Miami Marlins,ATL,MIA,,,,,,,,,,1
2025-04-06,17:35,401695040,401695040,58,ESPN BET,Pittsburgh Pirates,New York Yankees,PIT,NYY,140.0,-165.0,close,close,0.0,-1.5,8.5,-115.0,-105.0,2
2025-04-06,17:35,401766602,401766602,58,ESPN BET,Boston Red Sox,St. Louis Cardinals,BOS,STL,-120.0,100.0,close,close,0.0,-1.5,8.5,-135.0,115.0,2
2025-04-06,17:40,401695037,401695037,58,ESPN BET,Detroit Tigers,Chicago White Sox,DET,CHW,-185.0,155.0,close,close,0.0,1.5,7.5,-110.0,-110.0,2
2025-04-06,17:40,401695042,401695042,58,ESPN BET,New York Mets,Toronto Blue Jays,NYM,TOR,-150.0,125.0,close,close,0.0,1.5,7.5,115.0,-135.0,2
2025-04-06,18:10,401695043,401695043,58,ESPN BET,Kansas City Royals,Baltimore Orioles,KC,BAL,-110.0,-110.0,close,close,0.0,-1.5,7.5,-120.0,100.0,2
2025-04-06,18:10,401695044,401695044,58,ESPN BET,Milwaukee Brewers,Cincinnati Reds,MIL,CIN,-135.0,115.0,close,close,0.0,1.5,8.5,-115.0,-105.0,2
2025-04-06,18:10,401695045,401695045,58,ESPN BET,Minnesota Twins,Houston Astros,MIN,HOU,-115.0,-105.0,close,close,0.0,-1.5,8.5,-110.0,-110.0,2
2025-04-06,18:20,401695046,401695046,58,ESPN BET,Chicago Cubs,San Diego Padres,CHC,SD,-135.0,115.0,close,close,0.0,1.5,7.5,-105.0,-115.0,2
2025-04-06,18:35,401695047,401695047,58,ESPN BET,Texas Rangers,Tampa Bay Rays,TEX,TB,-105.0,-115.0,close,close,0.0,-1.5,7.5,-125.0,105.0,2
2025-04-06,19:10,401695048,401695048,58,ESPN BET,Colorado Rockies,Athletics,COL,ATH,-120.0,100.0,close,close,0.0,-1.5,10.5,-115.0,-105.0,2
2025-04-06,20:05,401695050,401695050,58,ESPN BET,San Francisco Giants,Seattle Mariners,SF,SEA,-120.0,100.0,close,close,0.0,-1.5,7.5,105.0,-125.0,2
2025-04-06,20:07,401695049,401695049,58,ESPN BET,Los Angeles Angels,Cleveland Guardians,LAA,CLE,-110.0,-110.0,close,close,0.0,-1.5,9.5,-110.0,-110.0,2
2025-04-06,23:00,401695041,401695041,58,ESPN BET,Boston Red Sox,St. Louis Cardinals,BOS,STL,-130.0,110.0,close,close,0.0,1.5,9.5,-105.0,-115.0,2
2025-04-07,19:10,401695053,401695053,58,ESPN BET,Detroit Tigers,New York Yankees,DET,NYY,125.0,-150.0,close,close,0.0,-1.5,8.5,-110.0,-110.0,2
2025-04-07,22:40,401695054,401695054,58,ESPN BET,Pittsburgh Pirates,St. Louis Cardinals,PIT,STL,-105.0,-115.0,close,close,0.0,-1.5,8.5,-105.0,-115.0,2
2025-04-07,22:45,401695051,401695051,58,ESPN BET,Washington Nationals,Los Angeles Dodgers,WSH,LAD,150.0,-180.0,close,close,0.0,-1.5,7.5,-120.0,100.0,2
2025-04-07,22:45,401695055,401695055,58,ESPN BET,Boston Red Sox,Toronto Blue Jays,BOS,TOR,-130.0,110.0,close,close,0.0,1.5,8.5,100.0,-120.0,2
2025-04-07,23:10,401695052,401695052,58,ESPN BET,New York Mets,Miami Marlins,NYM,MIA,-285.0,230.0,close,close,0.0,1.5,7.5,100.0,-120.0,2
2025-04-07,23:40,401695056,401695056,58,ESPN BET,Kansas City Royals,Minnesota Twins,KC,MIN,-115.0,-105.0,close,close,0.0,-1.5,8.5,110.0,-130.0,2
2025-04-07,23:40,401695057,401695057,58,ESPN BET,Chicago Cubs,Texas Rangers,CHC,TEX,-120.0,100.0,close,close,0.0,1.5,6.5,110.0,-130.0,2
2025-04-07,01:40,401695058,401695058,58,ESPN BET,Arizona Diamondbacks,Baltimore Orioles,ARI,BAL,-120.0,100.0,close,close,0.0,1.5,8.5,100.0,-120.0,2
2025-04-07,01:40,401695060,401695060,58,ESPN BET,Seattle Mariners,Houston Astros,SEA,HOU,-165.0,140.0,close,close,0.0,1.5,7.5,120.0,-145.0,2
2025-04-07,01:45,401695059,401695059,58,ESPN BET,San Francisco Giants,Cincinnati Reds,SF,CIN,-155.0,130.0,close,close,0.0,1.5,6.5,-115.0,-105.0,2
2025-04-07,02:05,401764522,401764522,58,ESPN BET,Athletics,San Diego Padres,ATH,SD,130.0,-155.0,close,close,0.0,-1.5,8.5,-105.0,-115.0,2
2025-04-08,17:10,401695066,401695066,58,ESPN BET,Detroit Tigers,New York Yankees,DET,NYY,-175.0,145.0,close,close,0.0,1.5,7.5,-105.0,-115.0,2
2025-04-08,20:10,401695063,401695063,58,ESPN BET,Cleveland Guardians,Chicago White Sox,CLE,CHW,-200.0,165.0,close,close,0.0,1.5,7.5,105.0,-125.0,2
2025-04-08,20:10,401695065,401695065,58,ESPN BET,New York Mets,Miami Marlins,NYM,MIA,-290.0,235.0,close,close,0.0,1.5,7.5,110.0,-130.0,2
2025-04-08,22:40,401695068,401695068,58,ESPN BET,Pittsburgh Pirates,St. Louis Cardinals,PIT,STL,-145.0,120.0,close,close,0.0,1.5,6.5,105.0,-125.0,2
2025-04-08,22:45,401695064,401695064,58,ESPN BET,Washington Nationals,Los Angeles Dodgers,WSH,LAD,160.0,-190.0,close,close,0.0,-1.5,8.5,-110.0,-110.0,2
2025-04-08,22:45,401695069,401695069,58,ESPN BET,Boston Red Sox,Toronto Blue Jays,BOS,TOR,-215.0,180.0,close,close,0.0,1.5,7.5,-115.0,-105.0,2
2025-04-08,23:05,401695077,401695077,58,ESPN BET,Tampa Bay Rays,Los Angeles Angels,TB,LAA,-165.0,140.0,close,close,0.0,1.5,8.5,-110.0,-110.0,2
2025-04-08,23:15,401695067,401695067,58,ESPN BET,Atlanta Braves,Philadelphia Phillies,ATL,PHI,-115.0,-105.0,close,close,0.0,-1.5,6.5,-125.0,105.0,2
2025-04-08,23:40,401695070,401695070,58,ESPN BET,Kansas City Royals,Minnesota Twins,KC,MIN,-120.0,100.0,close,close,0.0,-1.5,7.5,100.0,-120.0,2
2025-04-08,23:40,401695071,401695071,58,ESPN BET,Chicago Cubs,Texas Rangers,CHC,TEX,-160.0,135.0,close,close,0.0,1.5,7.5,-130.0,110.0,2
2025-04-08,00:40,401695072,401695072,58,ESPN BET,Colorado Rockies,Milwaukee Brewers,COL,MIL,140.0,-165.0,close,close,0.0,-1.5,9.5,-105.0,-115.0,2
2025-04-08,01:40,401695073,401695073,58,ESPN BET,Arizona Diamondbacks,Baltimore Orioles,ARI,BAL,-105.0,-115.0,close,close,0.0,-1.5,9.5,-105.0,-115.0,2
2025-04-08,01:40,401695075,401695075,58,ESPN BET,Seattle Mariners,Houston Astros,SEA,HOU,-120.0,100.0,close,close,0.0,1.5,6.5,-130.0,110.0,2
2025-04-08,01:45,401695074,401695074,58,ESPN BET,San Francisco Giants,Cincinnati Reds,SF,CIN,-130.0,110.0,close,close,0.0,1.5,7.5,100.0,-120.0,2
2025-04-08,02:05,401764523,401764523,58,ESPN BET,Athletics,San Diego Padres,ATH,SD,-110.0,-110.0,close,close,0.0,-1.5,8.5,100.0,-120.0,2
2025-04-09,16:35,401695083,401695083,58,ESPN BET,Pittsburgh Pirates,St. Louis Cardinals,PIT,STL,-105.0,-115.0,close,close,0.0,-1.5,7.5,-120.0,100.0,2
2025-04-09,17:10,401695080,401695080,58,ESPN BET,New York Mets,Miami Marlins,NYM,MIA,-225.0,185.0,close,close,0.0,1.5,7.5,120.0,-145.0,2
2025-04-09,17:10,401695081,401695081,58,ESPN BET,Detroit Tigers,New York Yankees,DET,NYY,125.0,-150.0,close,close,0.0,-1.5,6.5,-135.0,115.0,2
2025-04-09,18:20,401695086,401695086,58,ESPN BET,Chicago Cubs,Texas Rangers,CHC,TEX,-175.0,145.0,close,close,0.0,1.5,7.5,-120.0,100.0,2
2025-04-09,19:35,401764524,401764524,58,ESPN BET,Athletics,San Diego Padres,ATH,SD,-145.0,120.0,close,close,0.0,1.5,9.5,-120.0,100.0,2
2025-04-09,19:40,401695088,401695088,58,ESPN BET,Arizona Diamondbacks,Baltimore Orioles,ARI,BAL,-125.0,105.0,close,close,0.0,1.5,8.5,-135.0,115.0,2
2025-04-09,19:45,401695089,401695089,58,ESPN BET,San Francisco Giants,Cincinnati Reds,SF,CIN,-145.0,120.0,close,close,0.0,1.5,7.5,-110.0,-110.0,2
2025-04-09,20:05,401695079,401695079,58,ESPN BET,Washington Nationals,Los Angeles Dodgers,WSH,LAD,165.0,-200.0,close,close,0.0,-1.5,9.5,115.0,-135.0,2
2025-04-09,20:10,401695090,401695090,58,ESPN BET,Seattle Mariners,Houston Astros,SEA,HOU,120.0,-145.0,close,close,0.0,-1.5,7.5,-105.0,-115.0,2
2025-04-09,22:10,401695078,401695078,58,ESPN BET,Cleveland Guardians,Chicago White Sox,CLE,CHW,-175.0,145.0,close,close,0.0,1.5,7.5,-105.0,-115.0,2
2025-04-09,22:45,401695084,401695084,58,ESPN BET,Boston Red Sox,Toronto Blue Jays,BOS,TOR,-130.0,110.0,close,close,0.0,1.5,8.5,100.0,-120.0,2
2025-04-09,23:05,401695092,401695092,58,ESPN BET,Tampa Bay Rays,Los Angeles Angels,TB,LAA,-155.0,130.0,close,close,0.0,1.5,7.5,-120.0,100.0,2
2025-04-09,23:15,401695082,401695082,58,ESPN BET,Atlanta Braves,Philadelphia Phillies,ATL,PHI,-145.0,120.0,close,close,0.0,1.5,8.5,-125.0,105.0,2
2025-04-09,23:40,401695085,401695085,58,ESPN BET,Kansas City Royals,Minnesota Twins,KC,MIN,-110.0,-110.0,close,close,0.0,-1.5,7.5,-120.0,100.0,2
2025-04-09,00:40,401695087,401695087,58,ESPN BET,Colorado Rockies,Milwaukee Brewers,COL,MIL,130.0,-155.0,close,close,0.0,-1.5,10.5,-130.0,110.0,2
2025-04-10,17:10,401695062,401695062,58,ESPN BET,Tampa Bay Rays,Los Angeles Angels,TB,LAA,-115.0,-105.0,close,close,0.0,-1.5,8.5,-110.0,-110.0,2
2025-04-10,17:10,401695093,401695093,58,ESPN BET,Cleveland Guardians,Chicago White Sox,CLE,CHW,-240.0,200.0,close,close,0.0,1.5,7.5,100.0,-120.0,2
2025-04-10,18:10,401695096,401695096,58,ESPN BET,Kansas City Royals,Minnesota Twins,KC,MIN,-120.0,100.0,close,close,0.0,-1.5,8.5,-105.0,-115.0,2
2025-04-10,19:10,401695097,401695097,58,ESPN BET,Colorado Rockies,Milwaukee Brewers,COL,MIL,105.0,-125.0,close,close,0.0,-1.5,10.5,100.0,-120.0,2
2025-04-10,20:10,401695095,401695095,58,ESPN BET,Boston Red Sox,Toronto Blue Jays,BOS,TOR,-135.0,115.0,close,close,0.0,1.5,8.5,100.0,-120.0,2
2025-04-10,23:15,401695094,401695094,58,ESPN BET,Atlanta Braves,Philadelphia Phillies,ATL,PHI,-145.0,120.0,close,close,0.0,1.5,7.5,-110.0,-110.0,2
2025-04-11,22:10,401695099,401695099,58,ESPN BET,Cleveland Guardians,Kansas City Royals,CLE,KC,-125.0,105.0,close,close,0.0,1.5,6.5,-105.0,-115.0,2
2025-04-11,22:40,401695100,401695100,58,ESPN BET,Cincinnati Reds,Pittsburgh Pirates,CIN,PIT,-175.0,145.0,close,close,0.0,1.5,8.5,100.0,-120.0,2
2025-04-11,23:05,401695098,401695098,58,ESPN BET,Tampa Bay Rays,Atlanta Braves,TB,ATL,-145.0,120.0,close,close,0.0,1.5,9.5,115.0,-135.0,2
2025-04-11,23:05,401695101,401695101,58,ESPN BET,New York Yankees,San Francisco Giants,NYY,SF,-145.0,120.0,close,close,0.0,1.5,7.5,-125.0,105.0,2
2025-04-11,23:05,401695102,401695102,,,Baltimore Orioles,Toronto Blue Jays,BAL,TOR,,,,,,,,,,1
2025-04-11,23:10,401695103,401695103,58,ESPN BET,Miami Marlins,Washington Nationals,MIA,WSH,-105.0,-115.0,close,close,0.0,-1.5,8.5,-105.0,-115.0,2
2025-04-11,23:40,401695105,401695105,58,ESPN BET,Chicago White Sox,Boston Red Sox,CHW,BOS,135.0,-160.0,close,close,0.0,-1.5,7.5,-125.0,105.0,2
2025-04-11,00:10,401695104,401695104,58,ESPN BET,Houston Astros,Los Angeles Angels,HOU,LAA,-145.0,120.0,close,close,0.0,1.5,8.5,-120.0,100.0,2
2025-04-11,00:10,401695106,401695106,58,ESPN BET,Minnesota Twins,Detroit Tigers,MIN,DET,-120.0,100.0,close,close,0.0,-1.5,7.5,-125.0,105.0,2
2025-04-11,00:15,401695107,401695107,58,ESPN BET,St. Louis Cardinals,Philadelphia Phillies,STL,PHI,-110.0,-110.0,close,close,0.0,-1.5,7.5,100.0,-120.0,2
2025-04-11,01:40,401695109,401695109,58,ESPN BET,San Diego Padres,Colorado Rockies,SD,COL,-215.0,180.0,close,close,0.0,1.5,7.5,-105.0,-115.0,2
2025-04-11,01:40,401695110,401695110,58,ESPN BET,Arizona Diamondbacks,Milwaukee Brewers,ARI,MIL,-155.0,130.0,close,close,0.0,1.5,9.5,110.0,-130.0,2
2025-04-11,01:40,401695112,401695112,58,ESPN BET,Seattle Mariners,Texas Rangers,SEA,TEX,100.0,-120.0,close,close,0.0,-1.5,6.5,-115.0,-105.0,2
2025-04-11,02:05,401764525,401764525,58,ESPN BET,Athletics,New York Mets,ATH,NYM,105.0,-125.0,close,close,0.0,-1.5,10.5,105.0,-125.0,2
2025-04-11,02:10,401695108,401695108,58,ESPN BET,Los Angeles Dodgers,Chicago Cubs,LAD,CHC,-180.0,150.0,close,close,0.0,1.5,8.5,-105.0,-115.0,2
2025-04-12,18:10,401695121,401695121,58,ESPN BET,Minnesota Twins,Detroit Tigers,MIN,DET,-160.0,135.0,close,close,0.0,1.5,8.5,-105.0,-115.0,2
2025-04-12,18:15,401695122,401695122,58,ESPN BET,St. Louis Cardinals,Philadelphia Phillies,STL,PHI,155.0,-185.0,close,close,0.0,-1.5,7.5,-120.0,100.0,2
2025-04-12,19:05,401695116,401695116,58,ESPN BET,New York Yankees,San Francisco Giants,NYY,SF,-145.0,120.0,close,close,0.0,1.5,7.5,-130.0,110.0,2
2025-04-12,20:05,401695117,401695117,58,ESPN BET,Baltimore Orioles,Toronto Blue Jays,BAL,TOR,-125.0,105.0,close,close,0.0,1.5,8.5,100.0,-120.0,2
2025-04-12,20:05,401764526,401764526,58,ESPN BET,Athletics,New York Mets,ATH,NYM,115.0,-135.0,close,close,0.0,-1.5,8.5,-130.0,110.0,2
2025-04-12,20:10,401695113,401695113,58,ESPN BET,Tampa Bay Rays,Atlanta Braves,TB,ATL,-145.0,120.0,close,close,0.0,1.5,8.5,-120.0,100.0,2
2025-04-12,20:10,401695118,401695118,58,ESPN BET,Miami Marlins,Washington Nationals,MIA,WSH,-145.0,120.0,close,close,0.0,1.5,7.5,-115.0,-105.0,2
2025-04-12,20:10,401695120,401695120,58,ESPN BET,Chicago White Sox,Boston Red Sox,CHW,BOS,135.0,-160.0,close,close,0.0,-1.5,7.5,-115.0,-105.0,2
2025-04-12,22:10,401695114,401695114,58,ESPN BET,Cleveland Guardians,Kansas City Royals,CLE,KC,-135.0,115.0,close,close,0.0,1.5,7.5,-120.0,100.0,2
2025-04-12,22:40,401695115,401695115,58,ESPN BET,Cincinnati Reds,Pittsburgh Pirates,CIN,PIT,-120.0,100.0,close,close,0.0,-1.5,8.5,100.0,-120.0,2
2025-04-12,23:10,401695119,401695119,58,ESPN BET,Houston Astros,Los Angeles Angels,HOU,LAA,-165.0,140.0,close,close,0.0,1.5,8.5,-120.0,100.0,2
2025-04-12,00:10,401695125,401695125,58,ESPN BET,Arizona Diamondbacks,Milwaukee Brewers,ARI,MIL,-180.0,150.0,close,close,0.0,1.5,9.5,105.0,-125.0,2
2025-04-12,00:40,401695124,401695124,58,ESPN BET,San Diego Padres,Colorado Rockies,SD,COL,-175.0,145.0,close,close,0.0,1.5,8.5,105.0,-125.0,2
2025-04-12,01:10,401695123,401695123,58,ESPN BET,Los Angeles Dodgers,Chicago Cubs,LAD,CHC,-185.0,155.0,close,close,0.0,1.5,9.5,105.0,-125.0,2
2025-04-12,01:40,401695127,401695127,58,ESPN BET,Seattle Mariners,Texas Rangers,SEA,TEX,-145.0,120.0,close,close,0.0,1.5,7.5,115.0,-135.0,2
2025-04-13,17:35,401695131,401695131,58,ESPN BET,New York Yankees,San Francisco Giants,NYY,SF,-130.0,110.0,close,close,0.0,1.5,8.5,105.0,-125.0,2
2025-04-13,17:35,401695132,401695132,58,ESPN BET,Baltimore Orioles,Toronto Blue Jays,BAL,TOR,-145.0,120.0,close,close,0.0,1.5,8.5,-105.0,-115.0,2
2025-04-13,17:40,401695128,401695128,58,ESPN BET,Tampa Bay Rays,Atlanta Braves,TB,ATL,140.0,-165.0,close,close,0.0,-1.5,8.5,-105.0,-115.0,2
2025-04-13,17:40,401695129,401695129,58,ESPN BET,Cleveland Guardians,Kansas City Royals,CLE,KC,125.0,-150.0,close,close,0.0,-1.5,6.5,-145.0,120.0,2
2025-04-13,17:40,401695130,401695130,58,ESPN BET,Cincinnati Reds,Pittsburgh Pirates,CIN,PIT,-180.0,150.0,close,close,0.0,1.5,7.5,110.0,-130.0,2
2025-04-13,17:40,401695133,401695133,58,ESPN BET,Miami Marlins,Washington Nationals,MIA,WSH,130.0,-155.0,close,close,0.0,-1.5,8.5,105.0,-125.0,2
2025-04-13,18:10,401695134,401695134,58,ESPN BET,Houston Astros,Los Angeles Angels,HOU,LAA,-160.0,135.0,close,close,0.0,1.5,8.5,-115.0,-105.0,2
2025-04-13,18:10,401695135,401695135,58,ESPN BET,Chicago White Sox,Boston Red Sox,CHW,BOS,205.0,-250.0,close,close,0.0,-1.5,6.5,-145.0,120.0,2
2025-04-13,18:10,401695136,401695136,58,ESPN BET,Minnesota Twins,Detroit Tigers,MIN,DET,-115.0,-105.0,close,close,0.0,-1.5,8.5,-115.0,-105.0,2
2025-04-13,18:15,401695137,401695137,58,ESPN BET,St. Louis Cardinals,Philadelphia Phillies,STL,PHI,140.0,-165.0,close,close,0.0,-1.5,8.5,105.0,-125.0,2
2025-04-13,20:05,401764527,401764527,58,ESPN BET,Athletics,New York Mets,ATH,NYM,125.0,-150.0,close,close,0.0,-1.5,8.5,-115.0,-105.0,2
2025-04-13,20:10,401695139,401695139,58,ESPN BET,San Diego Padres,Colorado Rockies,SD,COL,-250.0,205.0,close,close,0.0,1.5,7.5,110.0,-130.0,2
2025-04-13,20:10,401695140,401695140,58,ESPN BET,Arizona Diamondbacks,Milwaukee Brewers,ARI,MIL,-110.0,-110.0,close,close,0.0,-1.5,8.5,-105.0,-115.0,2
2025-04-13,20:10,401695142,401695142,58,ESPN BET,Seattle Mariners,Texas Rangers,SEA,TEX,-150.0,125.0,close,close,0.0,1.5,6.5,-115.0,-105.0,2
2025-04-13,23:00,401695138,401695138,58,ESPN BET,Los Angeles Dodgers,Chicago Cubs,LAD,CHC,-235.0,195.0,close,close,0.0,1.5,8.5,-125.0,105.0,2
2025-04-14,22:40,401695147,401695147,58,ESPN BET,Pittsburgh Pirates,Washington Nationals,PIT,WSH,-200.0,165.0,close,close,0.0,1.5,7.5,-115.0,-105.0,2
2025-04-14,22:45,401695146,401695146,58,ESPN BET,Philadelphia Phillies,San Francisco Giants,PHI,SF,-115.0,-105.0,close,close,0.0,-1.5,9.5,110.0,-130.0,2
2025-04-14,23:05,401695144,401695144,58,ESPN BET,Tampa Bay Rays,Boston Red Sox,TB,BOS,-120.0,100.0,close,close,0.0,-1.5,8.5,-115.0,-105.0,2
2025-04-14,23:05,401695145,401695145,58,ESPN BET,New York Yankees,Kansas City Royals,NYY,KC,-145.0,120.0,close,close,0.0,1.5,8.5,-135.0,115.0,2
2025-04-14,23:07,401695143,401695143,58,ESPN BET,Toronto Blue Jays,Atlanta Braves,TOR,ATL,-105.0,-115.0,close,close,0.0,-1.5,8.5,-115.0,-105.0,2
2025-04-14,23:40,401695148,401695148,58,ESPN BET,Milwaukee Brewers,Detroit Tigers,MIL,DET,140.0,-165.0,close,close,0.0,-1.5,7.5,-110.0,-120.0,2
2025-04-14,23:40,401695150,401695150,58,ESPN BET,Minnesota Twins,New York Mets,MIN,NYM,-120.0,100.0,close,close,0.0,-1.5,7.5,-115.0,-105.0,2
2025-04-14,23:45,401695149,401695149,58,ESPN BET,St. Louis Cardinals,Houston Astros,STL,HOU,-105.0,-115.0,close,close,0.0,-1.5,7.5,110.0,-130.0,2
2025-04-14,01:40,401695151,401695151,58,ESPN BET,San Diego Padres,Chicago Cubs,SD,CHC,-150.0,125.0,close,close,0.0,1.5,7.5,105.0,-125.0,2
2025-04-14,02:10,401695152,401695152,58,ESPN BET,Los Angeles Dodgers,Colorado Rockies,LAD,COL,-360.0,285.0,close,close,0.0,2.5,8.5,-115.0,-105.0,2
2025-04-15,22:40,401695153,401695153,58,ESPN BET,Miami Marlins,Arizona Diamondbacks,MIA,ARI,140.0,-165.0,close,close,0.0,-1.5,9.5,115.0,-150.0,2
2025-04-15,22:40,401695158,401695158,58,ESPN BET,Cincinnati Reds,Seattle Mariners,CIN,SEA,-110.0,-110.0,close,close,0.0,-1.5,8.5,-120.0,100.0,2
2025-04-15,22:40,401695160,401695160,58,ESPN BET,Pittsburgh Pirates,Washington Nationals,PIT,WSH,-125.0,105.0,close,close,0.0,1.5,8.5,-105.0,-115.0,2
2025-04-15,22:45,401695159,401695159,58,ESPN BET,Philadelphia Phillies,San Francisco Giants,PHI,SF,-165.0,140.0,close,close,0.0,1.5,8.5,105.0,-125.0,2
2025-04-15,23:05,401695155,401695155,58,ESPN BET,Tampa Bay Rays,Boston Red Sox,TB,BOS,-130.0,110.0,close,close,0.0,1.5,8.5,-120.0,100.0,2
2025-04-15,23:05,401695156,401695156,58,ESPN BET,Baltimore Orioles,Cleveland Guardians,BAL,CLE,-155.0,130.0,close,close,0.0,1.5,8.5,-125.0,105.0,2
2025-04-15,23:05,401695157,401695157,58,ESPN BET,New York Yankees,Kansas City Royals,NYY,KC,-250.0,205.0,close,close,0.0,1.5,8.5,-115.0,-105.0,2
2025-04-15,23:07,401695154,401695154,58,ESPN BET,Toronto Blue Jays,Atlanta Braves,TOR,ATL,100.0,-120.0,close,close,0.0,-1.5,7.5,-110.0,-120.0,2
2025-04-15,23:40,401695162,401695162,58,ESPN BET,Milwaukee Brewers,Detroit Tigers,MIL,DET,-110.0,-110.0,close,close,0.0,-1.5,8.5,-105.0,-115.0,2
2025-04-15,23:40,401695164,401695164,58,ESPN BET,Minnesota Twins,New York Mets,MIN,NYM,-110.0,-110.0,close,close,0.0,-1.5,7.5,-115.0,-105.0,2
2025-04-15,23:40,401695165,401695165,58,ESPN BET,Chicago White Sox,Athletics,CHW,ATH,135.0,-160.0,close,close,0.0,-1.5,7.5,-120.0,100.0,2
2025-04-15,23:45,401695163,401695163,58,ESPN BET,St. Louis Cardinals,Houston Astros,STL,HOU,120.0,-145.0,close,close,0.0,-1.5,7.5,-105.0,-115.0,2
2025-04-15,00:05,401695161,401695161,58,ESPN BET,Texas Rangers,Los Angeles Angels,TEX,LAA,-145.0,120.0,close,close,0.0,1.5,8.5,-135.0,115.0,2
2025-04-15,01:40,401695166,401695166,58,ESPN BET,San Diego Padres,Chicago Cubs,SD,CHC,120.0,-150.0,close,close,0.0,-1.5,8.5,-105.0,-115.0,2
2025-04-15,02:10,401695167,401695167,58,ESPN BET,Los Angeles Dodgers,Colorado Rockies,LAD,COL,-310.0,250.0,close,close,0.0,2.5,8.5,-105.0,-115.0,2
2025-04-16,17:07,401695169,401695169,58,ESPN BET,Toronto Blue Jays,Atlanta Braves,TOR,ATL,105.0,-125.0,close,close,0.0,-1.5,7.5,115.0,-135.0,2
2025-04-16,17:10,401695177,401695177,58,ESPN BET,Milwaukee Brewers,Detroit Tigers,MIL,DET,-150.0,125.0,close,close,0.0,1.5,8.5,100.0,-120.0,2
2025-04-16,17:10,401695179,401695179,58,ESPN BET,Minnesota Twins,New York Mets,MIN,NYM,-120.0,100.0,close,close,0.0,-1.5,8.5,105.0,-125.0,2
2025-04-16,17:15,401695178,401695178,58,ESPN BET,St. Louis Cardinals,Houston Astros,STL,HOU,-110.0,-110.0,close,close,0.0,-1.5,8.5,105.0,-125.0,2
2025-04-16,20:10,401695181,401695181,58,ESPN BET,San Diego Padres,Chicago Cubs,SD,CHC,-110.0,-110.0,close,close,0.0,-1.5,7.5,-115.0,-105.0,2
2025-04-16,22:35,401695171,401695171,58,ESPN BET,Baltimore Orioles,Cleveland Guardians,BAL,CLE,-135.0,115.0,close,close,0.0,1.5,7.5,-120.0,100.0,2
2025-04-16,22:40,401695168,401695168,58,ESPN BET,Miami Marlins,Arizona Diamondbacks,MIA,ARI,125.0,-150.0,close,close,0.0,-1.5,8.5,-110.0,-110.0,2
2025-04-16,22:40,401695173,401695173,58,ESPN BET,Cincinnati Reds,Seattle Mariners,CIN,SEA,-110.0,-110.0,close,close,0.0,-1.5,8.5,-120.0,100.0,2
2025-04-16,22:40,401695175,401695175,58,ESPN BET,Pittsburgh Pirates,Washington Nationals,PIT,WSH,-115.0,-105.0,close,close,0.0,-1.5,8.5,100.0,-120.0,2
2025-04-16,22:45,401695174,401695174,58,ESPN BET,Philadelphia Phillies,San Francisco Giants,PHI,SF,-145.0,120.0,close,close,0.0,1.5,8.5,100.0,-120.0,2
2025-04-16,23:05,401695170,401695170,58,ESPN BET,Tampa Bay Rays,Boston Red Sox,TB,BOS,-130.0,110.0,close,close,0.0,1.5,8.5,-135.0,115.0,2
2025-04-16,23:05,401695172,401695172,58,ESPN BET,New York Yankees,Kansas City Royals,NYY,KC,-155.0,130.0,close,close,0.0,1.5,7.5,-120.0,100.0,2
2025-04-16,23:40,401695180,401695180,58,ESPN BET,Chicago White Sox,Athletics,CHW,ATH,135.0,-160.0,close,close,0.0,-1.5,7.5,-110.0,-110.0,2
2025-04-16,00:05,401695176,401695176,58,ESPN BET,Texas Rangers,Los Angeles Angels,TEX,LAA,115.0,-135.0,close,close,0.0,-1.5,9.5,-105.0,-115.0,2
2025-04-16,02:10,401695182,401695182,58,ESPN BET,Los Angeles Dodgers,Colorado Rockies,LAD,COL,-325.0,260.0,close,close,0.0,2.5,8.5,-130.0,110.0,2
2025-04-17,16:10,401695183,401695183,58,ESPN BET,Miami Marlins,Arizona Diamondbacks,MIA,ARI,125.0,-150.0,close,close,0.0,-1.5,8.5,-105.0,-115.0,2
2025-04-17,16:35,401695190,401695190,58,ESPN BET,Pittsburgh Pirates,Washington Nationals,PIT,WSH,-150.0,125.0,close,close,0.0,1.5,7.5,-125.0,105.0,2
2025-04-17,16:40,401695187,401695187,58,ESPN BET,Cincinnati Reds,Seattle Mariners,CIN,SEA,-125.0,105.0,close,close,0.0,1.5,8.5,-120.0,100.0,2
2025-04-17,18:10,401695192,401695192,58,ESPN BET,Chicago White Sox,Athletics,CHW,ATH,115.0,-135.0,close,close,0.0,-1.5,7.5,-125.0,105.0,2
2025-04-17,20:05,401695188,401695188,58,ESPN BET,Philadelphia Phillies,San Francisco Giants,PHI,SF,-200.0,165.0,close,close,0.0,1.5,7.5,-120.0,100.0,2
2025-04-17,22:35,401695184,401695184,58,ESPN BET,Baltimore Orioles,Cleveland Guardians,BAL,CLE,-130.0,110.0,close,close,0.0,1.5,8.5,105.0,-125.0,2
2025-04-17,22:40,401695185,401695185,58,ESPN BET,Detroit Tigers,Kansas City Royals,DET,KC,-160.0,135.0,close,close,0.0,1.5,7.5,-110.0,-110.0,2
2025-04-17,23:05,401695186,401695186,58,ESPN BET,Tampa Bay Rays,New York Yankees,TB,NYY,-120.0,100.0,close,close,0.0,-1.5,9.5,100.0,-120.0,2
2025-04-17,23:10,401695189,401695189,58,ESPN BET,New York Mets,St. Louis Cardinals,NYM,STL,-140.0,120.0,close,close,0.0,1.5,7.5,-120.0,100.0,2
2025-04-17,00:05,401695191,401695191,58,ESPN BET,Texas Rangers,Los Angeles Angels,TEX,LAA,-155.0,130.0,close,close,0.0,1.5,9.5,105.0,-125.0,2
2025-04-18,18:20,401695202,401695202,58,ESPN BET,Chicago Cubs,Arizona Diamondbacks,CHC,ARI,-110.0,-110.0,close,close,0.0,-1.5,11.5,100.0,-120.0,2
2025-04-18,22:40,401695195,401695195,58,ESPN BET,Pittsburgh Pirates,Cleveland Guardians,PIT,CLE,105.0,-125.0,close,close,0.0,-1.5,8.5,-125.0,105.0,2
2025-04-18,22:40,401695196,401695196,58,ESPN BET,Detroit Tigers,Kansas City Royals,DET,KC,125.0,-150.0,close,close,0.0,-1.5,7.5,-115.0,-105.0,2
2025-04-18,22:45,401695197,401695197,58,ESPN BET,Philadelphia Phillies,Miami Marlins,PHI,MIA,-235.0,195.0,close,close,0.0,1.5,8.5,105.0,-125.0,2
2025-04-18,23:05,401695194,401695194,58,ESPN BET,Baltimore Orioles,Cincinnati Reds,BAL,CIN,-165.0,140.0,close,close,0.0,1.5,9.5,105.0,-125.0,2
2025-04-18,23:05,401695199,401695199,58,ESPN BET,Tampa Bay Rays,New York Yankees,TB,NYY,100.0,-120.0,close,close,0.0,-1.5,7.5,-120.0,100.0,2
2025-04-18,23:07,401695200,401695200,58,ESPN BET,Toronto Blue Jays,Seattle Mariners,TOR,SEA,-120.0,100.0,close,close,0.0,-1.5,8.5,-105.0,-115.0,2
2025-04-18,23:10,401695193,401695193,58,ESPN BET,Boston Red Sox,Chicago White Sox,BOS,CHW,-235.0,195.0,close,close,0.0,1.5,9.5,-105.0,-115.0,2
2025-04-18,23:10,401695201,401695201,58,ESPN BET,New York Mets,St. Louis Cardinals,NYM,STL,-190.0,160.0,close,close,0.0,1.5,8.5,105.0,-125.0,2
2025-04-18,23:15,401695198,401695198,58,ESPN BET,Atlanta Braves,Minnesota Twins,ATL,MIN,-155.0,130.0,close,close,0.0,1.5,8.5,100.0,-120.0,2
2025-04-18,00:05,401695203,401695203,58,ESPN BET,Texas Rangers,Los Angeles Dodgers,TEX,LAD,105.0,-125.0,close,close,0.0,-1.5,7.5,100.0,-120.0,2
2025-04-18,00:10,401695204,401695204,58,ESPN BET,Milwaukee Brewers,Athletics,MIL,ATH,-190.0,160.0,close,close,0.0,1.5,7.5,-120.0,100.0,2
2025-04-18,00:10,401695205,401695205,58,ESPN BET,Houston Astros,San Diego Padres,HOU,SD,-175.0,145.0,close,close,0.0,1.5,8.5,-125.0,105.0,2
2025-04-18,00:40,401695206,401695206,,,Colorado Rockies,Washington Nationals,COL,WSH,,,,,,,,,,0
2025-04-18,01:38,401695207,401695207,58,ESPN BET,Los Angeles Angels,San Francisco Giants,LAA,SF,120.0,-145.0,close,close,0.0,-1.5,7.5,-125.0,105.0,2
2025-04-19,17:05,401695212,401695212,58,ESPN BET,Philadelphia Phillies,Miami Marlins,PHI,MIA,-225.0,185.0,close,close,0.0,1.5,10.5,-110.0,-110.0,2
2025-04-19,17:10,401695211,401695211,58,ESPN BET,Detroit Tigers,Kansas City Royals,DET,KC,-135.0,115.0,close,close,0.0,1.5,7.5,-120.0,100.0,2
2025-04-19,18:20,401695217,401695217,58,ESPN BET,Chicago Cubs,Arizona Diamondbacks,CHC,ARI,-130.0,110.0,close,close,0.0,1.5,7.5,-110.0,-110.0,2
2025-04-19,19:07,401695215,401695215,58,ESPN BET,Toronto Blue Jays,Seattle Mariners,TOR,SEA,-110.0,-110.0,close,close,0.0,-1.5,7.5,-105.0,-115.0,2
2025-04-19,20:05,401695209,401695209,58,ESPN BET,Baltimore Orioles,Cincinnati Reds,BAL,CIN,-125.0,105.0,close,close,0.0,-1.5,8.5,-135.0,115.0,2
2025-04-19,20:05,401695210,401695210,58,ESPN BET,Pittsburgh Pirates,Cleveland Guardians,PIT,CLE,-175.0,145.0,close,close,0.0,1.5,8.5,-110.0,-110.0,2
2025-04-19,20:05,401695216,401695216,58,ESPN BET,New York Mets,St. Louis Cardinals,NYM,STL,-210.0,175.0,close,close,0.0,1.5,8.5,-135.0,115.0,2
2025-04-19,20:05,401695218,401695218,58,ESPN BET,Texas Rangers,Los Angeles Dodgers,TEX,LAD,-120.0,100.0,close,close,0.0,-1.5,8.5,-105.0,-115.0,2
2025-04-19,20:10,401695208,401695208,58,ESPN BET,Boston Red Sox,Chicago White Sox,BOS,CHW,-340.0,270.0,close,close,0.0,2.5,9.5,-110.0,-110.0,2
2025-04-19,20:10,401695214,401695214,58,ESPN BET,Tampa Bay Rays,New York Yankees,TB,NYY,-110.0,-110.0,close,close,0.0,1.5,8.5,105.0,-125.0,2
2025-04-19,20:10,401695221,401695221,58,ESPN BET,Colorado Rockies,Washington Nationals,COL,WSH,120.0,-145.0,close,close,0.0,-1.5,9.5,-105.0,-115.0,2
2025-04-19,23:10,401695219,401695219,58,ESPN BET,Milwaukee Brewers,Athletics,MIL,ATH,-135.0,115.0,close,close,0.0,1.5,8.5,-120.0,100.0,2
2025-04-19,23:10,401695220,401695220,58,ESPN BET,Houston Astros,San Diego Padres,HOU,SD,100.0,-120.0,close,close,0.0,-1.5,7.5,-120.0,100.0,2
2025-04-19,23:15,401695213,401695213,58,ESPN BET,Atlanta Braves,Minnesota Twins,ATL,MIN,-240.0,200.0,close,close,0.0,1.5,7.5,-115.0,-105.0,2
2025-04-19,01:38,401695222,401695222,58,ESPN BET,Los Angeles Angels,San Francisco Giants,LAA,SF,120.0,-145.0,close,close,0.0,-1.5,8.5,-120.0,100.0,2
2025-04-20,17:35,401695223,401695223,58,ESPN BET,Boston Red Sox,Chicago White Sox,BOS,CHW,-285.0,230.0,close,close,0.0,2.5,9.5,-110.0,-110.0,2
2025-04-20,17:35,401695224,401695224,58,ESPN BET,Baltimore Orioles,Cincinnati Reds,BAL,CIN,-205.0,170.0,close,close,0.0,1.5,8.5,-135.0,115.0,2
2025-04-20,17:35,401695225,401695225,58,ESPN BET,Pittsburgh Pirates,Cleveland Guardians,PIT,CLE,-120.0,100.0,close,close,0.0,-1.5,8.5,105.0,-125.0,2
2025-04-20,17:35,401695227,401695227,58,ESPN BET,Philadelphia Phillies,Miami Marlins,PHI,MIA,-310.0,250.0,close,close,0.0,2.5,7.5,-130.0,110.0,2
2025-04-20,17:35,401695228,401695228,58,ESPN BET,Atlanta Braves,Minnesota Twins,ATL,MIN,-120.0,100.0,close,close,0.0,-1.5,7.5,-105.0,-115.0,2
2025-04-20,17:37,401695230,401695230,58,ESPN BET,Toronto Blue Jays,Seattle Mariners,TOR,SEA,-115.0,-105.0,close,close,0.0,-1.5,8.5,-120.0,100.0,2
2025-04-20,17:40,401695226,401695226,58,ESPN BET,Detroit Tigers,Kansas City Royals,DET,KC,-225.0,185.0,close,close,0.0,1.5,6.5,-135.0,115.0,2
2025-04-20,17:40,401695229,401695229,58,ESPN BET,Tampa Bay Rays,New York Yankees,TB,NYY,145.0,-175.0,close,close,0.0,-1.5,7.5,-130.0,110.0,2
2025-04-20,17:40,401695231,401695231,58,ESPN BET,New York Mets,St. Louis Cardinals,NYM,STL,-135.0,115.0,close,close,0.0,1.5,6.5,-135.0,115.0,2
2025-04-20,18:10,401695234,401695234,58,ESPN BET,Milwaukee Brewers,Athletics,MIL,ATH,-125.0,105.0,close,close,0.0,1.5,8.5,100.0,-120.0,2
2025-04-20,18:20,401695232,401695232,58,ESPN BET,Chicago Cubs,Arizona Diamondbacks,CHC,ARI,-145.0,120.0,close,close,0.0,1.5,7.5,105.0,-125.0,2
2025-04-20,18:35,401695233,401695233,58,ESPN BET,Texas Rangers,Los Angeles Dodgers,TEX,LAD,120.0,-145.0,close,close,0.0,-1.5,8.5,-115.0,-105.0,2
2025-04-20,19:10,401695236,401695236,58,ESPN BET,Colorado Rockies,Washington Nationals,COL,WSH,-120.0,100.0,close,close,0.0,-1.5,10.5,100.0,-120.0,2
2025-04-20,20:07,401695237,401695237,58,ESPN BET,Los Angeles Angels,San Francisco Giants,LAA,SF,-120.0,100.0,close,close,0.0,-1.5,8.5,-120.0,100.0,2
2025-04-20,23:00,401695235,401695235,58,ESPN BET,Houston Astros,San Diego Padres,HOU,SD,-115.0,-105.0,close,close,0.0,-1.5,7.5,100.0,-120.0,2
2025-04-20,00:10,401768543,401768543,58,ESPN BET,Colorado Rockies,Washington Nationals,COL,WSH,100.0,-120.0,close,close,0.0,-1.5,11.5,110.0,-130.0,2
2025-04-21,15:10,401695238,401695238,58,ESPN BET,Boston Red Sox,Chicago White Sox,BOS,CHW,-300.0,240.0,close,close,0.0,2.5,9.5,105.0,-125.0,2
2025-04-21,22:10,401695240,401695240,58,ESPN BET,Cleveland Guardians,New York Yankees,CLE,NYY,100.0,-120.0,close,close,0.0,-1.5,8.5,-110.0,-110.0,2
2025-04-21,22:40,401695239,401695239,58,ESPN BET,Miami Marlins,Cincinnati Reds,MIA,CIN,100.0,-120.0,close,close,0.0,-1.5,8.5,110.0,-130.0,2
2025-04-21,22:40,401695242,401695242,58,ESPN BET,Detroit Tigers,San Diego Padres,DET,SD,-145.0,120.0,close,close,0.0,1.5,8.5,-105.0,-115.0,2
2025-04-21,23:10,401695241,401695241,58,ESPN BET,New York Mets,Philadelphia Phillies,NYM,PHI,-130.0,110.0,close,close,0.0,1.5,7.5,-120.0,100.0,2
2025-04-21,23:15,401695243,401695243,58,ESPN BET,Atlanta Braves,St. Louis Cardinals,ATL,STL,-215.0,180.0,close,close,0.0,1.5,8.5,-110.0,-110.0,2
2025-04-21,00:10,401695244,401695244,58,ESPN BET,Houston Astros,Toronto Blue Jays,HOU,TOR,-150.0,125.0,close,close,0.0,1.5,7.5,-105.0,-115.0,2
2025-04-21,01:45,401695245,401695245,58,ESPN BET,San Francisco Giants,Milwaukee Brewers,SF,MIL,-135.0,115.0,close,close,0.0,1.5,7.5,-120.0,100.0,2
2025-04-22,22:10,401695248,401695248,58,ESPN BET,Cleveland Guardians,New York Yankees,CLE,NYY,-115.0,-105.0,close,close,0.0,-1.5,8.5,-110.0,-110.0,2
2025-04-22,22:40,401695247,401695247,58,ESPN BET,Miami Marlins,Cincinnati Reds,MIA,CIN,-105.0,-115.0,close,close,0.0,-1.5,8.5,-120.0,100.0,2
2025-04-22,22:40,401695250,401695250,58,ESPN BET,Detroit Tigers,San Diego Padres,DET,SD,-145.0,120.0,close,close,0.0,1.5,7.5,110.0,-130.0,2
2025-04-22,22:45,401695246,401695246,58,ESPN BET,Washington Nationals,Baltimore Orioles,WSH,BAL,110.0,-130.0,close,close,0.0,-1.5,8.5,-125.0,105.0,2
2025-04-22,22:45,401695251,401695251,58,ESPN BET,Boston Red Sox,Seattle Mariners,BOS,SEA,-125.0,105.0,close,close,0.0,-1.5,9.5,105.0,-125.0,2
2025-04-22,23:10,401695249,401695249,58,ESPN BET,New York Mets,Philadelphia Phillies,NYM,PHI,110.0,-130.0,close,close,0.0,-1.5,7.5,-120.0,100.0,2
2025-04-22,23:15,401695252,401695252,58,ESPN BET,Atlanta Braves,St. Louis Cardinals,ATL,STL,-145.0,120.0,close,close,0.0,1.5,8.5,-130.0,110.0,2
2025-04-22,23:40,401695253,401695253,58,ESPN BET,Minnesota Twins,Chicago White Sox,MIN,CHW,-250.0,205.0,close,close,0.0,1.5,8.5,-115.0,-105.0,2
2025-04-22,23:40,401695254,401695254,58,ESPN BET,Kansas City Royals,Colorado Rockies,KC,COL,-255.0,210.0,close,close,0.0,1.5,8.5,105.0,-125.0,2
2025-04-22,23:40,401695255,401695255,58,ESPN BET,Chicago Cubs,Los Angeles Dodgers,CHC,LAD,-105.0,-115.0,close,close,0.0,-1.5,8.5,-125.0,105.0,2
2025-04-22,00:10,401695256,401695256,58,ESPN BET,Houston Astros,Toronto Blue Jays,HOU,TOR,-105.0,-115.0,close,close,0.0,-1.5,8.5,110.0,-130.0,2
2025-04-22,01:38,401695258,401695258,58,ESPN BET,Los Angeles Angels,Pittsburgh Pirates,LAA,PIT,-190.0,160.0,close,close,0.0,1.5,8.5,-110.0,-110.0,2
2025-04-22,01:40,401695259,401695259,58,ESPN BET,Arizona Diamondbacks,Tampa Bay Rays,ARI,TB,-185.0,155.0,close,close,0.0,1.5,9.5,110.0,-130.0,2
2025-04-22,01:45,401695257,401695257,58,ESPN BET,San Francisco Giants,Milwaukee Brewers,SF,MIL,-150.0,125.0,close,close,0.0,1.5,7.5,-125.0,105.0,2
2025-04-22,02:05,401764528,401764528,58,ESPN BET,Athletics,Texas Rangers,ATH,TEX,-115.0,-105.0,close,close,0.0,-1.5,10.5,105.0,-125.0,2
2025-04-23,16:15,401695267,401695267,58,ESPN BET,Atlanta Braves,St. Louis Cardinals,ATL,STL,-160.0,135.0,close,close,0.0,1.5,9.5,105.0,-125.0,2
2025-04-23,17:10,401695262,401695262,58,ESPN BET,Miami Marlins,Cincinnati Reds,MIA,CIN,-105.0,-115.0,close,close,0.0,-1.5,8.5,105.0,-125.0,2
2025-04-23,17:10,401695263,401695263,58,ESPN BET,Cleveland Guardians,New York Yankees,CLE,NYY,140.0,-165.0,close,close,0.0,-1.5,8.5,100.0,-120.0,2
2025-04-23,17:10,401695264,401695264,58,ESPN BET,New York Mets,Philadelphia Phillies,NYM,PHI,100.0,-120.0,close,close,0.0,-1.5,7.5,100.0,-120.0,2
2025-04-23,17:10,401695265,401695265,58,ESPN BET,Detroit Tigers,San Diego Padres,DET,SD,-165.0,140.0,close,close,0.0,1.5,8.5,100.0,-120.0,2
2025-04-23,22:45,401695261,401695261,58,ESPN BET,Washington Nationals,Baltimore Orioles,WSH,BAL,120.0,-145.0,close,close,0.0,-1.5,9.5,-105.0,-115.0,2
2025-04-23,22:45,401695266,401695266,58,ESPN BET,Boston Red Sox,Seattle Mariners,BOS,SEA,-145.0,120.0,close,close,0.0,1.5,9.5,-115.0,-105.0,2
2025-04-23,23:00,401695270,401695270,58,ESPN BET,Chicago Cubs,Los Angeles Dodgers,CHC,LAD,-135.0,115.0,close,close,0.0,1.5,8.5,-125.0,105.0,2
2025-04-23,23:40,401695268,401695268,58,ESPN BET,Minnesota Twins,Chicago White Sox,MIN,CHW,-275.0,225.0,close,close,0.0,1.5,8.5,-115.0,-105.0,2
2025-04-23,23:40,401695269,401695269,,,Kansas City Royals,Colorado Rockies,KC,COL,,,,,,,,,,0
2025-04-23,23:40,401695271,401695271,58,ESPN BET,Houston Astros,Toronto Blue Jays,HOU,TOR,-120.0,100.0,close,close,0.0,-1.5,8.5,-105.0,-115.0,2
2025-04-23,01:38,401695273,401695273,58,ESPN BET,Los Angeles Angels,Pittsburgh Pirates,LAA,PIT,-130.0,110.0,close,close,0.0,1.5,8.5,-120.0,100.0,2
2025-04-23,01:40,401695274,401695274,58,ESPN BET,Arizona Diamondbacks,Tampa Bay Rays,ARI,TB,-165.0,140.0,close,close,0.0,1.5,8.5,-130.0,110.0,2
2025-04-23,01:45,401695272,401695272,58,ESPN BET,San Francisco Giants,Milwaukee Brewers,SF,MIL,-145.0,120.0,close,close,0.0,1.5,6.5,-110.0,-110.0,2
2025-04-23,02:05,401764529,401764529,58,ESPN BET,Athletics,Texas Rangers,ATH,TEX,-115.0,-105.0,close,close,0.0,-1.5,9.5,-120.0,100.0,2
2025-04-24,17:10,401695278,401695278,58,ESPN BET,Minnesota Twins,Chicago White Sox,MIN,CHW,-225.0,185.0,close,close,0.0,1.5,7.5,-105.0,-115.0,2
2025-04-24,17:35,401695277,401695277,58,ESPN BET,Boston Red Sox,Seattle Mariners,BOS,SEA,-180.0,150.0,close,close,0.0,1.5,7.5,-125.0,105.0,2
2025-04-24,18:10,401695279,401695279,58,ESPN BET,Kansas City Royals,Colorado Rockies,KC,COL,-300.0,240.0,close,close,0.0,2.5,7.5,-135.0,115.0,2
2025-04-24,19:45,401695280,401695280,58,ESPN BET,San Francisco Giants,Milwaukee Brewers,SF,MIL,-160.0,135.0,close,close,0.0,1.5,7.5,105.0,-125.0,2
2025-04-24,21:25,401769126,401769126,58,ESPN BET,Kansas City Royals,Colorado Rockies,KC,COL,-185.0,155.0,close,close,0.0,1.5,8.5,-125.0,105.0,2
2025-04-24,22:45,401695276,401695276,58,ESPN BET,Washington Nationals,Baltimore Orioles,WSH,BAL,-115.0,-105.0,close,close,0.0,-1.5,8.5,-120.0,100.0,2
2025-04-24,01:29,401695281,401695281,58,ESPN BET,Los Angeles Angels,Pittsburgh Pirates,LAA,PIT,-165.0,140.0,close,close,0.0,1.5,9.5,110.0,-130.0,2
2025-04-24,01:40,401695282,401695282,58,ESPN BET,Arizona Diamondbacks,Tampa Bay Rays,ARI,TB,-125.0,105.0,close,close,0.0,1.5,8.5,-105.0,-115.0,2
2025-04-24,02:05,401764530,401764530,58,ESPN BET,Athletics,Texas Rangers,ATH,TEX,125.0,-150.0,close,close,0.0,-1.5,8.5,-115.0,-105.0,2
2025-04-25,18:20,401695291,401695291,58,ESPN BET,Chicago Cubs,Philadelphia Phillies,CHC,PHI,-160.0,135.0,close,close,0.0,1.5,8.5,105.0,-125.0,2
2025-04-25,22:40,401695284,401695284,,,Detroit Tigers,Baltimore Orioles,DET,BAL,,,,,,,,,,1
2025-04-25,22:45,401695286,401695286,58,ESPN BET,Washington Nationals,New York Mets,WSH,NYM,155.0,-185.0,close,close,0.0,-1.5,9.5,100.0,-120.0,2
2025-04-25,23:05,401695287,401695287,58,ESPN BET,New York Yankees,Toronto Blue Jays,NYY,TOR,-150.0,125.0,close,close,0.0,1.5,9.5,110.0,-130.0,2
2025-04-25,23:10,401695285,401695285,,,Cleveland Guardians,Boston Red Sox,CLE,BOS,,,,,,,,,,0
2025-04-25,23:40,401695288,401695288,58,ESPN BET,Minnesota Twins,Los Angeles Angels,MIN,LAA,-185.0,155.0,close,close,0.0,1.5,7.5,-125.0,105.0,2
2025-04-25,23:40,401695289,401695289,58,ESPN BET,Kansas City Royals,Houston Astros,KC,HOU,100.0,-120.0,close,close,0.0,-1.5,7.5,-120.0,100.0,2
2025-04-25,00:15,401695290,401695290,58,ESPN BET,St. Louis Cardinals,Milwaukee Brewers,STL,MIL,-135.0,115.0,close,close,0.0,1.5,7.5,-125.0,105.0,2
2025-04-25,00:40,401695292,401695292,58,ESPN BET,Colorado Rockies,Cincinnati Reds,COL,CIN,120.0,-145.0,close,close,0.0,-1.5,9.5,105.0,-125.0,2
2025-04-25,01:40,401695293,401695293,58,ESPN BET,Arizona Diamondbacks,Atlanta Braves,ARI,ATL,105.0,-125.0,close,close,0.0,-1.5,8.5,-110.0,-110.0,2
2025-04-25,01:40,401695295,401695295,58,ESPN BET,Seattle Mariners,Miami Marlins,SEA,MIA,-310.0,250.0,close,close,0.0,1.5,7.5,-105.0,-115.0,2
2025-04-25,01:40,401695297,401695297,58,ESPN BET,San Diego Padres,Tampa Bay Rays,SD,TB,-160.0,135.0,close,close,0.0,1.5,6.5,-125.0,105.0,2
2025-04-25,02:05,401764531,401764531,58,ESPN BET,Athletics,Chicago White Sox,ATH,CHW,-240.0,200.0,close,close,0.0,1.5,9.5,-110.0,-110.0,2
2025-04-25,02:10,401695296,401695296,58,ESPN BET,Los Angeles Dodgers,Pittsburgh Pirates,LAD,PIT,-225.0,185.0,close,close,0.0,1.5,6.5,-130.0,110.0,2
2025-04-25,02:15,401695298,401695298,58,ESPN BET,San Francisco Giants,Texas Rangers,SF,TEX,-130.0,110.0,close,close,0.0,1.5,7.5,100.0,-120.0,2
2025-04-26,17:05,401695302,401695302,,,New York Yankees,Toronto Blue Jays,NYY,TOR,,,,,,,,,,1
2025-04-26,17:10,401695299,401695299,58,ESPN BET,Detroit Tigers,Baltimore Orioles,DET,BAL,-145.0,120.0,close,close,0.0,1.5,8.5,-120.0,100.0,2
2025-04-26,17:10,401769299,401769299,58,ESPN BET,Cleveland Guardians,Boston Red Sox,CLE,BOS,-105.0,-115.0,close,close,0.0,-1.5,7.5,-110.0,-110.0,2
2025-04-26,18:10,401695303,401695303,58,ESPN BET,Minnesota Twins,Los Angeles Angels,MIN,LAA,-135.0,115.0,close,close,0.0,1.5,7.5,-130.0,110.0,2
2025-04-26,18:15,401695305,401695305,58,ESPN BET,St. Louis Cardinals,Milwaukee Brewers,STL,MIL,-150.0,125.0,close,close,0.0,1.5,7.5,105.0,-125.0,2
2025-04-26,19:10,401695307,401695307,58,ESPN BET,Colorado Rockies,Cincinnati Reds,COL,CIN,175.0,-210.0,close,close,0.0,-2.5,10.5,-110.0,-110.0,2
2025-04-26,20:05,401695306,401695306,58,ESPN BET,Chicago Cubs,Philadelphia Phillies,CHC,PHI,-105.0,-115.0,close,close,0.0,-1.5,6.5,-130.0,110.0,2
2025-04-26,20:05,401695313,401695313,58,ESPN BET,San Francisco Giants,Texas Rangers,SF,TEX,-145.0,120.0,close,close,0.0,1.5,7.5,-120.0,100.0,2
2025-04-26,20:05,401764532,401764532,58,ESPN BET,Athletics,Chicago White Sox,ATH,CHW,-235.0,195.0,close,close,0.0,1.5,9.5,100.0,-120.0,2
2025-04-26,20:30,401695301,401695301,58,ESPN BET,Washington Nationals,New York Mets,WSH,NYM,160.0,-190.0,close,close,0.0,-1.5,9.5,100.0,-120.0,2
2025-04-26,22:10,401695300,401695300,58,ESPN BET,Cleveland Guardians,Boston Red Sox,CLE,BOS,105.0,-125.0,close,close,0.0,-1.5,7.5,-120.0,100.0,2
2025-04-26,22:10,401769298,401769298,58,ESPN BET,Detroit Tigers,Baltimore Orioles,DET,BAL,105.0,-125.0,close,close,0.0,-1.5,8.5,-125.0,105.0,2
2025-04-26,23:10,401695304,401695304,58,ESPN BET,Kansas City Royals,Houston Astros,KC,HOU,130.0,-155.0,close,close,0.0,-1.5,8.5,105.0,-125.0,2
2025-04-26,00:10,401695308,401695308,58,ESPN BET,Arizona Diamondbacks,Atlanta Braves,ARI,ATL,-125.0,105.0,close,close,0.0,1.5,9.5,110.0,-130.0,2
2025-04-26,00:40,401695312,401695312,58,ESPN BET,San Diego Padres,Tampa Bay Rays,SD,TB,-130.0,110.0,close,close,0.0,1.5,6.5,-145.0,120.0,2
2025-04-26,01:10,401695311,401695311,58,ESPN BET,Los Angeles Dodgers,Pittsburgh Pirates,LAD,PIT,-265.0,215.0,close,close,0.0,1.5,8.5,-125.0,105.0,2
2025-04-26,01:40,401695310,401695310,58,ESPN BET,Seattle Mariners,Miami Marlins,SEA,MIA,-235.0,195.0,close,close,0.0,1.5,7.5,-120.0,100.0,2
2025-04-27,17:35,401695316,401695316,58,ESPN BET,Washington Nationals,New York Mets,WSH,NYM,130.0,-155.0,close,close,0.0,-1.5,8.5,-105.0,-115.0,2
2025-04-27,17:35,401695317,401695317,58,ESPN BET,New York Yankees,Toronto Blue Jays,NYY,TOR,-205.0,170.0,close,close,0.0,1.5,8.5,105.0,-125.0,2
2025-04-27,17:40,401695314,401695314,58,ESPN BET,Detroit Tigers,Baltimore Orioles,DET,BAL,-250.0,205.0,close,close,0.0,1.5,7.5,110.0,-130.0,2
2025-04-27,17:40,401695318,401695318,58,ESPN BET,Minnesota Twins,Los Angeles Angels,MIN,LAA,-180.0,150.0,close,close,0.0,1.5,7.5,-115.0,-105.0,2
2025-04-27,17:40,401750177,401750177,58,ESPN BET,Cleveland Guardians,Boston Red Sox,CLE,BOS,-105.0,-115.0,close,close,0.0,-1.5,7.5,-125.0,105.0,2
2025-04-27,18:10,401695319,401695319,58,ESPN BET,Kansas City Royals,Houston Astros,KC,HOU,130.0,-155.0,close,close,0.0,-1.5,7.5,100.0,-120.0,2
2025-04-27,18:15,401695320,401695320,58,ESPN BET,St. Louis Cardinals,Milwaukee Brewers,STL,MIL,-110.0,-110.0,close,close,0.0,-1.5,8.5,-105.0,-115.0,2
2025-04-27,19:10,401695322,401695322,58,ESPN BET,Colorado Rockies,Cincinnati Reds,COL,CIN,130.0,-155.0,close,close,0.0,-1.5,11.5,-110.0,-110.0,2
2025-04-27,20:05,401695328,401695328,58,ESPN BET,San Francisco Giants,Texas Rangers,SF,TEX,-130.0,110.0,close,close,0.0,1.5,7.5,-105.0,-115.0,2
2025-04-27,20:05,401764533,401764533,58,ESPN BET,Athletics,Chicago White Sox,ATH,CHW,-190.0,160.0,close,close,0.0,1.5,9.5,105.0,-125.0,2
2025-04-27,20:10,401695323,401695323,58,ESPN BET,Arizona Diamondbacks,Atlanta Braves,ARI,ATL,-105.0,-115.0,close,close,0.0,-1.5,8.5,-115.0,-105.0,2
2025-04-27,20:10,401695325,401695325,58,ESPN BET,Seattle Mariners,Miami Marlins,SEA,MIA,-145.0,120.0,close,close,0.0,1.5,7.5,100.0,-120.0,2
2025-04-27,20:10,401695326,401695326,58,ESPN BET,Los Angeles Dodgers,Pittsburgh Pirates,LAD,PIT,-340.0,270.0,close,close,0.0,2.5,8.5,-115.0,-105.0,2
2025-04-27,20:10,401695327,401695327,58,ESPN BET,San Diego Padres,Tampa Bay Rays,SD,TB,-105.0,-115.0,close,close,0.0,-1.5,8.5,-115.0,-105.0,2
2025-04-27,21:25,401769356,401769356,58,ESPN BET,New York Yankees,Toronto Blue Jays,NYY,TOR,-160.0,135.0,close,close,0.0,1.5,8.5,-115.0,-105.0,2
2025-04-27,23:00,401695321,401695321,58,ESPN BET,Chicago Cubs,Philadelphia Phillies,CHC,PHI,-120.0,100.0,close,close,0.0,-1.5,8.5,105.0,-125.0,2
2025-04-28,20:05,401695331,401695331,58,ESPN BET,Washington Nationals,New York Mets,WSH,NYM,145.0,-175.0,close,close,0.0,-1.5,9.5,-115.0,-105.0,2
2025-04-28,22:10,401695329,401695329,58,ESPN BET,Cleveland Guardians,Minnesota Twins,CLE,MIN,-125.0,105.0,close,close,0.0,-1.5,8.5,100.0,-120.0,2
2025-04-28,22:35,401695330,401695330,58,ESPN BET,Baltimore Orioles,New York Yankees,BAL,NYY,110.0,-130.0,close,close,0.0,-1.5,9.5,-115.0,-105.0,2
2025-04-28,22:40,401695332,401695332,58,ESPN BET,Cincinnati Reds,St. Louis Cardinals,CIN,STL,-125.0,105.0,close,close,0.0,-1.5,9.5,-115.0,-105.0,2
2025-04-28,00:05,401695334,401695334,58,ESPN BET,Texas Rangers,Athletics,TEX,ATH,-110.0,-110.0,close,close,0.0,-1.5,9.5,-105.0,-115.0,2
2025-04-28,00:10,401695333,401695333,58,ESPN BET,Houston Astros,Detroit Tigers,HOU,DET,-125.0,105.0,close,close,0.0,-1.5,7.5,100.0,-120.0,2
2025-04-28,00:40,401695335,401695335,58,ESPN BET,Colorado Rockies,Atlanta Braves,COL,ATL,150.0,-180.0,close,close,0.0,-1.5,10.5,105.0,-125.0,2
2025-04-28,02:10,401695336,401695336,58,ESPN BET,Los Angeles Dodgers,Miami Marlins,LAD,MIA,-290.0,235.0,close,close,0.0,2.5,8.5,-125.0,105.0,2
2025-04-29,22:10,401695341,401695341,58,ESPN BET,Cleveland Guardians,Minnesota Twins,CLE,MIN,-130.0,110.0,close,close,0.0,1.5,8.5,110.0,-130.0,2
2025-04-29,22:35,401695342,401695342,58,ESPN BET,Baltimore Orioles,New York Yankees,BAL,NYY,145.0,-175.0,close,close,0.0,-1.5,9.5,-120.0,100.0,2
2025-04-29,22:40,401695339,401695339,58,ESPN BET,Pittsburgh Pirates,Chicago Cubs,PIT,CHC,125.0,-150.0,close,close,0.0,-1.5,8.5,-130.0,110.0,2
2025-04-29,22:40,401695343,401695343,,,Cincinnati Reds,St. Louis Cardinals,CIN,STL,,,,,,,,,,1
2025-04-29,22:45,401695344,401695344,58,ESPN BET,Philadelphia Phillies,Washington Nationals,PHI,WSH,-190.0,160.0,close,close,0.0,1.5,8.5,-110.0,-110.0,2
2025-04-29,23:05,401695340,401695340,58,ESPN BET,Tampa Bay Rays,Kansas City Royals,TB,KC,-160.0,135.0,close,close,0.0,1.5,8.5,-110.0,-110.0,2
2025-04-29,23:07,401695338,401695338,58,ESPN BET,Toronto Blue Jays,Boston Red Sox,TOR,BOS,115.0,-135.0,close,close,0.0,-1.5,7.5,-115.0,-105.0,2
2025-04-29,23:10,401695337,401695337,58,ESPN BET,New York Mets,Arizona Diamondbacks,NYM,ARI,-145.0,120.0,close,close,0.0,1.5,8.5,105.0,-125.0,2
2025-04-29,23:40,401695346,401695346,58,ESPN BET,Chicago White Sox,Milwaukee Brewers,CHW,MIL,210.0,-255.0,close,close,0.0,-2.5,7.5,-120.0,100.0,2
2025-04-29,00:05,401695347,401695347,58,ESPN BET,Texas Rangers,Athletics,TEX,ATH,-210.0,175.0,close,close,0.0,1.5,8.5,-110.0,-110.0,2
2025-04-29,00:10,401695345,401695345,58,ESPN BET,Houston Astros,Detroit Tigers,HOU,DET,-115.0,-105.0,close,close,0.0,-1.5,8.5,105.0,-125.0,2
2025-04-29,00:40,401695348,401695348,58,ESPN BET,Colorado Rockies,Atlanta Braves,COL,ATL,160.0,-190.0,close,close,0.0,-1.5,10.5,-125.0,105.0,2
2025-04-29,01:40,401695349,401695349,58,ESPN BET,Seattle Mariners,Los Angeles Angels,SEA,LAA,-210.0,175.0,close,close,0.0,1.5,7.5,-110.0,-110.0,2
2025-04-29,01:40,401695351,401695351,58,ESPN BET,San Diego Padres,San Francisco Giants,SD,SF,-105.0,-115.0,close,close,0.0,-1.5,6.5,-115.0,-105.0,2
2025-04-29,02:10,401695350,401695350,58,ESPN BET,Los Angeles Dodgers,Miami Marlins,LAD,MIA,-205.0,170.0,close,close,0.0,1.5,8.5,-125.0,105.0,2
2025-04-30,16:40,401769679,401769679,58,ESPN BET,Cincinnati Reds,St. Louis Cardinals,CIN,STL,-150.0,125.0,close,close,0.0,1.5,9.5,110.0,-130.0,2
2025-04-30,18:10,401695360,401695360,58,ESPN BET,Houston Astros,Detroit Tigers,HOU,DET,-120.0,100.0,close,close,0.0,1.5,8.5,105.0,-125.0,2
2025-04-30,19:10,401695363,401695363,58,ESPN BET,Colorado Rockies,Atlanta Braves,COL,ATL,220.0,-270.0,close,close,0.0,-2.5,9.5,-120.0,100.0,2
2025-04-30,19:10,401695365,401695365,58,ESPN BET,Los Angeles Dodgers,Miami Marlins,LAD,MIA,-310.0,250.0,close,close,0.0,2.5,9.5,-120.0,100.0,2
2025-04-30,20:10,401695364,401695364,58,ESPN BET,Seattle Mariners,Los Angeles Angels,SEA,LAA,-145.0,120.0,close,close,0.0,1.5,8.5,100.0,-120.0,2
2025-04-30,20:10,401695366,401695366,58,ESPN BET,San Diego Padres,San Francisco Giants,SD,SF,-145.0,120.0,close,close,0.0,1.5,6.5,-145.0,120.0,2
2025-04-30,22:10,401695356,401695356,58,ESPN BET,Cleveland Guardians,Minnesota Twins,CLE,MIN,-110.0,-110.0,close,close,0.0,-1.5,7.5,110.0,-130.0,2
2025-04-30,22:35,401695357,401695357,58,ESPN BET,Baltimore Orioles,New York Yankees,BAL,NYY,-115.0,-105.0,close,close,0.0,-1.5,9.5,-110.0,-110.0,2
2025-04-30,22:40,401695354,401695354,58,ESPN BET,Pittsburgh Pirates,Chicago Cubs,PIT,CHC,145.0,-175.0,close,close,0.0,-1.5,8.5,-130.0,110.0,2
2025-04-30,22:40,401695358,401695358,58,ESPN BET,Cincinnati Reds,St. Louis Cardinals,CIN,STL,-120.0,100.0,close,close,0.0,-1.5,9.5,-105.0,-115.0,2
2025-04-30,22:45,401695359,401695359,58,ESPN BET,Philadelphia Phillies,Washington Nationals,PHI,WSH,-250.0,205.0,close,close,0.0,1.5,7.5,-125.0,105.0,2
2025-04-30,23:05,401695355,401695355,58,ESPN BET,Tampa Bay Rays,Kansas City Royals,TB,KC,-165.0,140.0,close,close,0.0,1.5,7.5,-120.0,100.0,2
2025-04-30,23:07,401695353,401695353,58,ESPN BET,Toronto Blue Jays,Boston Red Sox,TOR,BOS,-110.0,-110.0,close,close,0.0,-1.5,9.5,-105.0,-115.0,2
2025-04-30,23:10,401695352,401695352,58,ESPN BET,New York Mets,Arizona Diamondbacks,NYM,ARI,-105.0,-115.0,close,close,0.0,-1.5,8.5,-110.0,-110.0,2
2025-04-30,23:40,401695361,401695361,58,ESPN BET,Chicago White Sox,Milwaukee Brewers,CHW,MIL,135.0,-160.0,close,close,0.0,-1.5,7.5,-110.0,-110.0,2
2025-04-30,00:05,401695362,401695362,58,ESPN BET,Texas Rangers,Athletics,TEX,ATH,-160.0,135.0,close,close,0.0,1.5,8.5,-115.0,-105.0,2
2025-05-01,16:35,401695369,401695369,58,ESPN BET,Pittsburgh Pirates,Chicago Cubs,PIT,CHC,-125.0,105.0,close,close,0.0,1.5,7.5,-125.0,105.0,2
2025-05-01,16:40,401695372,401695372,58,ESPN BET,Cincinnati Reds,St. Louis Cardinals,CIN,STL,100.0,-120.0,close,close,0.0,-1.5,8.5,-135.0,115.0,2
2025-05-01,17:10,401695367,401695367,58,ESPN BET,New York Mets,Arizona Diamondbacks,NYM,ARI,-160.0,135.0,close,close,0.0,1.5,8.5,100.0,-120.0,2
2025-05-01,17:10,401695370,401695370,58,ESPN BET,Tampa Bay Rays,Kansas City Royals,TB,KC,-160.0,135.0,close,close,0.0,1.5,8.5,-110.0,-110.0,2
2025-05-01,17:10,401695371,401695371,58,ESPN BET,Cleveland Guardians,Minnesota Twins,CLE,MIN,-105.0,-115.0,close,close,0.0,-1.5,9.5,100.0,-120.0,2
2025-05-01,18:10,401695374,401695374,58,ESPN BET,Chicago White Sox,Milwaukee Brewers,CHW,MIL,140.0,-165.0,close,close,0.0,-1.5,8.5,-125.0,105.0,2
2025-05-01,18:35,401695375,401695375,58,ESPN BET,Texas Rangers,Athletics,TEX,ATH,-135.0,115.0,close,close,0.0,1.5,8.5,-115.0,-105.0,2
2025-05-01,22:45,401695373,401695373,58,ESPN BET,Philadelphia Phillies,Washington Nationals,PHI,WSH,-175.0,145.0,close,close,0.0,1.5,9.5,-120.0,-110.0,2
2025-05-01,23:07,401695368,401695368,58,ESPN BET,Toronto Blue Jays,Boston Red Sox,TOR,BOS,-105.0,-115.0,close,close,0.0,-1.5,8.5,-115.0,-105.0,2
2025-05-01,01:38,401695377,401695377,58,ESPN BET,Los Angeles Angels,Detroit Tigers,LAA,DET,125.0,-150.0,close,close,0.0,-1.5,8.5,-105.0,-125.0,2
2025-05-01,01:45,401695376,401695376,58,ESPN BET,San Francisco Giants,Colorado Rockies,SF,COL,-265.0,215.0,close,close,0.0,1.5,7.5,-115.0,-115.0,2
2025-05-02,22:10,401695386,401695386,58,ESPN BET,Cincinnati Reds,Washington Nationals,CIN,WSH,-190.0,160.0,close,close,0.0,1.5,8.5,-120.0,100.0,2
2025-05-02,22:40,401695384,401695384,58,ESPN BET,Pittsburgh Pirates,San Diego Padres,PIT,SD,115.0,-135.0,close,close,0.0,-1.5,8.5,-105.0,-115.0,2
2025-05-02,22:45,401695378,401695378,58,ESPN BET,Philadelphia Phillies,Arizona Diamondbacks,PHI,ARI,-160.0,135.0,close,close,0.0,1.5,9.5,110.0,-130.0,2
2025-05-02,23:05,401695380,401695380,58,ESPN BET,Baltimore Orioles,Kansas City Royals,BAL,KC,-145.0,120.0,close,close,0.0,1.5,9.5,100.0,-120.0,2
2025-05-02,23:05,401695385,401695385,58,ESPN BET,New York Yankees,Tampa Bay Rays,NYY,TB,-250.0,205.0,close,close,0.0,1.5,8.5,-125.0,105.0,2
2025-05-02,23:07,401695379,401695379,58,ESPN BET,Toronto Blue Jays,Cleveland Guardians,TOR,CLE,-165.0,140.0,close,close,0.0,1.5,8.5,-105.0,-115.0,2
2025-05-02,23:10,401695382,401695382,58,ESPN BET,Boston Red Sox,Minnesota Twins,BOS,MIN,-115.0,-105.0,close,close,0.0,-1.5,8.5,-125.0,-105.0,2
2025-05-02,23:10,401695383,401695383,58,ESPN BET,Miami Marlins,Athletics,MIA,ATH,105.0,-135.0,close,close,0.0,-1.5,9.5,-115.0,-115.0,2
2025-05-02,23:15,401695381,401695381,58,ESPN BET,Atlanta Braves,Los Angeles Dodgers,ATL,LAD,140.0,-165.0,close,close,0.0,-1.5,9.5,115.0,-135.0,2
2025-05-02,23:40,401695388,401695388,58,ESPN BET,Chicago White Sox,Houston Astros,CHW,HOU,200.0,-250.0,close,close,0.0,-2.5,8.5,105.0,-140.0,2
2025-05-02,00:05,401695390,401695390,58,ESPN BET,Texas Rangers,Seattle Mariners,TEX,SEA,115.0,-135.0,close,close,0.0,-1.5,8.5,-120.0,-110.0,2
2025-05-02,00:10,401695387,401695387,58,ESPN BET,Milwaukee Brewers,Chicago Cubs,MIL,CHC,105.0,-135.0,close,close,0.0,-1.5,8.5,-125.0,-105.0,2
2025-05-02,00:15,401695389,401695389,58,ESPN BET,St. Louis Cardinals,New York Mets,STL,NYM,100.0,-120.0,close,close,0.0,-1.5,7.5,-120.0,-110.0,2
2025-05-02,01:38,401695392,401695392,58,ESPN BET,Los Angeles Angels,Detroit Tigers,LAA,DET,160.0,-190.0,close,close,0.0,-1.5,7.5,-120.0,100.0,2
2025-05-02,02:15,401695391,401695391,58,ESPN BET,San Francisco Giants,Colorado Rockies,SF,COL,-290.0,235.0,close,close,0.0,2.5,8.5,105.0,-125.0,2
2025-05-03,17:05,401695400,401695400,58,ESPN BET,New York Yankees,Tampa Bay Rays,NYY,TB,-225.0,185.0,close,close,0.0,1.5,9.5,-120.0,-110.0,2
2025-05-03,18:10,401695403,401695403,58,ESPN BET,Chicago White Sox,Houston Astros,CHW,HOU,195.0,-240.0,close,close,0.0,-1.5,7.5,-115.0,-105.0,2
2025-05-03,18:15,401695404,401695404,,,St. Louis Cardinals,New York Mets,STL,NYM,,,,,,,,,,0
2025-05-03,19:07,401695394,401695394,58,ESPN BET,Toronto Blue Jays,Cleveland Guardians,TOR,CLE,-160.0,135.0,close,close,0.0,1.5,7.5,-115.0,-105.0,2
2025-05-03,20:05,401695399,401695399,58,ESPN BET,Pittsburgh Pirates,San Diego Padres,PIT,SD,-125.0,105.0,close,close,0.0,1.5,9.5,-105.0,-115.0,2
2025-05-03,20:05,401695406,401695406,58,ESPN BET,San Francisco Giants,Colorado Rockies,SF,COL,-275.0,225.0,close,close,0.0,1.5,8.5,-105.0,-115.0,2
2025-05-03,20:10,401695397,401695397,58,ESPN BET,Boston Red Sox,Minnesota Twins,BOS,MIN,-115.0,-105.0,close,close,0.0,-1.5,9.5,-110.0,-110.0,2
2025-05-03,20:10,401695398,401695398,58,ESPN BET,Miami Marlins,Athletics,MIA,ATH,-125.0,105.0,close,close,0.0,1.5,8.5,-120.0,100.0,2
2025-05-03,22:05,401695393,401695393,58,ESPN BET,Philadelphia Phillies,Arizona Diamondbacks,PHI,ARI,-125.0,105.0,close,close,0.0,1.5,9.5,-120.0,100.0,2
2025-05-03,23:00,401695401,401695401,58,ESPN BET,Cincinnati Reds,Washington Nationals,CIN,WSH,-185.0,155.0,close,close,0.0,1.5,8.5,-125.0,105.0,2
2025-05-03,23:05,401695405,401695405,58,ESPN BET,Texas Rangers,Seattle Mariners,TEX,SEA,110.0,-130.0,close,close,0.0,-1.5,9.5,115.0,-135.0,2
2025-05-03,23:10,401695402,401695402,58,ESPN BET,Milwaukee Brewers,Chicago Cubs,MIL,CHC,-105.0,-115.0,close,close,0.0,-1.5,8.5,-120.0,100.0,2
2025-05-03,23:15,401695395,401695395,58,ESPN BET,Baltimore Orioles,Kansas City Royals,BAL,KC,-110.0,-110.0,close,close,0.0,-1.5,8.5,-125.0,105.0,2
2025-05-03,01:38,401695407,401695407,58,ESPN BET,Los Angeles Angels,Detroit Tigers,LAA,DET,165.0,-200.0,close,close,0.0,-1.5,8.5,-120.0,100.0,2
2025-05-03,02:15,401695396,401695396,58,ESPN BET,Atlanta Braves,Los Angeles Dodgers,ATL,LAD,-135.0,115.0,close,close,0.0,1.5,8.5,-115.0,-105.0,2
2025-05-04,17:15,401695419,401695419,58,ESPN BET,St. Louis Cardinals,New York Mets,STL,NYM,100.0,-120.0,close,close,0.0,-1.5,8.5,-125.0,105.0,2
2025-05-04,17:35,401695410,401695410,58,ESPN BET,Baltimore Orioles,Kansas City Royals,BAL,KC,-135.0,115.0,close,close,0.0,1.5,9.5,105.0,-125.0,2
2025-05-04,17:35,401695412,401695412,58,ESPN BET,Boston Red Sox,Minnesota Twins,BOS,MIN,-185.0,155.0,close,close,0.0,1.5,8.5,-120.0,100.0,2
2025-05-04,17:35,401695414,401695414,58,ESPN BET,Pittsburgh Pirates,San Diego Padres,PIT,SD,-110.0,-110.0,close,close,0.0,-1.5,8.5,-120.0,100.0,2
2025-05-04,17:35,401695415,401695415,58,ESPN BET,New York Yankees,Tampa Bay Rays,NYY,TB,-160.0,135.0,close,close,0.0,1.5,8.5,-120.0,100.0,2
2025-05-04,17:37,401695409,401695409,58,ESPN BET,Toronto Blue Jays,Cleveland Guardians,TOR,CLE,100.0,-120.0,close,close,0.0,-1.5,8.5,-110.0,-110.0,2
2025-05-04,17:40,401695413,401695413,58,ESPN BET,Miami Marlins,Athletics,MIA,ATH,-105.0,-115.0,close,close,0.0,-1.5,9.5,115.0,-135.0,2
2025-05-04,18:05,401695408,401695408,58,ESPN BET,Philadelphia Phillies,Arizona Diamondbacks,PHI,ARI,-160.0,135.0,close,close,0.0,1.5,8.5,-120.0,100.0,2
2025-05-04,18:10,401695417,401695417,58,ESPN BET,Milwaukee Brewers,Chicago Cubs,MIL,CHC,-110.0,-110.0,close,close,0.0,-1.5,7.5,-115.0,-105.0,2
2025-05-04,18:10,401695418,401695418,58,ESPN BET,Chicago White Sox,Houston Astros,CHW,HOU,155.0,-185.0,close,close,0.0,-1.5,8.5,110.0,-130.0,2
2025-05-04,18:35,401695420,401695420,58,ESPN BET,Texas Rangers,Seattle Mariners,TEX,SEA,-180.0,150.0,close,close,0.0,1.5,8.5,-110.0,-110.0,2
2025-05-04,20:05,401695421,401695421,58,ESPN BET,San Francisco Giants,Colorado Rockies,SF,COL,-400.0,315.0,close,close,0.0,2.5,7.5,-105.0,-115.0,2
2025-05-04,20:07,401695422,401695422,58,ESPN BET,Los Angeles Angels,Detroit Tigers,LAA,DET,145.0,-175.0,close,close,0.0,-1.5,8.5,-120.0,100.0,2
2025-05-04,20:10,401695416,401695416,58,ESPN BET,Cincinnati Reds,Washington Nationals,CIN,WSH,-105.0,-115.0,close,close,0.0,-1.5,8.5,-110.0,-110.0,2
2025-05-04,22:15,401769824,401769824,58,ESPN BET,St. Louis Cardinals,New York Mets,STL,NYM,130.0,-155.0,close,close,0.0,-1.5,7.5,-120.0,-110.0,2
2025-05-04,23:00,401695411,401695411,58,ESPN BET,Atlanta Braves,Los Angeles Dodgers,ATL,LAD,115.0,-135.0,close,close,0.0,-1.5,9.5,-105.0,-115.0,2
2025-05-05,22:40,401695425,401695425,58,ESPN BET,Miami Marlins,Los Angeles Dodgers,MIA,LAD,185.0,-225.0,close,close,0.0,-2.5,9.5,100.0,-120.0,2
2025-05-05,22:45,401695424,401695424,,,Washington Nationals,Cleveland Guardians,WSH,CLE,,,,,,,,,,1
2025-05-05,23:05,401695426,401695426,58,ESPN BET,New York Yankees,San Diego Padres,NYY,SD,-160.0,135.0,close,close,0.0,1.5,7.5,-110.0,-110.0,2
2025-05-05,23:15,401695423,401695423,58,ESPN BET,Atlanta Braves,Cincinnati Reds,ATL,CIN,-135.0,115.0,close,close,0.0,1.5,8.5,-115.0,-105.0,2
2025-05-05,23:40,401695427,401695427,58,ESPN BET,Kansas City Royals,Chicago White Sox,KC,CHW,-210.0,175.0,close,close,0.0,1.5,7.5,-115.0,-105.0,2
2025-05-05,23:40,401695428,401695428,58,ESPN BET,Milwaukee Brewers,Houston Astros,MIL,HOU,-115.0,-105.0,close,close,0.0,-1.5,8.5,100.0,-120.0,2
2025-05-05,23:40,401695430,401695430,58,ESPN BET,Chicago Cubs,San Francisco Giants,CHC,SF,-175.0,145.0,close,close,0.0,1.5,7.5,100.0,-120.0,2
2025-05-05,23:45,401695429,401695429,58,ESPN BET,St. Louis Cardinals,Pittsburgh Pirates,STL,PIT,-125.0,105.0,close,close,0.0,1.5,8.5,100.0,-120.0,2
2025-05-05,01:40,401695431,401695431,58,ESPN BET,Arizona Diamondbacks,New York Mets,ARI,NYM,-115.0,-105.0,close,close,0.0,-1.5,9.5,-120.0,100.0,2
2025-05-05,02:05,401764534,401764534,58,ESPN BET,Athletics,Seattle Mariners,ATH,SEA,100.0,-120.0,close,close,0.0,-1.5,8.5,-120.0,100.0,2
2025-05-06,19:35,401770060,401770060,58,ESPN BET,Washington Nationals,Cleveland Guardians,WSH,CLE,100.0,-120.0,close,close,0.0,-1.5,9.5,105.0,-125.0,2
2025-05-06,22:40,401695435,401695435,58,ESPN BET,Miami Marlins,Los Angeles Dodgers,MIA,LAD,205.0,-250.0,close,close,0.0,-2.5,9.5,-120.0,100.0,2
2025-05-06,22:45,401695438,401695438,58,ESPN BET,Boston Red Sox,Texas Rangers,BOS,TEX,100.0,-120.0,close,close,0.0,-1.5,8.5,-115.0,-105.0,2
2025-05-06,23:05,401695436,401695436,58,ESPN BET,Tampa Bay Rays,Philadelphia Phillies,TB,PHI,110.0,-130.0,close,close,0.0,-1.5,7.5,-125.0,105.0,2
2025-05-06,23:05,401695437,401695437,58,ESPN BET,New York Yankees,San Diego Padres,NYY,SD,-125.0,105.0,close,close,0.0,1.5,7.5,-120.0,100.0,2
2025-05-06,23:10,401695434,401695434,58,ESPN BET,Washington Nationals,Cleveland Guardians,WSH,CLE,-105.0,-115.0,close,close,0.0,-1.5,9.5,-105.0,-115.0,2
2025-05-06,23:15,401695433,401695433,58,ESPN BET,Atlanta Braves,Cincinnati Reds,ATL,CIN,-215.0,180.0,close,close,0.0,1.5,8.5,-105.0,-115.0,2
2025-05-06,23:40,401695439,401695439,58,ESPN BET,Minnesota Twins,Baltimore Orioles,MIN,BAL,-165.0,140.0,close,close,0.0,1.5,8.5,-130.0,110.0,2
2025-05-06,23:40,401695440,401695440,58,ESPN BET,Kansas City Royals,Chicago White Sox,KC,CHW,-255.0,210.0,close,close,0.0,1.5,8.5,-115.0,-105.0,2
2025-05-06,23:40,401695441,401695441,58,ESPN BET,Milwaukee Brewers,Houston Astros,MIL,HOU,-120.0,100.0,close,close,0.0,-1.5,7.5,-130.0,110.0,2
2025-05-06,23:40,401695443,401695443,58,ESPN BET,Chicago Cubs,San Francisco Giants,CHC,SF,-155.0,130.0,close,close,0.0,1.5,8.5,-105.0,-115.0,2
2025-05-06,23:45,401695442,401695442,58,ESPN BET,St. Louis Cardinals,Pittsburgh Pirates,STL,PIT,-105.0,-115.0,close,close,0.0,-1.5,7.5,105.0,-125.0,2
2025-05-06,00:40,401695444,401695444,,,Colorado Rockies,Detroit Tigers,COL,DET,,,,,,,,,,1
2025-05-06,01:38,401695447,401695447,58,ESPN BET,Los Angeles Angels,Toronto Blue Jays,LAA,TOR,-105.0,-115.0,close,close,0.0,-1.5,8.5,-130.0,110.0,2
2025-05-06,01:40,401695445,401695445,58,ESPN BET,Arizona Diamondbacks,New York Mets,ARI,NYM,-120.0,100.0,close,close,0.0,-1.5,9.5,100.0,-120.0,2
2025-05-06,02:05,401764535,401764535,58,ESPN BET,Athletics,Seattle Mariners,ATH,SEA,-125.0,105.0,close,close,0.0,1.5,10.5,-105.0,-115.0,2
2025-05-07,16:05,401695449,401695449,58,ESPN BET,Washington Nationals,Cleveland Guardians,WSH,CLE,-105.0,-115.0,close,close,0.0,-1.5,9.5,100.0,-120.0,2
2025-05-07,17:10,401695456,401695456,58,ESPN BET,Milwaukee Brewers,Houston Astros,MIL,HOU,115.0,-135.0,close,close,0.0,-1.5,7.5,-115.0,-105.0,2
2025-05-07,17:15,401695457,401695457,58,ESPN BET,St. Louis Cardinals,Pittsburgh Pirates,STL,PIT,-180.0,150.0,close,close,0.0,1.5,7.5,-115.0,-105.0,2
2025-05-07,18:20,401695458,401695458,58,ESPN BET,Chicago Cubs,San Francisco Giants,CHC,SF,-165.0,140.0,close,close,0.0,1.5,7.5,-110.0,-110.0,2
2025-05-07,19:35,401764536,401764536,58,ESPN BET,Athletics,Seattle Mariners,ATH,SEA,115.0,-135.0,close,close,0.0,-1.5,9.5,-105.0,-115.0,2
2025-05-07,19:40,401695460,401695460,58,ESPN BET,Arizona Diamondbacks,New York Mets,ARI,NYM,100.0,-120.0,close,close,0.0,-1.5,9.5,105.0,-125.0,2
2025-05-07,20:40,401695450,401695450,58,ESPN BET,Miami Marlins,Los Angeles Dodgers,MIA,LAD,185.0,-225.0,close,close,0.0,-2.5,10.5,100.0,-120.0,2
2025-05-07,22:45,401695453,401695453,58,ESPN BET,Boston Red Sox,Texas Rangers,BOS,TEX,-145.0,120.0,close,close,0.0,1.5,9.5,100.0,-120.0,2
2025-05-07,23:05,401695451,401695451,58,ESPN BET,Tampa Bay Rays,Philadelphia Phillies,TB,PHI,140.0,-165.0,close,close,0.0,-1.5,8.5,-115.0,-105.0,2
2025-05-07,23:05,401695452,401695452,58,ESPN BET,New York Yankees,San Diego Padres,NYY,SD,-175.0,145.0,close,close,0.0,1.5,8.5,110.0,-130.0,2
2025-05-07,23:15,401695448,401695448,58,ESPN BET,Atlanta Braves,Cincinnati Reds,ATL,CIN,-115.0,-105.0,close,close,0.0,-1.5,7.5,-115.0,-105.0,2
2025-05-07,23:40,401695454,401695454,58,ESPN BET,Minnesota Twins,Baltimore Orioles,MIN,BAL,-145.0,120.0,close,close,0.0,1.5,8.5,-135.0,115.0,2
2025-05-07,23:40,401695455,401695455,58,ESPN BET,Kansas City Royals,Chicago White Sox,KC,CHW,-225.0,185.0,close,close,0.0,1.5,8.5,100.0,-120.0,2
2025-05-07,00:40,401695459,401695459,58,ESPN BET,Colorado Rockies,Detroit Tigers,COL,DET,140.0,-165.0,close,close,0.0,-1.5,9.5,-125.0,105.0,2
2025-05-07,01:38,401695462,401695462,58,ESPN BET,Los Angeles Angels,Toronto Blue Jays,LAA,TOR,100.0,-120.0,close,close,0.0,-1.5,8.5,-115.0,-105.0,2
2025-05-08,17:10,401695466,401695466,58,ESPN BET,Minnesota Twins,Baltimore Orioles,MIN,BAL,-160.0,135.0,close,close,0.0,1.5,8.5,-110.0,-110.0,2
2025-05-08,17:35,401695465,401695465,58,ESPN BET,Boston Red Sox,Texas Rangers,BOS,TEX,-155.0,130.0,close,close,0.0,1.5,9.5,110.0,-130.0,2
2025-05-08,18:10,401695467,401695467,58,ESPN BET,Kansas City Royals,Chicago White Sox,KC,CHW,-255.0,210.0,close,close,0.0,1.5,8.5,-110.0,-110.0,2
2025-05-08,19:10,401695468,401695468,58,ESPN BET,Colorado Rockies,Detroit Tigers,COL,DET,135.0,-160.0,close,close,0.0,-1.5,9.5,-115.0,-105.0,2
2025-05-08,22:10,401770084,401770084,58,ESPN BET,Colorado Rockies,Detroit Tigers,COL,DET,175.0,-210.0,close,close,0.0,-2.5,10.5,-125.0,105.0,2
2025-05-08,23:05,401695464,401695464,58,ESPN BET,Tampa Bay Rays,Philadelphia Phillies,TB,PHI,135.0,-160.0,close,close,0.0,-1.5,8.5,-125.0,105.0,2
2025-05-08,23:15,401695463,401695463,58,ESPN BET,Atlanta Braves,Cincinnati Reds,ATL,CIN,-215.0,180.0,close,close,0.0,1.5,8.5,105.0,-125.0,2
2025-05-08,01:38,401695470,401695470,58,ESPN BET,Los Angeles Angels,Toronto Blue Jays,LAA,TOR,115.0,-135.0,close,close,0.0,-1.5,8.5,-105.0,-115.0,2
2025-05-08,01:40,401695469,401695469,58,ESPN BET,Arizona Diamondbacks,Los Angeles Dodgers,ARI,LAD,140.0,-165.0,close,close,0.0,-1.5,8.5,-130.0,110.0,2
2025-05-09,22:40,401695471,401695471,58,ESPN BET,Pittsburgh Pirates,Atlanta Braves,PIT,ATL,125.0,-150.0,close,close,0.0,-1.5,8.5,-120.0,100.0,2
2025-05-09,22:40,401695476,401695476,58,ESPN BET,Detroit Tigers,Texas Rangers,DET,TEX,-290.0,235.0,close,close,0.0,1.5,7.5,105.0,-125.0,2
2025-05-09,22:45,401695475,401695475,58,ESPN BET,Washington Nationals,St. Louis Cardinals,WSH,STL,-110.0,-110.0,close,close,0.0,-1.5,8.5,-120.0,100.0,2
2025-05-09,23:05,401695473,401695473,58,ESPN BET,Tampa Bay Rays,Milwaukee Brewers,TB,MIL,100.0,-120.0,close,close,0.0,-1.5,9.5,105.0,-125.0,2
2025-05-09,23:10,401695472,401695472,58,ESPN BET,New York Mets,Chicago Cubs,NYM,CHC,-135.0,115.0,close,close,0.0,1.5,7.5,-125.0,105.0,2
2025-05-09,23:10,401695474,401695474,58,ESPN BET,Cleveland Guardians,Philadelphia Phillies,CLE,PHI,100.0,-120.0,close,close,0.0,-1.5,7.5,-105.0,-115.0,2
2025-05-09,23:40,401695477,401695477,58,ESPN BET,Kansas City Royals,Boston Red Sox,KC,BOS,-110.0,-110.0,close,close,0.0,-1.5,8.5,-130.0,110.0,2
2025-05-09,23:40,401695479,401695479,58,ESPN BET,Chicago White Sox,Miami Marlins,CHW,MIA,130.0,-155.0,close,close,0.0,-1.5,7.5,-110.0,-110.0,2
2025-05-09,00:10,401695478,401695478,58,ESPN BET,Houston Astros,Cincinnati Reds,HOU,CIN,-190.0,160.0,close,close,0.0,1.5,7.5,100.0,-120.0,2
2025-05-09,00:10,401695480,401695480,58,ESPN BET,Minnesota Twins,San Francisco Giants,MIN,SF,-105.0,-115.0,close,close,0.0,-1.5,8.5,-125.0,105.0,2
2025-05-09,00:40,401695481,401695481,58,ESPN BET,Colorado Rockies,San Diego Padres,COL,SD,160.0,-190.0,close,close,0.0,-1.5,11.5,-110.0,-110.0,2
2025-05-09,01:38,401695482,401695482,58,ESPN BET,Los Angeles Angels,Baltimore Orioles,LAA,BAL,115.0,-135.0,close,close,0.0,-1.5,9.5,-120.0,100.0,2
2025-05-09,01:40,401695483,401695483,58,ESPN BET,Arizona Diamondbacks,Los Angeles Dodgers,ARI,LAD,-115.0,-105.0,close,close,0.0,-1.5,10.5,-105.0,-115.0,2
2025-05-09,01:40,401695485,401695485,58,ESPN BET,Seattle Mariners,Toronto Blue Jays,SEA,TOR,-135.0,115.0,close,close,0.0,1.5,7.5,105.0,-125.0,2
2025-05-09,02:05,401764537,401764537,58,ESPN BET,Athletics,New York Yankees,ATH,NYY,130.0,-155.0,close,close,0.0,-1.5,10.5,-125.0,105.0,2
2025-05-10,20:05,401695486,401695486,58,ESPN BET,Pittsburgh Pirates,Atlanta Braves,PIT,ATL,125.0,-150.0,close,close,0.0,-1.5,8.5,-130.0,110.0,2
2025-05-10,20:05,401695490,401695490,58,ESPN BET,Washington Nationals,St. Louis Cardinals,WSH,STL,-105.0,-115.0,close,close,0.0,-1.5,9.5,105.0,-125.0,2
2025-05-10,20:05,401764538,401764538,58,ESPN BET,Athletics,New York Yankees,ATH,NYY,135.0,-160.0,close,close,0.0,-1.5,9.5,-120.0,100.0,2
2025-05-10,20:10,401695488,401695488,58,ESPN BET,Tampa Bay Rays,Milwaukee Brewers,TB,MIL,-115.0,-105.0,close,close,0.0,1.5,9.5,-105.0,-115.0,2
2025-05-10,22:10,401695489,401695489,58,ESPN BET,Cleveland Guardians,Philadelphia Phillies,CLE,PHI,115.0,-135.0,close,close,0.0,-1.5,8.5,105.0,-125.0,2
2025-05-10,22:10,401695491,401695491,58,ESPN BET,Detroit Tigers,Texas Rangers,DET,TEX,110.0,-130.0,close,close,0.0,-1.5,7.5,-105.0,-115.0,2
2025-05-10,23:10,401695492,401695492,58,ESPN BET,Kansas City Royals,Boston Red Sox,KC,BOS,-115.0,-105.0,close,close,0.0,-1.5,7.5,105.0,-125.0,2
2025-05-10,23:10,401695493,401695493,58,ESPN BET,Houston Astros,Cincinnati Reds,HOU,CIN,-125.0,105.0,close,close,0.0,1.5,7.5,-125.0,105.0,2
2025-05-10,23:10,401695494,401695494,58,ESPN BET,Chicago White Sox,Miami Marlins,CHW,MIA,-105.0,-115.0,close,close,0.0,-1.5,7.5,-130.0,110.0,2
2025-05-10,23:15,401695487,401695487,58,ESPN BET,New York Mets,Chicago Cubs,NYM,CHC,-165.0,140.0,close,close,0.0,1.5,8.5,-115.0,-105.0,2
2025-05-10,23:15,401695495,401695495,58,ESPN BET,Minnesota Twins,San Francisco Giants,MIN,SF,100.0,-120.0,close,close,0.0,-1.5,7.5,115.0,-135.0,2
2025-05-10,00:10,401695496,401695496,58,ESPN BET,Colorado Rockies,San Diego Padres,COL,SD,205.0,-250.0,close,close,0.0,-2.5,11.5,-125.0,105.0,2
2025-05-10,00:10,401695498,401695498,58,ESPN BET,Arizona Diamondbacks,Los Angeles Dodgers,ARI,LAD,-115.0,-105.0,close,close,0.0,-1.5,9.5,-110.0,-110.0,2
2025-05-10,01:38,401695497,401695497,58,ESPN BET,Los Angeles Angels,Baltimore Orioles,LAA,BAL,120.0,-145.0,close,close,0.0,-1.5,10.5,105.0,-125.0,2
2025-05-10,01:40,401695500,401695500,58,ESPN BET,Seattle Mariners,Toronto Blue Jays,SEA,TOR,-145.0,120.0,close,close,0.0,1.5,8.5,100.0,-120.0,2
2025-05-11,16:05,401695502,401695502,58,ESPN BET,New York Mets,Chicago Cubs,NYM,CHC,-125.0,105.0,close,close,0.0,-1.5,8.5,-105.0,-115.0,2
2025-05-11,17:35,401695501,401695501,58,ESPN BET,Pittsburgh Pirates,Atlanta Braves,PIT,ATL,190.0,-230.0,close,close,0.0,-1.5,7.5,-125.0,105.0,2
2025-05-11,17:35,401695505,401695505,58,ESPN BET,Washington Nationals,St. Louis Cardinals,WSH,STL,-145.0,120.0,close,close,0.0,1.5,8.5,-125.0,105.0,2
2025-05-11,17:40,401695503,401695503,58,ESPN BET,Tampa Bay Rays,Milwaukee Brewers,TB,MIL,-145.0,120.0,close,close,0.0,1.5,8.5,-120.0,100.0,2
2025-05-11,17:40,401695506,401695506,58,ESPN BET,Detroit Tigers,Texas Rangers,DET,TEX,-120.0,100.0,close,close,0.0,-1.5,7.5,-105.0,-115.0,2
2025-05-11,18:10,401695507,401695507,58,ESPN BET,Kansas City Royals,Boston Red Sox,KC,BOS,-135.0,115.0,close,close,0.0,1.5,8.5,-115.0,-105.0,2
2025-05-11,18:10,401695508,401695508,58,ESPN BET,Houston Astros,Cincinnati Reds,HOU,CIN,-145.0,120.0,close,close,0.0,1.5,8.5,-105.0,-115.0,2
2025-05-11,18:10,401695509,401695509,58,ESPN BET,Chicago White Sox,Miami Marlins,CHW,MIA,115.0,-135.0,close,close,0.0,-1.5,7.5,-120.0,100.0,2
2025-05-11,18:10,401695510,401695510,58,ESPN BET,Minnesota Twins,San Francisco Giants,MIN,SF,-155.0,130.0,close,close,0.0,1.5,8.5,-105.0,-115.0,2
2025-05-11,19:10,401695511,401695511,58,ESPN BET,Colorado Rockies,San Diego Padres,COL,SD,250.0,-310.0,close,close,0.0,-3.5,11.5,-105.0,-115.0,2
2025-05-11,20:05,401764539,401764539,58,ESPN BET,Athletics,New York Yankees,ATH,NYY,130.0,-155.0,close,close,0.0,-1.5,11.5,115.0,-135.0,2
2025-05-11,20:07,401695512,401695512,58,ESPN BET,Los Angeles Angels,Baltimore Orioles,LAA,BAL,125.0,-150.0,close,close,0.0,-1.5,9.5,105.0,-125.0,2
2025-05-11,20:10,401695513,401695513,58,ESPN BET,Arizona Diamondbacks,Los Angeles Dodgers,ARI,LAD,100.0,-120.0,close,close,0.0,-1.5,9.5,-105.0,-115.0,2
2025-05-11,20:10,401695515,401695515,58,ESPN BET,Seattle Mariners,Toronto Blue Jays,SEA,TOR,-180.0,150.0,close,close,0.0,1.5,7.5,-130.0,110.0,2
2025-05-11,23:00,401695504,401695504,58,ESPN BET,Cleveland Guardians,Philadelphia Phillies,CLE,PHI,140.0,-165.0,close,close,0.0,-1.5,7.5,100.0,-120.0,2
2025-05-12,22:10,401695517,401695517,58,ESPN BET,Cleveland Guardians,Milwaukee Brewers,CLE,MIL,100.0,-120.0,close,close,0.0,-1.5,8.5,-115.0,-115.0,2
2025-05-12,22:40,401695516,401695516,58,ESPN BET,Detroit Tigers,Boston Red Sox,DET,BOS,-105.0,-115.0,close,close,0.0,-1.5,8.5,-105.0,-115.0,2
2025-05-12,22:45,401695519,401695519,58,ESPN BET,Philadelphia Phillies,St. Louis Cardinals,PHI,STL,-175.0,145.0,close,close,0.0,1.5,8.5,-110.0,-110.0,2
2025-05-12,23:10,401695518,401695518,58,ESPN BET,New York Mets,Pittsburgh Pirates,NYM,PIT,-165.0,140.0,close,close,0.0,1.5,7.5,100.0,-120.0,2
2025-05-12,23:15,401695520,401695520,58,ESPN BET,Atlanta Braves,Washington Nationals,ATL,WSH,-185.0,155.0,close,close,0.0,1.5,8.5,-110.0,-110.0,2
2025-05-12,23:40,401695523,401695523,58,ESPN BET,Chicago Cubs,Miami Marlins,CHC,MIA,-250.0,205.0,close,close,0.0,1.5,8.5,105.0,-125.0,2
2025-05-12,00:05,401695521,401695521,58,ESPN BET,Texas Rangers,Colorado Rockies,TEX,COL,-255.0,210.0,close,close,0.0,1.5,8.5,-115.0,-105.0,2
2025-05-12,00:10,401695522,401695522,58,ESPN BET,Houston Astros,Kansas City Royals,HOU,KC,-120.0,100.0,close,close,0.0,-1.5,7.5,-130.0,110.0,2
2025-05-12,01:40,401695524,401695524,58,ESPN BET,San Diego Padres,Los Angeles Angels,SD,LAA,-200.0,165.0,close,close,0.0,1.5,6.5,-125.0,105.0,2
2025-05-12,01:40,401695526,401695526,58,ESPN BET,Seattle Mariners,New York Yankees,SEA,NYY,125.0,-150.0,close,close,0.0,-1.5,8.5,105.0,-125.0,2
2025-05-12,01:45,401695525,401695525,58,ESPN BET,San Francisco Giants,Arizona Diamondbacks,SF,ARI,105.0,-125.0,close,close,0.0,-1.5,8.5,105.0,-125.0,2
2025-05-13,22:10,401695530,401695530,58,ESPN BET,Cleveland Guardians,Milwaukee Brewers,CLE,MIL,-135.0,115.0,close,close,0.0,1.5,8.5,-135.0,115.0,2
2025-05-13,22:35,401695531,401695531,,,Baltimore Orioles,Minnesota Twins,BAL,MIN,,,,,,,,,,1
2025-05-13,22:40,401695528,401695528,58,ESPN BET,Detroit Tigers,Boston Red Sox,DET,BOS,-125.0,105.0,close,close,0.0,-1.5,8.5,100.0,-120.0,2
2025-05-13,22:40,401695529,401695529,58,ESPN BET,Cincinnati Reds,Chicago White Sox,CIN,CHW,-225.0,185.0,close,close,0.0,1.5,8.5,-135.0,115.0,2
2025-05-13,22:45,401695533,401695533,,,Philadelphia Phillies,St. Louis Cardinals,PHI,STL,,,,,,,,,,1
2025-05-13,23:07,401695534,401695534,58,ESPN BET,Toronto Blue Jays,Tampa Bay Rays,TOR,TB,-145.0,120.0,close,close,0.0,1.5,7.5,-125.0,105.0,2
2025-05-13,23:10,401695532,401695532,58,ESPN BET,New York Mets,Pittsburgh Pirates,NYM,PIT,-250.0,205.0,close,close,0.0,1.5,7.5,-110.0,-110.0,2
2025-05-13,23:15,401695535,401695535,58,ESPN BET,Atlanta Braves,Washington Nationals,ATL,WSH,-215.0,180.0,close,close,0.0,1.5,8.5,100.0,-120.0,2
2025-05-13,23:40,401695538,401695538,58,ESPN BET,Chicago Cubs,Miami Marlins,CHC,MIA,-260.0,215.0,close,close,0.0,1.5,8.5,105.0,-125.0,2
2025-05-13,00:05,401695536,401695536,58,ESPN BET,Texas Rangers,Colorado Rockies,TEX,COL,-240.0,200.0,close,close,0.0,1.5,8.5,-110.0,-110.0,2
2025-05-13,00:10,401695537,401695537,58,ESPN BET,Houston Astros,Kansas City Royals,HOU,KC,-145.0,120.0,close,close,0.0,1.5,7.5,-120.0,100.0,2
2025-05-13,01:40,401695539,401695539,58,ESPN BET,San Diego Padres,Los Angeles Angels,SD,LAA,-215.0,180.0,close,close,0.0,1.5,7.5,100.0,-120.0,2
2025-05-13,01:40,401695541,401695541,58,ESPN BET,Seattle Mariners,New York Yankees,SEA,NYY,120.0,-145.0,close,close,0.0,-1.5,7.5,-105.0,-115.0,2
2025-05-13,01:45,401695540,401695540,58,ESPN BET,San Francisco Giants,Arizona Diamondbacks,SF,ARI,-105.0,-115.0,close,close,0.0,-1.5,7.5,-110.0,-110.0,2
2025-05-13,02:10,401695542,401695542,58,ESPN BET,Los Angeles Dodgers,Athletics,LAD,ATH,-190.0,160.0,close,close,0.0,1.5,9.5,100.0,-120.0,2
2025-05-14,16:05,401695546,401695546,58,ESPN BET,Baltimore Orioles,Minnesota Twins,BAL,MIN,-120.0,100.0,close,close,0.0,-1.5,8.5,-105.0,-115.0,2
2025-05-14,17:05,401695548,401695548,58,ESPN BET,Philadelphia Phillies,St. Louis Cardinals,PHI,STL,-180.0,150.0,close,close,0.0,1.5,8.5,-120.0,100.0,2
2025-05-14,17:10,401695545,401695545,58,ESPN BET,Cleveland Guardians,Milwaukee Brewers,CLE,MIL,-125.0,105.0,close,close,0.0,-1.5,8.5,-105.0,-115.0,2
2025-05-14,19:45,401695555,401695555,58,ESPN BET,San Francisco Giants,Arizona Diamondbacks,SF,ARI,-105.0,-115.0,close,close,0.0,-1.5,8.5,100.0,-120.0,2
2025-05-14,19:45,401772637,401772637,58,ESPN BET,Baltimore Orioles,Minnesota Twins,BAL,MIN,-145.0,120.0,close,close,0.0,1.5,8.5,-125.0,105.0,2
2025-05-14,20:10,401695556,401695556,58,ESPN BET,Seattle Mariners,New York Yankees,SEA,NYY,-105.0,-115.0,close,close,0.0,-1.5,8.5,105.0,-125.0,2
2025-05-14,22:15,401772638,401772638,58,ESPN BET,Philadelphia Phillies,St. Louis Cardinals,PHI,STL,-125.0,105.0,close,close,0.0,1.5,8.5,100.0,-130.0,2
2025-05-14,22:40,401695543,401695543,58,ESPN BET,Detroit Tigers,Boston Red Sox,DET,BOS,-245.0,200.0,close,close,0.0,1.5,6.5,-145.0,120.0,2
2025-05-14,23:07,401695549,401695549,58,ESPN BET,Toronto Blue Jays,Tampa Bay Rays,TOR,TB,-160.0,135.0,close,close,0.0,1.5,8.5,110.0,-130.0,2
2025-05-14,23:10,401695547,401695547,58,ESPN BET,New York Mets,Pittsburgh Pirates,NYM,PIT,-275.0,225.0,close,close,0.0,1.5,7.5,-110.0,-110.0,2
2025-05-14,23:14,401695544,401695544,58,ESPN BET,Cincinnati Reds,Chicago White Sox,CIN,CHW,-205.0,170.0,close,close,0.0,1.5,8.5,-115.0,-115.0,2
2025-05-14,23:15,401695550,401695550,58,ESPN BET,Atlanta Braves,Washington Nationals,ATL,WSH,-180.0,150.0,close,close,0.0,1.5,9.5,105.0,-125.0,2
2025-05-14,23:40,401695553,401695553,58,ESPN BET,Chicago Cubs,Miami Marlins,CHC,MIA,-215.0,180.0,close,close,0.0,1.5,7.5,-110.0,-110.0,2
2025-05-14,00:05,401695551,401695551,58,ESPN BET,Texas Rangers,Colorado Rockies,TEX,COL,-225.0,185.0,close,close,0.0,1.5,8.5,-140.0,105.0,2
2025-05-14,00:10,401695552,401695552,58,ESPN BET,Houston Astros,Kansas City Royals,HOU,KC,-115.0,-105.0,close,close,0.0,-1.5,8.5,-120.0,100.0,2
2025-05-14,01:40,401695554,401695554,58,ESPN BET,San Diego Padres,Los Angeles Angels,SD,LAA,-185.0,155.0,close,close,0.0,1.5,8.5,-120.0,-110.0,2
2025-05-14,02:10,401695557,401695557,58,ESPN BET,Los Angeles Dodgers,Athletics,LAD,ATH,-285.0,230.0,close,close,0.0,1.5,8.5,-125.0,-105.0,2
2025-05-15,16:15,401695561,401695561,58,ESPN BET,Atlanta Braves,Washington Nationals,ATL,WSH,-200.0,165.0,close,close,0.0,1.5,8.5,-110.0,-110.0,2
2025-05-15,16:35,401695559,401695559,58,ESPN BET,Baltimore Orioles,Minnesota Twins,BAL,MIN,-130.0,110.0,close,close,0.0,1.5,9.5,105.0,-125.0,2
2025-05-15,16:40,401695558,401695558,58,ESPN BET,Cincinnati Reds,Chicago White Sox,CIN,CHW,-240.0,200.0,close,close,0.0,1.5,9.5,100.0,-120.0,2
2025-05-15,19:07,401695560,401695560,58,ESPN BET,Toronto Blue Jays,Tampa Bay Rays,TOR,TB,-175.0,145.0,close,close,0.0,1.5,8.5,105.0,-125.0,2
2025-05-15,00:05,401695562,401695562,58,ESPN BET,Texas Rangers,Houston Astros,TEX,HOU,-140.0,110.0,close,close,0.0,1.5,6.5,-120.0,100.0,2
2025-05-15,02:10,401695527,401695527,58,ESPN BET,Los Angeles Dodgers,Athletics,LAD,ATH,-250.0,205.0,close,close,0.0,1.5,9.5,-105.0,-115.0,2
2025-05-16,18:20,401695570,401695570,58,ESPN BET,Chicago Cubs,Chicago White Sox,CHC,CHW,-235.0,195.0,close,close,0.0,1.5,11.5,-105.0,-115.0,2
2025-05-16,21:10,401695564,401695564,58,ESPN BET,Cincinnati Reds,Cleveland Guardians,CIN,CLE,100.0,-120.0,close,close,0.0,-1.5,9.5,100.0,-120.0,2
2025-05-16,22:45,401695567,401695567,58,ESPN BET,Philadelphia Phillies,Pittsburgh Pirates,PHI,PIT,-235.0,195.0,close,close,0.0,1.5,9.5,115.0,-135.0,2
2025-05-16,23:05,401695566,401695566,58,ESPN BET,New York Yankees,New York Mets,NYY,NYM,-150.0,125.0,close,close,0.0,1.5,8.5,-135.0,115.0,2
2025-05-16,23:05,401695569,401695569,58,ESPN BET,Baltimore Orioles,Washington Nationals,BAL,WSH,-120.0,100.0,close,close,0.0,1.5,8.5,-125.0,105.0,2
2025-05-16,23:07,401695565,401695565,58,ESPN BET,Toronto Blue Jays,Detroit Tigers,TOR,DET,100.0,-120.0,close,close,0.0,-1.5,8.5,-125.0,105.0,2
2025-05-16,23:10,401695563,401695563,58,ESPN BET,Boston Red Sox,Atlanta Braves,BOS,ATL,-115.0,-105.0,close,close,0.0,-1.5,8.5,-105.0,-115.0,2
2025-05-16,23:10,401695568,401695568,58,ESPN BET,Miami Marlins,Tampa Bay Rays,MIA,TB,110.0,-130.0,close,close,0.0,-1.5,8.5,-110.0,-110.0,2
2025-05-16,23:40,401695573,401695573,58,ESPN BET,Kansas City Royals,St. Louis Cardinals,KC,STL,-155.0,130.0,close,close,0.0,1.5,8.5,-115.0,-105.0,2
2025-05-16,00:05,401695571,401695571,58,ESPN BET,Texas Rangers,Houston Astros,TEX,HOU,-190.0,160.0,close,close,0.0,1.5,8.5,100.0,-120.0,2
2025-05-16,00:10,401695572,401695572,58,ESPN BET,Milwaukee Brewers,Minnesota Twins,MIL,MIN,100.0,-120.0,close,close,0.0,-1.5,7.5,-110.0,-110.0,2
2025-05-16,01:40,401695575,401695575,58,ESPN BET,Arizona Diamondbacks,Colorado Rockies,ARI,COL,-385.0,300.0,close,close,0.0,2.5,8.5,-125.0,105.0,2
2025-05-16,01:40,401695577,401695577,58,ESPN BET,San Diego Padres,Seattle Mariners,SD,SEA,-165.0,140.0,close,close,0.0,1.5,8.5,-120.0,100.0,2
2025-05-16,02:10,401695574,401695574,58,ESPN BET,Los Angeles Dodgers,Los Angeles Angels,LAD,LAA,-320.0,255.0,close,close,0.0,2.5,9.5,100.0,-120.0,2
2025-05-16,02:15,401695576,401695576,58,ESPN BET,San Francisco Giants,Athletics,SF,ATH,-205.0,170.0,close,close,0.0,1.5,6.5,-130.0,110.0,2
2025-05-17,17:05,401695581,401695581,58,ESPN BET,New York Yankees,New York Mets,NYY,NYM,-135.0,115.0,close,close,0.0,1.5,9.5,-115.0,-105.0,2
2025-05-17,18:20,401695585,401695585,58,ESPN BET,Chicago Cubs,Chicago White Sox,CHC,CHW,-300.0,240.0,close,close,0.0,2.5,9.5,-120.0,100.0,2
2025-05-17,19:07,401695580,401695580,58,ESPN BET,Toronto Blue Jays,Detroit Tigers,TOR,DET,120.0,-145.0,close,close,0.0,-1.5,8.5,-110.0,-110.0,2
2025-05-17,20:05,401695584,401695584,58,ESPN BET,Baltimore Orioles,Washington Nationals,BAL,WSH,-150.0,125.0,close,close,0.0,1.5,10.5,-120.0,100.0,2
2025-05-17,20:10,401695583,401695583,58,ESPN BET,Miami Marlins,Tampa Bay Rays,MIA,TB,125.0,-150.0,close,close,0.0,-1.5,8.5,110.0,-130.0,2
2025-05-17,22:05,401695582,401695582,58,ESPN BET,Philadelphia Phillies,Pittsburgh Pirates,PHI,PIT,-335.0,265.0,close,close,0.0,2.5,9.5,110.0,-130.0,2
2025-05-17,22:40,401695579,401695579,58,ESPN BET,Cincinnati Reds,Cleveland Guardians,CIN,CLE,100.0,-120.0,close,close,0.0,-1.5,9.5,-125.0,105.0,2
2025-05-17,23:05,401695586,401695586,58,ESPN BET,Texas Rangers,Houston Astros,TEX,HOU,-120.0,100.0,close,close,0.0,-1.5,7.5,-125.0,105.0,2
2025-05-17,23:10,401695588,401695588,58,ESPN BET,Kansas City Royals,St. Louis Cardinals,KC,STL,-115.0,-105.0,close,close,0.0,-1.5,9.5,105.0,-125.0,2
2025-05-17,23:15,401695578,401695578,58,ESPN BET,Boston Red Sox,Atlanta Braves,BOS,ATL,-125.0,105.0,close,close,0.0,-1.5,9.5,-120.0,100.0,2
2025-05-17,23:15,401695587,401695587,58,ESPN BET,Milwaukee Brewers,Minnesota Twins,MIL,MIN,105.0,-125.0,close,close,0.0,-1.5,7.5,-105.0,-115.0,2
2025-05-17,00:10,401695590,401695590,58,ESPN BET,Arizona Diamondbacks,Colorado Rockies,ARI,COL,-375.0,295.0,close,close,0.0,2.5,9.5,-115.0,-105.0,2
2025-05-17,00:40,401695592,401695592,58,ESPN BET,San Diego Padres,Seattle Mariners,SD,SEA,-190.0,160.0,close,close,0.0,1.5,8.5,100.0,-130.0,2
2025-05-17,01:05,401695591,401695591,58,ESPN BET,San Francisco Giants,Athletics,SF,ATH,-160.0,135.0,close,close,0.0,1.5,8.5,-120.0,-110.0,2
2025-05-17,01:10,401695589,401695589,58,ESPN BET,Los Angeles Dodgers,Los Angeles Angels,LAD,LAA,-240.0,200.0,close,close,0.0,1.5,8.5,-120.0,100.0,2
2025-05-18,17:05,401695601,401695601,58,ESPN BET,Texas Rangers,Houston Astros,TEX,HOU,-105.0,-115.0,close,close,0.0,-1.5,7.5,-120.0,100.0,2
2025-05-18,17:35,401695593,401695593,58,ESPN BET,Boston Red Sox,Atlanta Braves,BOS,ATL,105.0,-125.0,close,close,0.0,-1.5,9.5,-115.0,-115.0,2
2025-05-18,17:35,401695597,401695597,58,ESPN BET,Philadelphia Phillies,Pittsburgh Pirates,PHI,PIT,-105.0,-125.0,close,close,0.0,-1.5,8.5,-140.0,105.0,2
2025-05-18,17:35,401695599,401695599,58,ESPN BET,Baltimore Orioles,Washington Nationals,BAL,WSH,-180.0,150.0,close,close,0.0,1.5,9.5,-110.0,-110.0,2
2025-05-18,17:37,401695595,401695595,58,ESPN BET,Toronto Blue Jays,Detroit Tigers,TOR,DET,-125.0,105.0,close,close,0.0,1.5,8.5,-130.0,100.0,2
2025-05-18,17:40,401695594,401695594,58,ESPN BET,Cincinnati Reds,Cleveland Guardians,CIN,CLE,-130.0,110.0,close,close,0.0,1.5,8.5,-130.0,100.0,2
2025-05-18,17:40,401695598,401695598,58,ESPN BET,Miami Marlins,Tampa Bay Rays,MIA,TB,140.0,-165.0,close,close,0.0,-1.5,8.5,-115.0,-105.0,2
2025-05-18,18:10,401695602,401695602,58,ESPN BET,Milwaukee Brewers,Minnesota Twins,MIL,MIN,-140.0,110.0,close,close,0.0,1.5,7.5,-105.0,-125.0,2
2025-05-18,18:10,401695603,401695603,58,ESPN BET,Kansas City Royals,St. Louis Cardinals,KC,STL,-105.0,-115.0,close,close,0.0,-1.5,7.5,-125.0,105.0,2
2025-05-18,18:20,401695600,401695600,58,ESPN BET,Chicago Cubs,Chicago White Sox,CHC,CHW,-265.0,215.0,close,close,0.0,1.5,7.5,-105.0,-115.0,2
2025-05-18,20:05,401695606,401695606,58,ESPN BET,San Francisco Giants,Athletics,SF,ATH,-155.0,130.0,close,close,0.0,1.5,8.5,-120.0,-110.0,2
2025-05-18,20:10,401695604,401695604,58,ESPN BET,Los Angeles Dodgers,Los Angeles Angels,LAD,LAA,-240.0,200.0,close,close,0.0,1.5,9.5,-105.0,-125.0,2
2025-05-18,20:10,401695605,401695605,58,ESPN BET,Arizona Diamondbacks,Colorado Rockies,ARI,COL,-300.0,240.0,close,close,0.0,2.5,9.5,105.0,-140.0,2
2025-05-18,20:10,401695607,401695607,58,ESPN BET,San Diego Padres,Seattle Mariners,SD,SEA,-150.0,125.0,close,close,0.0,1.5,7.5,-105.0,-125.0,2
2025-05-18,23:00,401695596,401695596,58,ESPN BET,New York Yankees,New York Mets,NYY,NYM,-175.0,145.0,close,close,0.0,1.5,9.5,-105.0,-125.0,2
2025-05-19,22:40,401695608,401695608,58,ESPN BET,Miami Marlins,Chicago Cubs,MIA,CHC,140.0,-165.0,close,close,0.0,-1.5,8.5,-120.0,100.0,2
2025-05-19,22:40,401695609,401695609,58,ESPN BET,Pittsburgh Pirates,Cincinnati Reds,PIT,CIN,100.0,-120.0,close,close,0.0,-1.5,8.5,-105.0,-115.0,2
2025-05-19,22:45,401695611,401695611,58,ESPN BET,Boston Red Sox,New York Mets,BOS,NYM,105.0,-125.0,close,close,0.0,-1.5,8.5,-125.0,105.0,2
2025-05-19,23:05,401695610,401695610,58,ESPN BET,Tampa Bay Rays,Houston Astros,TB,HOU,-145.0,120.0,close,close,0.0,1.5,8.5,-130.0,110.0,2
2025-05-19,23:40,401695612,401695612,58,ESPN BET,Milwaukee Brewers,Baltimore Orioles,MIL,BAL,-120.0,100.0,close,close,0.0,-1.5,8.5,-110.0,-110.0,2
2025-05-19,23:40,401695613,401695613,58,ESPN BET,Minnesota Twins,Cleveland Guardians,MIN,CLE,-150.0,125.0,close,close,0.0,1.5,7.5,-115.0,-105.0,1
2025-05-19,23:40,401695615,401695615,58,ESPN BET,Chicago White Sox,Seattle Mariners,CHW,SEA,165.0,-200.0,close,close,0.0,-1.5,8.5,110.0,-130.0,2
2025-05-19,23:45,401695614,401695614,58,ESPN BET,St. Louis Cardinals,Detroit Tigers,STL,DET,-165.0,140.0,close,close,0.0,1.5,7.5,-130.0,110.0,2
2025-05-19,00:40,401695616,401695616,58,ESPN BET,Colorado Rockies,Philadelphia Phillies,COL,PHI,200.0,-245.0,close,close,0.0,-2.5,10.5,-110.0,-110.0,2
2025-05-19,01:45,401695619,401695619,58,ESPN BET,San Francisco Giants,Kansas City Royals,SF,KC,-130.0,110.0,close,close,0.0,1.5,7.5,-105.0,-115.0,2
2025-05-19,02:05,401764540,401764540,58,ESPN BET,Athletics,Los Angeles Angels,ATH,LAA,-135.0,115.0,close,close,0.0,1.5,9.5,-120.0,100.0,2
2025-05-19,02:10,401695618,401695618,58,ESPN BET,Los Angeles Dodgers,Arizona Diamondbacks,LAD,ARI,-150.0,125.0,close,close,0.0,1.5,10.5,-105.0,-115.0,2
2025-05-20,22:40,401695621,401695621,58,ESPN BET,Miami Marlins,Chicago Cubs,MIA,CHC,130.0,-155.0,close,close,0.0,-1.5,8.5,-120.0,100.0,2
2025-05-20,22:40,401695622,401695622,58,ESPN BET,Pittsburgh Pirates,Cincinnati Reds,PIT,CIN,120.0,-145.0,close,close,0.0,-1.5,7.5,-120.0,100.0,2
2025-05-20,22:45,401695620,401695620,58,ESPN BET,Washington Nationals,Atlanta Braves,WSH,ATL,145.0,-175.0,close,close,0.0,-1.5,8.5,-120.0,100.0,2
2025-05-20,22:45,401695624,401695624,58,ESPN BET,Boston Red Sox,New York Mets,BOS,NYM,120.0,-145.0,close,close,0.0,-1.5,8.5,-110.0,-110.0,2
2025-05-20,23:05,401695623,401695623,58,ESPN BET,Tampa Bay Rays,Houston Astros,TB,HOU,-135.0,115.0,close,close,0.0,1.5,9.5,100.0,-120.0,2
2025-05-20,23:05,401695626,401695626,58,ESPN BET,New York Yankees,Texas Rangers,NYY,TEX,-215.0,180.0,close,close,0.0,1.5,8.5,-125.0,105.0,2
2025-05-20,23:07,401695625,401695625,58,ESPN BET,Toronto Blue Jays,San Diego Padres,TOR,SD,-110.0,-110.0,close,close,0.0,-1.5,7.5,-115.0,-105.0,2
2025-05-20,23:40,401695627,401695627,58,ESPN BET,Milwaukee Brewers,Baltimore Orioles,MIL,BAL,-125.0,105.0,close,close,0.0,-1.5,8.5,-115.0,-105.0,2
2025-05-20,23:40,401695630,401695630,58,ESPN BET,Chicago White Sox,Seattle Mariners,CHW,SEA,150.0,-180.0,close,close,0.0,-1.5,8.5,-105.0,-115.0,2
2025-05-20,23:45,401695629,401695629,58,ESPN BET,St. Louis Cardinals,Detroit Tigers,STL,DET,150.0,-180.0,close,close,0.0,-1.5,7.5,-110.0,-110.0,2
2025-05-20,00:10,401695628,401695628,,,Minnesota Twins,Cleveland Guardians,MIN,CLE,,,,,,,,,,1
2025-05-20,00:40,401695631,401695631,58,ESPN BET,Colorado Rockies,Philadelphia Phillies,COL,PHI,225.0,-275.0,close,close,0.0,-2.5,11.5,100.0,-120.0,2
2025-05-20,01:45,401695634,401695634,58,ESPN BET,San Francisco Giants,Kansas City Royals,SF,KC,-135.0,115.0,close,close,0.0,1.5,7.5,-120.0,100.0,2
2025-05-20,02:05,401764541,401764541,58,ESPN BET,Athletics,Los Angeles Angels,ATH,LAA,-175.0,145.0,close,close,0.0,1.5,10.5,-110.0,-110.0,2
2025-05-20,02:10,401695633,401695633,58,ESPN BET,Los Angeles Dodgers,Arizona Diamondbacks,LAD,ARI,-235.0,195.0,close,close,0.0,1.5,8.5,-130.0,110.0,2
2025-05-21,23:40,401695613,401695613,58,ESPN BET,Minnesota Twins,Cleveland Guardians,MIN,CLE,-150.0,125.0,close,close,0.0,1.5,7.5,-115.0,-105.0,1
2025-05-21,16:35,401695637,401695637,58,ESPN BET,Pittsburgh Pirates,Cincinnati Reds,PIT,CIN,105.0,-125.0,close,close,0.0,-1.5,7.5,-130.0,110.0,2
2025-05-21,17:10,401695636,401695636,58,ESPN BET,Miami Marlins,Chicago Cubs,MIA,CHC,120.0,-145.0,close,close,0.0,-1.5,9.5,105.0,-125.0,2
2025-05-21,17:10,401695638,401695638,58,ESPN BET,Tampa Bay Rays,Houston Astros,TB,HOU,140.0,-165.0,close,close,0.0,-1.5,8.5,-110.0,-110.0,2
2025-05-21,17:10,401695642,401695642,58,ESPN BET,Milwaukee Brewers,Baltimore Orioles,MIL,BAL,-115.0,-105.0,close,close,0.0,-1.5,8.5,-110.0,-110.0,2
2025-05-21,17:15,401695644,401695644,58,ESPN BET,St. Louis Cardinals,Detroit Tigers,STL,DET,-120.0,100.0,close,close,0.0,-1.5,8.5,-115.0,-105.0,2
2025-05-21,18:10,401695645,401695645,58,ESPN BET,Chicago White Sox,Seattle Mariners,CHW,SEA,130.0,-155.0,close,close,0.0,-1.5,8.5,-110.0,-110.0,2
2025-05-21,19:45,401695649,401695649,58,ESPN BET,San Francisco Giants,Kansas City Royals,SF,KC,-200.0,165.0,close,close,0.0,1.5,7.5,-105.0,-115.0,2
2025-05-21,19:55,401695643,401695643,58,ESPN BET,Minnesota Twins,Cleveland Guardians,MIN,CLE,-125.0,105.0,close,close,0.0,1.5,7.5,-105.0,-115.0,2
2025-05-21,22:45,401695635,401695635,,,Washington Nationals,Atlanta Braves,WSH,ATL,,,,,,,,,,1
2025-05-21,22:45,401695639,401695639,58,ESPN BET,Boston Red Sox,New York Mets,BOS,NYM,-155.0,130.0,close,close,0.0,1.5,7.5,105.0,-125.0,2
2025-05-21,23:05,401695641,401695641,58,ESPN BET,New York Yankees,Texas Rangers,NYY,TEX,-115.0,-105.0,close,close,0.0,-1.5,7.5,100.0,-120.0,2
2025-05-21,23:07,401695640,401695640,58,ESPN BET,Toronto Blue Jays,San Diego Padres,TOR,SD,-160.0,135.0,close,close,0.0,1.5,8.5,-125.0,105.0,2
2025-05-21,00:40,401695646,401695646,58,ESPN BET,Colorado Rockies,Philadelphia Phillies,COL,PHI,155.0,-185.0,close,close,0.0,-2.5,11.5,-105.0,-115.0,2
2025-05-21,02:05,401764542,401764542,58,ESPN BET,Athletics,Los Angeles Angels,ATH,LAA,-155.0,130.0,close,close,0.0,1.5,10.5,100.0,-120.0,2
2025-05-21,02:10,401695648,401695648,58,ESPN BET,Los Angeles Dodgers,Arizona Diamondbacks,LAD,ARI,-150.0,125.0,close,close,0.0,1.5,9.5,105.0,-125.0,2
2025-05-22,16:35,401695655,401695655,58,ESPN BET,New York Yankees,Texas Rangers,NYY,TEX,-160.0,135.0,close,close,0.0,1.5,6.5,-120.0,100.0,2
2025-05-22,17:07,401695654,401695654,58,ESPN BET,Toronto Blue Jays,San Diego Padres,TOR,SD,100.0,-120.0,close,close,0.0,-1.5,8.5,-125.0,105.0,2
2025-05-22,19:10,401695657,401695657,58,ESPN BET,Colorado Rockies,Philadelphia Phillies,COL,PHI,205.0,-250.0,close,close,0.0,-2.5,11.5,100.0,-120.0,2
2025-05-22,19:35,401764543,401764543,58,ESPN BET,Athletics,Los Angeles Angels,ATH,LAA,-130.0,110.0,close,close,0.0,1.5,10.5,100.0,-120.0,2
2025-05-22,22:40,401695652,401695652,58,ESPN BET,Detroit Tigers,Cleveland Guardians,DET,CLE,-120.0,100.0,close,close,0.0,-1.5,7.5,-120.0,100.0,2
2025-05-22,22:40,401695653,401695653,58,ESPN BET,Pittsburgh Pirates,Milwaukee Brewers,PIT,MIL,100.0,-120.0,close,close,0.0,-1.5,8.5,-120.0,100.0,2
2025-05-22,22:45,401695650,401695650,58,ESPN BET,Washington Nationals,Atlanta Braves,WSH,ATL,140.0,-165.0,close,close,0.0,-1.5,8.5,-115.0,-105.0,2
2025-05-22,22:45,401695651,401695651,,,Boston Red Sox,Baltimore Orioles,BOS,BAL,,,,,,,,,,1
2025-05-22,00:10,401695656,401695656,58,ESPN BET,Houston Astros,Seattle Mariners,HOU,SEA,110.0,-130.0,close,close,0.0,-1.5,8.5,105.0,-125.0,2
2025-05-23,17:35,401776556,401776556,58,ESPN BET,Boston Red Sox,Baltimore Orioles,BOS,BAL,-130.0,110.0,close,close,0.0,1.5,9.5,105.0,-125.0,2
2025-05-23,22:40,401695660,401695660,58,ESPN BET,Cincinnati Reds,Chicago Cubs,CIN,CHC,-110.0,-110.0,close,close,0.0,-1.5,8.5,-105.0,-115.0,2
2025-05-23,22:40,401695663,401695663,58,ESPN BET,Pittsburgh Pirates,Milwaukee Brewers,PIT,MIL,-120.0,100.0,close,close,0.0,-1.5,6.5,-130.0,110.0,2
2025-05-23,22:45,401695665,401695665,58,ESPN BET,Washington Nationals,San Francisco Giants,WSH,SF,-115.0,-105.0,close,close,0.0,-1.5,7.5,-115.0,-105.0,2
2025-05-23,23:05,401695666,401695666,58,ESPN BET,Tampa Bay Rays,Toronto Blue Jays,TB,TOR,-145.0,120.0,close,close,0.0,1.5,8.5,-120.0,100.0,2
2025-05-23,23:10,401695659,401695659,,,Boston Red Sox,Baltimore Orioles,BOS,BAL,,,,,,,,,,1
2025-05-23,23:10,401695661,401695661,58,ESPN BET,Detroit Tigers,Cleveland Guardians,DET,CLE,-120.0,100.0,close,close,0.0,-1.5,8.5,-105.0,-115.0,2
2025-05-23,23:10,401695662,401695662,58,ESPN BET,New York Mets,Los Angeles Dodgers,NYM,LAD,-120.0,100.0,close,close,0.0,-1.5,8.5,-125.0,105.0,2
2025-05-23,23:15,401695664,401695664,58,ESPN BET,Atlanta Braves,San Diego Padres,ATL,SD,-185.0,155.0,close,close,0.0,1.5,7.5,-125.0,105.0,2
2025-05-23,23:40,401695670,401695670,58,ESPN BET,Chicago White Sox,Texas Rangers,CHW,TEX,160.0,-190.0,close,close,0.0,-1.5,7.5,-110.0,-110.0,2
2025-05-23,00:10,401695668,401695668,58,ESPN BET,Minnesota Twins,Kansas City Royals,MIN,KC,-180.0,150.0,close,close,0.0,1.5,7.5,-115.0,-105.0,2
2025-05-23,00:10,401695669,401695669,58,ESPN BET,Houston Astros,Seattle Mariners,HOU,SEA,-115.0,-105.0,close,close,0.0,-1.5,8.5,-120.0,100.0,2
2025-05-23,00:15,401695667,401695667,58,ESPN BET,St. Louis Cardinals,Arizona Diamondbacks,STL,ARI,-105.0,-115.0,close,close,0.0,-1.5,8.5,105.0,-125.0,2
2025-05-23,00:40,401695671,401695671,58,ESPN BET,Colorado Rockies,New York Yankees,COL,NYY,215.0,-265.0,close,close,0.0,-2.5,11.5,-105.0,-115.0,2
2025-05-23,01:38,401695672,401695672,58,ESPN BET,Los Angeles Angels,Miami Marlins,LAA,MIA,-160.0,135.0,close,close,0.0,1.5,8.5,-105.0,-115.0,2
2025-05-23,02:05,401764544,401764544,58,ESPN BET,Athletics,Philadelphia Phillies,ATH,PHI,170.0,-205.0,close,close,0.0,-1.5,9.5,-105.0,-115.0,2
2025-05-24,17:05,401776520,401776520,58,ESPN BET,Boston Red Sox,Baltimore Orioles,BOS,BAL,-110.0,-110.0,close,close,0.0,-1.5,9.5,110.0,-130.0,2
2025-05-24,18:10,401695683,401695683,58,ESPN BET,Minnesota Twins,Kansas City Royals,MIN,KC,-125.0,105.0,close,close,0.0,1.5,7.5,-110.0,-110.0,2
2025-05-24,18:15,401695682,401695682,58,ESPN BET,St. Louis Cardinals,Arizona Diamondbacks,STL,ARI,-115.0,-105.0,close,close,0.0,-1.5,7.5,-105.0,-115.0,2
2025-05-24,20:05,401695678,401695678,58,ESPN BET,Pittsburgh Pirates,Milwaukee Brewers,PIT,MIL,-110.0,-110.0,close,close,0.0,-1.5,8.5,-120.0,100.0,2
2025-05-24,20:05,401695680,401695680,58,ESPN BET,Washington Nationals,San Francisco Giants,WSH,SF,130.0,-155.0,close,close,0.0,-1.5,8.5,-105.0,-115.0,2
2025-05-24,20:10,401695675,401695675,58,ESPN BET,Cincinnati Reds,Chicago Cubs,CIN,CHC,-105.0,-115.0,close,close,0.0,-1.5,9.5,105.0,-125.0,2
2025-05-24,20:10,401695679,401695679,58,ESPN BET,Atlanta Braves,San Diego Padres,ATL,SD,-155.0,130.0,close,close,0.0,1.5,9.5,110.0,-130.0,2
2025-05-24,20:10,401695684,401695684,58,ESPN BET,Houston Astros,Seattle Mariners,HOU,SEA,-105.0,-115.0,close,close,0.0,-1.5,7.5,110.0,-130.0,2
2025-05-24,20:10,401695685,401695685,58,ESPN BET,Chicago White Sox,Texas Rangers,CHW,TEX,140.0,-165.0,close,close,0.0,-1.5,8.5,-105.0,-115.0,2
2025-05-24,20:10,401695686,401695686,58,ESPN BET,Colorado Rockies,New York Yankees,COL,NYY,265.0,-335.0,close,close,0.0,-3.5,10.5,-105.0,-115.0,2
2025-05-24,22:35,401695674,401695674,58,ESPN BET,Boston Red Sox,Baltimore Orioles,BOS,BAL,-130.0,110.0,close,close,0.0,1.5,8.5,-130.0,110.0,2
2025-05-24,23:05,401695681,401695681,58,ESPN BET,Tampa Bay Rays,Toronto Blue Jays,TB,TOR,-115.0,-105.0,close,close,0.0,-1.5,8.5,100.0,-120.0,2
2025-05-24,23:15,401695676,401695676,58,ESPN BET,Detroit Tigers,Cleveland Guardians,DET,CLE,-150.0,125.0,close,close,0.0,1.5,8.5,105.0,-125.0,2
2025-05-24,23:15,401695677,401695677,58,ESPN BET,New York Mets,Los Angeles Dodgers,NYM,LAD,-120.0,100.0,close,close,0.0,-1.5,8.5,-110.0,-110.0,2
2025-05-24,02:05,401764545,401764545,58,ESPN BET,Athletics,Philadelphia Phillies,ATH,PHI,140.0,-165.0,close,close,0.0,-1.5,10.5,105.0,-125.0,2
2025-05-24,02:07,401695687,401695687,58,ESPN BET,Los Angeles Angels,Miami Marlins,LAA,MIA,-215.0,180.0,close,close,0.0,1.5,8.5,-120.0,100.0,2
2025-05-25,15:35,401695691,401695691,58,ESPN BET,Detroit Tigers,Cleveland Guardians,DET,CLE,-310.0,250.0,close,close,0.0,1.5,6.5,-125.0,105.0,2
2025-05-25,17:35,401695689,401695689,58,ESPN BET,Boston Red Sox,Baltimore Orioles,BOS,BAL,-135.0,115.0,close,close,0.0,1.5,8.5,-130.0,110.0,2
2025-05-25,17:35,401695693,401695693,58,ESPN BET,Pittsburgh Pirates,Milwaukee Brewers,PIT,MIL,130.0,-155.0,close,close,0.0,-1.5,8.5,105.0,-125.0,2
2025-05-25,17:35,401695695,401695695,58,ESPN BET,Washington Nationals,San Francisco Giants,WSH,SF,125.0,-150.0,close,close,0.0,-1.5,7.5,-115.0,-105.0,2
2025-05-25,17:40,401695690,401695690,58,ESPN BET,Cincinnati Reds,Chicago Cubs,CIN,CHC,115.0,-135.0,close,close,0.0,-1.5,8.5,-115.0,-105.0,2
2025-05-25,17:40,401695696,401695696,58,ESPN BET,Tampa Bay Rays,Toronto Blue Jays,TB,TOR,-110.0,-110.0,close,close,0.0,-1.5,8.5,-125.0,105.0,2
2025-05-25,18:10,401695698,401695698,58,ESPN BET,Minnesota Twins,Kansas City Royals,MIN,KC,-115.0,-105.0,close,close,0.0,-1.5,7.5,-120.0,100.0,2
2025-05-25,18:10,401695699,401695699,58,ESPN BET,Houston Astros,Seattle Mariners,HOU,SEA,125.0,-150.0,close,close,0.0,-1.5,8.5,-105.0,-115.0,2
2025-05-25,18:10,401695700,401695700,58,ESPN BET,Chicago White Sox,Texas Rangers,CHW,TEX,100.0,-120.0,close,close,0.0,-1.5,8.5,105.0,-125.0,2
2025-05-25,18:15,401695697,401695697,58,ESPN BET,St. Louis Cardinals,Arizona Diamondbacks,STL,ARI,-125.0,105.0,close,close,0.0,1.5,7.5,105.0,-125.0,2
2025-05-25,19:10,401695701,401695701,58,ESPN BET,Colorado Rockies,New York Yankees,COL,NYY,230.0,-285.0,close,close,0.0,-2.5,10.5,-115.0,-105.0,2
2025-05-25,20:05,401764546,401764546,58,ESPN BET,Athletics,Philadelphia Phillies,ATH,PHI,165.0,-200.0,close,close,0.0,-1.5,9.5,-125.0,105.0,2
2025-05-25,20:07,401695702,401695702,58,ESPN BET,Los Angeles Angels,Miami Marlins,LAA,MIA,-115.0,-105.0,close,close,0.0,-1.5,8.5,-135.0,115.0,2
2025-05-25,20:10,401695694,401695694,58,ESPN BET,Atlanta Braves,San Diego Padres,ATL,SD,-150.0,125.0,close,close,0.0,1.5,7.5,-125.0,105.0,2
2025-05-25,23:00,401695692,401695692,58,ESPN BET,New York Mets,Los Angeles Dodgers,NYM,LAD,-115.0,-105.0,close,close,0.0,-1.5,8.5,-115.0,-105.0,2
2025-05-26,17:10,401695706,401695706,58,ESPN BET,Detroit Tigers,San Francisco Giants,DET,SF,-115.0,-105.0,close,close,0.0,-1.5,8.5,-110.0,-110.0,2
2025-05-26,18:10,401695708,401695708,58,ESPN BET,Milwaukee Brewers,Boston Red Sox,MIL,BOS,140.0,-165.0,close,close,0.0,-1.5,7.5,110.0,-130.0,2
2025-05-26,18:20,401695710,401695710,58,ESPN BET,Chicago Cubs,Colorado Rockies,CHC,COL,-350.0,270.0,close,close,0.0,1.5,7.5,110.0,-130.0,2
2025-05-26,19:05,401695707,401695707,58,ESPN BET,Baltimore Orioles,St. Louis Cardinals,BAL,STL,-105.0,-115.0,close,close,0.0,-1.5,8.5,-120.0,100.0,2
2025-05-26,20:05,401695712,401695712,58,ESPN BET,Texas Rangers,Toronto Blue Jays,TEX,TOR,-145.0,120.0,close,close,0.0,1.5,6.5,-130.0,110.0,2
2025-05-26,20:10,401695704,401695704,58,ESPN BET,New York Mets,Chicago White Sox,NYM,CHW,-285.0,230.0,close,close,0.0,1.5,8.5,105.0,-125.0,2
2025-05-26,20:10,401695709,401695709,58,ESPN BET,Kansas City Royals,Cincinnati Reds,KC,CIN,-120.0,100.0,close,close,0.0,-1.5,7.5,-115.0,-105.0,2
2025-05-26,22:10,401695705,401695705,58,ESPN BET,Cleveland Guardians,Los Angeles Dodgers,CLE,LAD,150.0,-180.0,close,close,0.0,-1.5,7.5,100.0,-120.0,2
2025-05-26,23:05,401695711,401695711,58,ESPN BET,Tampa Bay Rays,Minnesota Twins,TB,MIN,-120.0,100.0,close,close,0.0,1.5,8.5,-145.0,115.0,2
2025-05-26,00:10,401695715,401695715,58,ESPN BET,Arizona Diamondbacks,Pittsburgh Pirates,ARI,PIT,-190.0,160.0,close,close,0.0,1.5,9.5,105.0,-125.0,2
2025-05-26,00:40,401695713,401695713,58,ESPN BET,San Diego Padres,Miami Marlins,SD,MIA,-160.0,135.0,close,close,0.0,1.5,7.5,-120.0,100.0,2
2025-05-26,01:38,401695714,401695714,58,ESPN BET,Los Angeles Angels,New York Yankees,LAA,NYY,150.0,-180.0,close,close,0.0,-1.5,9.5,-125.0,105.0,2
2025-05-27,22:10,401695718,401695718,58,ESPN BET,Cleveland Guardians,Los Angeles Dodgers,CLE,LAD,115.0,-135.0,close,close,0.0,-1.5,8.5,-130.0,110.0,2
2025-05-27,22:35,401695720,401695720,58,ESPN BET,Baltimore Orioles,St. Louis Cardinals,BAL,STL,100.0,-120.0,close,close,0.0,-1.5,8.5,-110.0,-110.0,2
2025-05-27,22:40,401695719,401695719,58,ESPN BET,Detroit Tigers,San Francisco Giants,DET,SF,-105.0,-115.0,close,close,0.0,-1.5,7.5,105.0,-125.0,2
2025-05-27,22:45,401695716,401695716,58,ESPN BET,Philadelphia Phillies,Atlanta Braves,PHI,ATL,-115.0,-105.0,close,close,0.0,-1.5,8.5,-130.0,110.0,2
2025-05-27,23:05,401695725,401695725,58,ESPN BET,Tampa Bay Rays,Minnesota Twins,TB,MIN,100.0,-120.0,close,close,0.0,-1.5,8.5,-105.0,-115.0,2
2025-05-27,23:10,401695717,401695717,58,ESPN BET,New York Mets,Chicago White Sox,NYM,CHW,-290.0,235.0,close,close,0.0,1.5,8.5,105.0,-125.0,2
2025-05-27,23:40,401695721,401695721,58,ESPN BET,Milwaukee Brewers,Boston Red Sox,MIL,BOS,-115.0,-105.0,close,close,0.0,-1.5,8.5,-105.0,-115.0,2
2025-05-27,23:40,401695722,401695722,58,ESPN BET,Kansas City Royals,Cincinnati Reds,KC,CIN,-125.0,105.0,close,close,0.0,1.5,7.5,-125.0,105.0,2
2025-05-27,00:05,401695723,401695723,58,ESPN BET,Chicago Cubs,Colorado Rockies,CHC,COL,-335.0,265.0,close,close,0.0,1.5,7.5,110.0,-130.0,2
2025-05-27,00:05,401695726,401695726,58,ESPN BET,Texas Rangers,Toronto Blue Jays,TEX,TOR,-150.0,125.0,close,close,0.0,1.5,7.5,-115.0,-105.0,2
2025-05-27,00:10,401695724,401695724,58,ESPN BET,Houston Astros,Athletics,HOU,ATH,-205.0,170.0,close,close,0.0,1.5,8.5,105.0,-125.0,2
2025-05-27,01:38,401695728,401695728,58,ESPN BET,Los Angeles Angels,New York Yankees,LAA,NYY,180.0,-215.0,close,close,0.0,-1.5,8.5,-105.0,-115.0,2
2025-05-27,01:40,401695727,401695727,58,ESPN BET,San Diego Padres,Miami Marlins,SD,MIA,-160.0,135.0,close,close,0.0,1.5,7.5,-115.0,-105.0,2
2025-05-27,01:40,401695729,401695729,58,ESPN BET,Arizona Diamondbacks,Pittsburgh Pirates,ARI,PIT,-275.0,225.0,close,close,0.0,1.5,8.5,-120.0,100.0,2
2025-05-27,01:40,401695730,401695730,58,ESPN BET,Seattle Mariners,Washington Nationals,SEA,WSH,-160.0,135.0,close,close,0.0,1.5,8.5,-105.0,-115.0,2
2025-05-28,17:10,401695732,401695732,58,ESPN BET,New York Mets,Chicago White Sox,NYM,CHW,-215.0,180.0,close,close,0.0,1.5,7.5,-110.0,-110.0,2
2025-05-28,17:10,401695733,401695733,58,ESPN BET,Cleveland Guardians,Los Angeles Dodgers,CLE,LAD,145.0,-175.0,close,close,0.0,-1.5,8.5,-115.0,-105.0,2
2025-05-28,17:10,401695734,401695734,58,ESPN BET,Detroit Tigers,San Francisco Giants,DET,SF,-110.0,-110.0,close,close,0.0,-1.5,7.5,-120.0,100.0,2
2025-05-28,17:10,401695736,401695736,58,ESPN BET,Milwaukee Brewers,Boston Red Sox,MIL,BOS,-155.0,130.0,close,close,0.0,1.5,7.5,-115.0,-105.0,2
2025-05-28,17:10,401695740,401695740,58,ESPN BET,Tampa Bay Rays,Minnesota Twins,TB,MIN,-120.0,100.0,close,close,0.0,-1.5,7.5,-115.0,-105.0,2
2025-05-28,18:10,401695739,401695739,58,ESPN BET,Houston Astros,Athletics,HOU,ATH,-135.0,115.0,close,close,0.0,1.5,8.5,100.0,-120.0,2
2025-05-28,19:40,401695744,401695744,58,ESPN BET,Arizona Diamondbacks,Pittsburgh Pirates,ARI,PIT,-145.0,120.0,close,close,0.0,1.5,7.5,-110.0,-110.0,2
2025-05-28,20:10,401695742,401695742,58,ESPN BET,San Diego Padres,Miami Marlins,SD,MIA,-160.0,135.0,close,close,0.0,1.5,8.5,-125.0,105.0,2
2025-05-28,22:45,401695731,401695731,,,Philadelphia Phillies,Atlanta Braves,PHI,ATL,,,,,,,,,,1
2025-05-28,23:05,401695735,401695735,58,ESPN BET,Baltimore Orioles,St. Louis Cardinals,BAL,STL,-105.0,-115.0,close,close,0.0,-1.5,7.5,-110.0,-110.0,2
2025-05-28,23:40,401695737,401695737,58,ESPN BET,Kansas City Royals,Cincinnati Reds,KC,CIN,-105.0,-115.0,close,close,0.0,-1.5,7.5,-120.0,100.0,2
2025-05-28,00:05,401695738,401695738,58,ESPN BET,Chicago Cubs,Colorado Rockies,CHC,COL,-360.0,285.0,close,close,0.0,2.5,7.5,-110.0,-110.0,2
2025-05-28,00:05,401695741,401695741,58,ESPN BET,Texas Rangers,Toronto Blue Jays,TEX,TOR,-145.0,120.0,close,close,0.0,1.5,8.5,-110.0,-110.0,2
2025-05-28,01:38,401695743,401695743,58,ESPN BET,Los Angeles Angels,New York Yankees,LAA,NYY,145.0,-175.0,close,close,0.0,-1.5,8.5,-110.0,-110.0,2
2025-05-28,01:40,401695745,401695745,58,ESPN BET,Seattle Mariners,Washington Nationals,SEA,WSH,-225.0,185.0,close,close,0.0,1.5,7.5,-130.0,110.0,2
2025-05-29,17:05,401777355,401777355,58,ESPN BET,Philadelphia Phillies,Atlanta Braves,PHI,ATL,-165.0,140.0,close,close,0.0,1.5,7.5,-125.0,105.0,2
2025-05-29,22:45,401695746,401695746,58,ESPN BET,Philadelphia Phillies,Atlanta Braves,PHI,ATL,105.0,-125.0,close,close,0.0,-1.5,7.5,-105.0,-115.0,2
2025-05-29,23:07,401695747,401695747,58,ESPN BET,Toronto Blue Jays,Athletics,TOR,ATH,-160.0,135.0,close,close,0.0,1.5,8.5,-120.0,100.0,2
2025-05-29,00:10,401695748,401695748,58,ESPN BET,Houston Astros,Tampa Bay Rays,HOU,TB,-120.0,100.0,close,close,0.0,-1.5,8.5,100.0,-120.0,2
2025-05-29,01:40,401695749,401695749,58,ESPN BET,Seattle Mariners,Washington Nationals,SEA,WSH,-115.0,-105.0,close,close,0.0,-1.5,7.5,-125.0,105.0,2
2025-05-30,18:20,401695757,401695757,58,ESPN BET,Chicago Cubs,Cincinnati Reds,CHC,CIN,-160.0,135.0,close,close,0.0,1.5,9.5,110.0,-130.0,2
2025-05-30,20:30,401695752,401695752,58,ESPN BET,Baltimore Orioles,Chicago White Sox,BAL,CHW,-225.0,185.0,close,close,0.0,1.5,9.5,105.0,-125.0,2
2025-05-30,22:45,401695754,401695754,58,ESPN BET,Philadelphia Phillies,Milwaukee Brewers,PHI,MIL,-120.0,100.0,close,close,0.0,-1.5,9.5,-115.0,-105.0,2
2025-05-30,23:07,401695755,401695755,58,ESPN BET,Toronto Blue Jays,Athletics,TOR,ATH,-180.0,150.0,close,close,0.0,1.5,8.5,-105.0,-115.0,2
2025-05-30,23:10,401695750,401695750,58,ESPN BET,Cleveland Guardians,Los Angeles Angels,CLE,LAA,-145.0,120.0,close,close,0.0,1.5,8.5,-105.0,-115.0,2
2025-05-30,23:10,401695753,401695753,58,ESPN BET,New York Mets,Colorado Rockies,NYM,COL,-310.0,250.0,close,close,0.0,2.5,8.5,105.0,-125.0,2
2025-05-30,23:10,401695756,401695756,58,ESPN BET,Miami Marlins,San Francisco Giants,MIA,SF,140.0,-165.0,close,close,0.0,-1.5,8.5,-120.0,100.0,2
2025-05-30,23:15,401695751,401695751,58,ESPN BET,Atlanta Braves,Boston Red Sox,ATL,BOS,-165.0,140.0,close,close,0.0,1.5,9.5,110.0,-130.0,2
2025-05-30,00:05,401695759,401695759,58,ESPN BET,Texas Rangers,St. Louis Cardinals,TEX,STL,110.0,-130.0,close,close,0.0,-1.5,8.5,-110.0,-110.0,2
2025-05-30,00:10,401695758,401695758,58,ESPN BET,Kansas City Royals,Detroit Tigers,KC,DET,100.0,-120.0,close,close,0.0,-1.5,8.5,100.0,-120.0,2
2025-05-30,00:10,401695760,401695760,58,ESPN BET,Houston Astros,Tampa Bay Rays,HOU,TB,-155.0,130.0,close,close,0.0,1.5,7.5,-105.0,-115.0,2
2025-05-30,01:40,401695763,401695763,58,ESPN BET,San Diego Padres,Pittsburgh Pirates,SD,PIT,-190.0,160.0,close,close,0.0,1.5,7.5,105.0,-125.0,2
2025-05-30,01:40,401695764,401695764,58,ESPN BET,Arizona Diamondbacks,Washington Nationals,ARI,WSH,-235.0,195.0,close,close,0.0,1.5,9.5,100.0,-120.0,2
2025-05-30,02:10,401695761,401695761,58,ESPN BET,Seattle Mariners,Minnesota Twins,SEA,MIN,-165.0,140.0,close,close,0.0,1.5,6.5,-135.0,115.0,2
2025-05-30,02:10,401695762,401695762,58,ESPN BET,Los Angeles Dodgers,New York Yankees,LAD,NYY,110.0,-130.0,close,close,0.0,-1.5,8.5,-120.0,100.0,2
2025-05-31,18:20,401695772,401695772,58,ESPN BET,Chicago Cubs,Cincinnati Reds,CHC,CIN,-180.0,150.0,close,close,0.0,1.5,7.5,120.0,-145.0,2
2025-05-31,19:07,401695770,401695770,58,ESPN BET,Toronto Blue Jays,Athletics,TOR,ATH,-150.0,125.0,close,close,0.0,1.5,9.5,100.0,-120.0,2
2025-05-31,20:05,401695767,401695767,58,ESPN BET,Baltimore Orioles,Chicago White Sox,BAL,CHW,-165.0,140.0,close,close,0.0,1.5,8.5,-115.0,-105.0,2
2025-05-31,20:05,401695769,401695769,58,ESPN BET,Philadelphia Phillies,Milwaukee Brewers,PHI,MIL,-185.0,155.0,close,close,0.0,1.5,7.5,-125.0,105.0,2
2025-05-31,20:05,401695774,401695774,58,ESPN BET,Texas Rangers,St. Louis Cardinals,TEX,STL,130.0,-155.0,close,close,0.0,-1.5,8.5,-115.0,-105.0,2
2025-05-31,20:10,401695765,401695765,58,ESPN BET,Cleveland Guardians,Los Angeles Angels,CLE,LAA,-175.0,145.0,close,close,0.0,1.5,7.5,-125.0,105.0,2
2025-05-31,20:10,401695766,401695766,58,ESPN BET,Atlanta Braves,Boston Red Sox,ATL,BOS,-185.0,155.0,close,close,0.0,1.5,8.5,-125.0,105.0,2
2025-05-31,20:10,401695768,401695768,58,ESPN BET,New York Mets,Colorado Rockies,NYM,COL,-360.0,285.0,close,close,0.0,2.5,8.5,-110.0,-110.0,2
2025-05-31,20:10,401695771,401695771,58,ESPN BET,Miami Marlins,San Francisco Giants,MIA,SF,125.0,-150.0,close,close,0.0,-1.5,7.5,-120.0,100.0,2
2025-05-31,20:10,401695773,401695773,58,ESPN BET,Kansas City Royals,Detroit Tigers,KC,DET,150.0,-180.0,close,close,0.0,-1.5,7.5,-125.0,105.0,2
2025-05-31,20:10,401695775,401695775,58,ESPN BET,Houston Astros,Tampa Bay Rays,HOU,TB,-135.0,115.0,close,close,0.0,1.5,8.5,-115.0,-105.0,2
2025-05-31,23:15,401695776,401695776,58,ESPN BET,Seattle Mariners,Minnesota Twins,SEA,MIN,-110.0,-110.0,close,close,0.0,-1.5,7.5,110.0,-130.0,2
2025-05-31,23:15,401695777,401695777,58,ESPN BET,Los Angeles Dodgers,New York Yankees,LAD,NYY,105.0,-125.0,close,close,0.0,-1.5,9.5,-110.0,-110.0,2
2025-05-31,01:40,401695778,401695778,58,ESPN BET,San Diego Padres,Pittsburgh Pirates,SD,PIT,-235.0,195.0,close,close,0.0,1.5,7.5,-110.0,-110.0,2
2025-05-31,02:10,401695779,401695779,58,ESPN BET,Arizona Diamondbacks,Washington Nationals,ARI,WSH,-185.0,155.0,close,close,0.0,1.5,9.5,-110.0,-110.0,2
2025-06-01,17:05,401695789,401695789,58,ESPN BET,Texas Rangers,St. Louis Cardinals,TEX,STL,-160.0,135.0,close,close,0.0,1.5,7.5,-105.0,-115.0,2
2025-06-01,17:35,401695781,401695781,58,ESPN BET,Atlanta Braves,Boston Red Sox,ATL,BOS,100.0,-120.0,close,close,0.0,-1.5,8.5,100.0,-120.0,2
2025-06-01,17:35,401695782,401695782,58,ESPN BET,Baltimore Orioles,Chicago White Sox,BAL,CHW,-150.0,125.0,close,close,0.0,1.5,8.5,-120.0,100.0,2
2025-06-01,17:35,401695784,401695784,58,ESPN BET,Philadelphia Phillies,Milwaukee Brewers,PHI,MIL,-165.0,140.0,close,close,0.0,1.5,8.5,100.0,-120.0,2
2025-06-01,17:37,401695785,401695785,58,ESPN BET,Toronto Blue Jays,Athletics,TOR,ATH,-250.0,205.0,close,close,0.0,1.5,7.5,-125.0,105.0,2
2025-06-01,17:40,401695780,401695780,58,ESPN BET,Cleveland Guardians,Los Angeles Angels,CLE,LAA,-190.0,160.0,close,close,0.0,1.5,8.5,-105.0,-115.0,2
2025-06-01,17:40,401695783,401695783,58,ESPN BET,New York Mets,Colorado Rockies,NYM,COL,-425.0,330.0,close,close,0.0,2.5,8.5,-105.0,-115.0,2
2025-06-01,17:40,401695786,401695786,58,ESPN BET,Miami Marlins,San Francisco Giants,MIA,SF,-110.0,-110.0,close,close,0.0,-1.5,8.5,105.0,-125.0,2
2025-06-01,18:10,401695788,401695788,58,ESPN BET,Kansas City Royals,Detroit Tigers,KC,DET,-165.0,140.0,close,close,0.0,1.5,8.5,100.0,-120.0,2
2025-06-01,18:10,401695790,401695790,58,ESPN BET,Houston Astros,Tampa Bay Rays,HOU,TB,-165.0,140.0,close,close,0.0,1.5,7.5,-115.0,-105.0,2
2025-06-01,18:20,401695787,401695787,58,ESPN BET,Chicago Cubs,Cincinnati Reds,CHC,CIN,-165.0,140.0,close,close,0.0,1.5,7.5,115.0,-135.0,2
2025-06-01,20:10,401695791,401695791,58,ESPN BET,Seattle Mariners,Minnesota Twins,SEA,MIN,-135.0,115.0,close,close,0.0,1.5,7.5,105.0,-125.0,2
2025-06-01,20:10,401695794,401695794,58,ESPN BET,Arizona Diamondbacks,Washington Nationals,ARI,WSH,-225.0,185.0,close,close,0.0,1.5,9.5,105.0,-125.0,2
2025-06-01,21:10,401695793,401695793,58,ESPN BET,San Diego Padres,Pittsburgh Pirates,SD,PIT,-150.0,125.0,close,close,0.0,1.5,8.5,-120.0,100.0,2
2025-06-01,23:00,401695792,401695792,58,ESPN BET,Los Angeles Dodgers,New York Yankees,LAD,NYY,-175.0,145.0,close,close,0.0,1.5,8.5,-120.0,100.0,2
2025-06-02,22:40,401695796,401695796,58,ESPN BET,Miami Marlins,Colorado Rockies,MIA,COL,-200.0,165.0,close,close,0.0,1.5,8.5,100.0,-120.0,2
2025-06-02,23:10,401695795,401695795,58,ESPN BET,Boston Red Sox,Los Angeles Angels,BOS,LAA,-145.0,120.0,close,close,0.0,1.5,9.5,-115.0,-105.0,2
2025-06-02,23:10,401695797,401695797,58,ESPN BET,Cincinnati Reds,Milwaukee Brewers,CIN,MIL,-115.0,-105.0,close,close,0.0,-1.5,8.5,-125.0,105.0,2
2025-06-02,23:40,401695798,401695798,58,ESPN BET,Chicago White Sox,Detroit Tigers,CHW,DET,200.0,-240.0,close,close,0.0,-2.5,8.5,-115.0,-105.0,2
2025-06-02,01:45,401695801,401695801,58,ESPN BET,San Francisco Giants,San Diego Padres,SF,SD,-175.0,145.0,close,close,0.0,1.5,7.5,110.0,-130.0,2
2025-06-02,02:05,401764547,401764547,58,ESPN BET,Athletics,Minnesota Twins,ATH,MIN,130.0,-155.0,close,close,0.0,-1.5,9.5,110.0,-130.0,2
2025-06-02,02:10,401695800,401695800,58,ESPN BET,Los Angeles Dodgers,New York Mets,LAD,NYM,-160.0,135.0,close,close,0.0,1.5,9.5,-105.0,-115.0,2
2025-06-03,22:40,401695806,401695806,58,ESPN BET,Miami Marlins,Colorado Rockies,MIA,COL,-180.0,150.0,close,close,0.0,1.5,8.5,-110.0,-110.0,2
2025-06-03,22:40,401695807,401695807,58,ESPN BET,Pittsburgh Pirates,Houston Astros,PIT,HOU,-165.0,140.0,close,close,0.0,1.5,7.5,115.0,-135.0,2
2025-06-03,22:45,401695804,401695804,58,ESPN BET,Washington Nationals,Chicago Cubs,WSH,CHC,120.0,-145.0,close,close,0.0,-1.5,9.5,100.0,-120.0,2
2025-06-03,23:05,401695805,401695805,58,ESPN BET,New York Yankees,Cleveland Guardians,NYY,CLE,-210.0,175.0,close,close,0.0,1.5,7.5,-120.0,100.0,2
2025-06-03,23:07,401695809,401695809,58,ESPN BET,Toronto Blue Jays,Philadelphia Phillies,TOR,PHI,115.0,-135.0,close,close,0.0,-1.5,8.5,-125.0,105.0,2
2025-06-03,23:10,401695802,401695802,58,ESPN BET,Boston Red Sox,Los Angeles Angels,BOS,LAA,-150.0,125.0,close,close,0.0,1.5,9.5,-105.0,-115.0,2
2025-06-03,23:10,401695808,401695808,58,ESPN BET,Cincinnati Reds,Milwaukee Brewers,CIN,MIL,-135.0,115.0,close,close,0.0,1.5,8.5,100.0,-120.0,2
2025-06-03,23:15,401695803,401695803,58,ESPN BET,Atlanta Braves,Arizona Diamondbacks,ATL,ARI,-165.0,140.0,close,close,0.0,1.5,8.5,-115.0,-105.0,2
2025-06-03,23:35,401695810,401695810,58,ESPN BET,Tampa Bay Rays,Texas Rangers,TB,TEX,-150.0,125.0,close,close,0.0,1.5,7.5,105.0,-125.0,2
2025-06-03,23:40,401695811,401695811,58,ESPN BET,Chicago White Sox,Detroit Tigers,CHW,DET,135.0,-160.0,close,close,0.0,-1.5,8.5,-105.0,-115.0,2
2025-06-03,23:45,401695812,401695812,58,ESPN BET,St. Louis Cardinals,Kansas City Royals,STL,KC,-150.0,125.0,close,close,0.0,1.5,8.5,-130.0,110.0,2
2025-06-03,01:40,401695813,401695813,58,ESPN BET,Seattle Mariners,Baltimore Orioles,SEA,BAL,-150.0,125.0,close,close,0.0,1.5,7.5,-110.0,-110.0,2
2025-06-03,01:45,401695816,401695816,58,ESPN BET,San Francisco Giants,San Diego Padres,SF,SD,-155.0,130.0,close,close,0.0,1.5,7.5,-120.0,100.0,2
2025-06-03,02:05,401764548,401764548,58,ESPN BET,Athletics,Minnesota Twins,ATH,MIN,170.0,-205.0,close,close,0.0,-1.5,9.5,-115.0,-105.0,2
2025-06-03,02:10,401695815,401695815,58,ESPN BET,Los Angeles Dodgers,New York Mets,LAD,NYM,-150.0,125.0,close,close,0.0,1.5,9.5,105.0,-125.0,2
2025-06-04,16:10,401695821,401695821,58,ESPN BET,Miami Marlins,Colorado Rockies,MIA,COL,-150.0,125.0,close,close,0.0,1.5,8.5,100.0,-120.0,2
2025-06-04,16:40,401695823,401695823,58,ESPN BET,Cincinnati Reds,Milwaukee Brewers,CIN,MIL,-130.0,110.0,close,close,0.0,1.5,8.5,-130.0,110.0,2
2025-06-04,17:35,401695817,401695817,58,ESPN BET,Boston Red Sox,Los Angeles Angels,BOS,LAA,-145.0,120.0,close,close,0.0,1.5,10.5,-110.0,-110.0,2
2025-06-04,22:40,401695822,401695822,58,ESPN BET,Pittsburgh Pirates,Houston Astros,PIT,HOU,105.0,-125.0,close,close,0.0,-1.5,9.5,105.0,-125.0,2
2025-06-04,22:45,401695819,401695819,58,ESPN BET,Washington Nationals,Chicago Cubs,WSH,CHC,115.0,-135.0,close,close,0.0,-1.5,8.5,100.0,-120.0,2
2025-06-04,23:05,401695820,401695820,58,ESPN BET,New York Yankees,Cleveland Guardians,NYY,CLE,-200.0,165.0,close,close,0.0,1.5,8.5,-125.0,105.0,2
2025-06-04,23:07,401695824,401695824,58,ESPN BET,Toronto Blue Jays,Philadelphia Phillies,TOR,PHI,-110.0,-110.0,close,close,0.0,-1.5,9.5,105.0,-125.0,2
2025-06-04,23:15,401695818,401695818,58,ESPN BET,Atlanta Braves,Arizona Diamondbacks,ATL,ARI,-180.0,150.0,close,close,0.0,1.5,7.5,-110.0,-110.0,2
2025-06-04,23:35,401695825,401695825,58,ESPN BET,Tampa Bay Rays,Texas Rangers,TB,TEX,-135.0,115.0,close,close,0.0,1.5,8.5,-110.0,-110.0,2
2025-06-04,23:40,401695826,401695826,58,ESPN BET,Chicago White Sox,Detroit Tigers,CHW,DET,165.0,-200.0,close,close,0.0,-1.5,7.5,-125.0,105.0,2
2025-06-04,23:45,401695827,401695827,,,St. Louis Cardinals,Kansas City Royals,STL,KC,,,,,,,,,,1
2025-06-04,01:40,401695828,401695828,58,ESPN BET,Seattle Mariners,Baltimore Orioles,SEA,BAL,-115.0,-105.0,close,close,0.0,-1.5,8.5,-115.0,-105.0,2
2025-06-04,01:45,401695831,401695831,58,ESPN BET,San Francisco Giants,San Diego Padres,SF,SD,-105.0,-115.0,close,close,0.0,-1.5,7.5,115.0,-135.0,2
2025-06-04,02:05,401764549,401764549,58,ESPN BET,Athletics,Minnesota Twins,ATH,MIN,145.0,-175.0,close,close,0.0,-1.5,9.5,-130.0,110.0,2
2025-06-04,02:10,401695830,401695830,58,ESPN BET,Los Angeles Dodgers,New York Mets,LAD,NYM,-145.0,120.0,close,close,0.0,1.5,9.5,-120.0,100.0,2
2025-06-05,16:15,401695832,401695832,58,ESPN BET,Atlanta Braves,Arizona Diamondbacks,ATL,ARI,-160.0,135.0,close,close,0.0,1.5,9.5,115.0,-135.0,2
2025-06-05,17:45,401778098,401778098,58,ESPN BET,St. Louis Cardinals,Kansas City Royals,STL,KC,-130.0,110.0,close,close,0.0,1.5,8.5,100.0,-120.0,2
2025-06-05,18:10,401695838,401695838,58,ESPN BET,Chicago White Sox,Detroit Tigers,CHW,DET,165.0,-200.0,close,close,0.0,-1.5,7.5,-130.0,110.0,2
2025-06-05,19:07,401695836,401695836,58,ESPN BET,Toronto Blue Jays,Philadelphia Phillies,TOR,PHI,-105.0,-115.0,close,close,0.0,-1.5,8.5,100.0,-120.0,2
2025-06-05,19:35,401764550,401764550,58,ESPN BET,Athletics,Minnesota Twins,ATH,MIN,165.0,-200.0,close,close,0.0,-1.5,9.5,-105.0,-115.0,2
2025-06-05,19:40,401695840,401695840,58,ESPN BET,Seattle Mariners,Baltimore Orioles,SEA,BAL,-155.0,130.0,close,close,0.0,1.5,7.5,100.0,-120.0,2
2025-06-05,19:45,401695843,401695843,58,ESPN BET,San Francisco Giants,San Diego Padres,SF,SD,-120.0,100.0,close,close,0.0,-1.5,7.5,105.0,-125.0,2
2025-06-05,20:10,401695842,401695842,58,ESPN BET,Los Angeles Dodgers,New York Mets,LAD,NYM,-135.0,115.0,close,close,0.0,1.5,9.5,-115.0,-115.0,2
2025-06-05,22:40,401695835,401695835,58,ESPN BET,Pittsburgh Pirates,Houston Astros,PIT,HOU,120.0,-145.0,close,close,0.0,-1.5,7.5,-105.0,-115.0,2
2025-06-05,22:45,401695833,401695833,58,ESPN BET,Washington Nationals,Chicago Cubs,WSH,CHC,130.0,-155.0,close,close,0.0,-1.5,9.5,-120.0,100.0,2
2025-06-05,23:05,401695834,401695834,58,ESPN BET,New York Yankees,Cleveland Guardians,NYY,CLE,-285.0,230.0,close,close,0.0,1.5,8.5,-105.0,-115.0,2
2025-06-05,23:35,401695837,401695837,58,ESPN BET,Tampa Bay Rays,Texas Rangers,TB,TEX,-130.0,110.0,close,close,0.0,1.5,8.5,-120.0,100.0,2
2025-06-05,23:45,401695839,401695839,58,ESPN BET,St. Louis Cardinals,Kansas City Royals,STL,KC,-115.0,-105.0,close,close,0.0,-1.5,7.5,105.0,-125.0,2
2025-06-06,17:10,401695848,401695848,58,ESPN BET,Tampa Bay Rays,Miami Marlins,TB,MIA,-145.0,120.0,close,close,0.0,1.5,8.5,-125.0,105.0,2
2025-06-06,22:40,401695849,401695849,58,ESPN BET,Pittsburgh Pirates,Philadelphia Phillies,PIT,PHI,110.0,-130.0,close,close,0.0,-1.5,8.5,-115.0,-105.0,2
2025-06-06,22:45,401695850,401695850,58,ESPN BET,Washington Nationals,Texas Rangers,WSH,TEX,100.0,-120.0,close,close,0.0,-1.5,9.5,115.0,-135.0,2
2025-06-06,23:05,401695845,401695845,58,ESPN BET,New York Yankees,Boston Red Sox,NYY,BOS,-190.0,160.0,close,close,0.0,1.5,8.5,-125.0,105.0,2
2025-06-06,23:10,401695844,401695844,58,ESPN BET,Cincinnati Reds,Arizona Diamondbacks,CIN,ARI,-105.0,-115.0,close,close,0.0,-1.5,9.5,-105.0,-115.0,2
2025-06-06,23:10,401695846,401695846,58,ESPN BET,Detroit Tigers,Chicago Cubs,DET,CHC,-190.0,160.0,close,close,0.0,1.5,6.5,-145.0,120.0,2
2025-06-06,23:10,401695847,401695847,58,ESPN BET,Cleveland Guardians,Houston Astros,CLE,HOU,115.0,-135.0,close,close,0.0,-1.5,7.5,-120.0,100.0,2
2025-06-06,23:40,401695851,401695851,58,ESPN BET,Chicago White Sox,Kansas City Royals,CHW,KC,115.0,-135.0,close,close,0.0,-1.5,8.5,105.0,-125.0,2
2025-06-06,00:10,401695853,401695853,58,ESPN BET,Milwaukee Brewers,San Diego Padres,MIL,SD,-150.0,125.0,close,close,0.0,1.5,8.5,-125.0,105.0,2
2025-06-06,00:10,401695854,401695854,58,ESPN BET,Minnesota Twins,Toronto Blue Jays,MIN,TOR,-125.0,105.0,close,close,0.0,1.5,8.5,-105.0,-115.0,2
2025-06-06,00:15,401695852,401695852,58,ESPN BET,St. Louis Cardinals,Los Angeles Dodgers,STL,LAD,-115.0,-105.0,close,close,0.0,-1.5,8.5,-125.0,-105.0,2
2025-06-06,00:40,401695855,401695855,58,ESPN BET,Colorado Rockies,New York Mets,COL,NYM,225.0,-275.0,close,close,0.0,-2.5,10.5,-120.0,100.0,2
2025-06-06,01:38,401695858,401695858,58,ESPN BET,Los Angeles Angels,Seattle Mariners,LAA,SEA,100.0,-120.0,close,close,0.0,-1.5,8.5,-135.0,115.0,2
2025-06-06,02:05,401764551,401764551,58,ESPN BET,Athletics,Baltimore Orioles,ATH,BAL,-105.0,-115.0,close,close,0.0,-1.5,10.5,100.0,-120.0,2
2025-06-06,02:15,401695856,401695856,58,ESPN BET,San Francisco Giants,Atlanta Braves,SF,ATL,125.0,-150.0,close,close,0.0,-1.5,7.5,100.0,-120.0,2
2025-06-07,23:10,401695844,401695844,58,ESPN BET,Cincinnati Reds,Arizona Diamondbacks,CIN,ARI,-105.0,-115.0,close,close,0.0,-1.5,9.5,-105.0,-115.0,2
2025-06-07,17:10,401695861,401695861,58,ESPN BET,Detroit Tigers,Chicago Cubs,DET,CHC,100.0,-120.0,close,close,0.0,-1.5,8.5,-110.0,-110.0,2
2025-06-07,18:10,401695869,401695869,58,ESPN BET,Minnesota Twins,Toronto Blue Jays,MIN,TOR,-115.0,-105.0,close,close,0.0,-1.5,7.5,-115.0,-105.0,2
2025-06-07,18:15,401695867,401695867,58,ESPN BET,St. Louis Cardinals,Los Angeles Dodgers,STL,LAD,155.0,-185.0,close,close,0.0,-1.5,8.5,100.0,-120.0,2
2025-06-07,20:05,401695864,401695864,58,ESPN BET,Pittsburgh Pirates,Philadelphia Phillies,PIT,PHI,120.0,-140.0,close,close,0.0,-1.5,8.5,100.0,-120.0,2
2025-06-07,20:05,401695865,401695865,58,ESPN BET,Washington Nationals,Texas Rangers,WSH,TEX,135.0,-160.0,close,close,0.0,-1.5,8.5,100.0,-120.0,2
2025-06-07,20:05,401695871,401695871,58,ESPN BET,San Francisco Giants,Atlanta Braves,SF,ATL,-140.0,120.0,close,close,0.0,1.5,7.5,100.0,-120.0,2
2025-06-07,20:10,401695859,401695859,58,ESPN BET,Cincinnati Reds,Arizona Diamondbacks,CIN,ARI,-110.0,-110.0,close,close,0.0,-1.5,9.5,110.0,-130.0,2
2025-06-07,20:10,401695862,401695862,58,ESPN BET,Cleveland Guardians,Houston Astros,CLE,HOU,-105.0,-115.0,close,close,0.0,-1.5,6.5,-110.0,-110.0,2
2025-06-07,20:10,401695863,401695863,58,ESPN BET,Tampa Bay Rays,Miami Marlins,TB,MIA,-160.0,135.0,close,close,0.0,1.5,8.5,100.0,-120.0,2
2025-06-07,20:10,401695866,401695866,58,ESPN BET,Chicago White Sox,Kansas City Royals,CHW,KC,115.0,-135.0,close,close,0.0,-1.5,7.5,-130.0,110.0,2
2025-06-07,23:35,401695860,401695860,58,ESPN BET,New York Yankees,Boston Red Sox,NYY,BOS,-115.0,-105.0,close,close,0.0,-1.5,7.5,-105.0,-115.0,2
2025-06-07,23:35,401695868,401695868,58,ESPN BET,Milwaukee Brewers,San Diego Padres,MIL,SD,-135.0,115.0,close,close,0.0,1.5,7.5,-125.0,105.0,2
2025-06-07,01:38,401695873,401695873,58,ESPN BET,Los Angeles Angels,Seattle Mariners,LAA,SEA,145.0,-175.0,close,close,0.0,-1.5,8.5,-135.0,115.0,2
2025-06-07,01:40,401695870,401695870,58,ESPN BET,Colorado Rockies,New York Mets,COL,NYM,220.0,-270.0,close,close,0.0,-2.5,11.5,105.0,-125.0,2
2025-06-07,02:05,401764552,401764552,58,ESPN BET,Athletics,Baltimore Orioles,ATH,BAL,105.0,-125.0,close,close,0.0,-1.5,10.5,-110.0,-110.0,2
2025-06-08,16:10,401695878,401695878,58,ESPN BET,Tampa Bay Rays,Miami Marlins,TB,MIA,-235.0,195.0,close,close,0.0,1.5,8.5,-115.0,-105.0,2
2025-06-08,17:05,401695883,401695883,58,ESPN BET,Milwaukee Brewers,San Diego Padres,MIL,SD,-175.0,145.0,close,close,0.0,1.5,8.5,-110.0,-110.0,2
2025-06-08,17:35,401695879,401695879,58,ESPN BET,Pittsburgh Pirates,Philadelphia Phillies,PIT,PHI,-125.0,105.0,close,close,0.0,-1.5,6.5,-120.0,100.0,2
2025-06-08,17:35,401695880,401695880,58,ESPN BET,Washington Nationals,Texas Rangers,WSH,TEX,105.0,-125.0,close,close,0.0,-1.5,8.5,-120.0,100.0,2
2025-06-08,17:40,401695874,401695874,58,ESPN BET,Cincinnati Reds,Arizona Diamondbacks,CIN,ARI,-105.0,-115.0,close,close,0.0,-1.5,9.5,-115.0,-105.0,2
2025-06-08,17:40,401695876,401695876,58,ESPN BET,Detroit Tigers,Chicago Cubs,DET,CHC,-120.0,100.0,close,close,0.0,-1.5,8.5,-105.0,-115.0,2
2025-06-08,17:40,401695877,401695877,58,ESPN BET,Cleveland Guardians,Houston Astros,CLE,HOU,-145.0,120.0,close,close,0.0,1.5,7.5,100.0,-120.0,2
2025-06-08,18:10,401695881,401695881,58,ESPN BET,Chicago White Sox,Kansas City Royals,CHW,KC,100.0,-120.0,close,close,0.0,-1.5,9.5,115.0,-135.0,2
2025-06-08,18:10,401695884,401695884,58,ESPN BET,Minnesota Twins,Toronto Blue Jays,MIN,TOR,-175.0,145.0,close,close,0.0,1.5,8.5,-125.0,105.0,2
2025-06-08,18:15,401695882,401695882,58,ESPN BET,St. Louis Cardinals,Los Angeles Dodgers,STL,LAD,115.0,-135.0,close,close,0.0,-1.5,9.5,100.0,-120.0,2
2025-06-08,19:10,401695885,401695885,58,ESPN BET,Colorado Rockies,New York Mets,COL,NYM,230.0,-285.0,close,close,0.0,-2.5,10.5,-125.0,105.0,2
2025-06-08,20:05,401695886,401695886,58,ESPN BET,San Francisco Giants,Atlanta Braves,SF,ATL,100.0,-120.0,close,close,0.0,-1.5,7.5,100.0,-120.0,2
2025-06-08,20:05,401764553,401764553,58,ESPN BET,Athletics,Baltimore Orioles,ATH,BAL,-105.0,-115.0,close,close,0.0,-1.5,10.5,-110.0,-110.0,2
2025-06-08,20:07,401695888,401695888,58,ESPN BET,Los Angeles Angels,Seattle Mariners,LAA,SEA,110.0,-130.0,close,close,0.0,-1.5,9.5,105.0,-125.0,2
2025-06-08,23:00,401695875,401695875,58,ESPN BET,New York Yankees,Boston Red Sox,NYY,BOS,-240.0,200.0,close,close,0.0,1.5,7.5,-120.0,100.0,2
2025-06-09,22:40,401695890,401695890,58,ESPN BET,Cleveland Guardians,Cincinnati Reds,CLE,CIN,-160.0,135.0,close,close,0.0,1.5,8.5,-135.0,115.0,2
2025-06-09,22:40,401695891,401695891,58,ESPN BET,Pittsburgh Pirates,Miami Marlins,PIT,MIA,-125.0,105.0,close,close,0.0,1.5,7.5,-125.0,105.0,2
2025-06-09,22:45,401695889,401695889,58,ESPN BET,Philadelphia Phillies,Chicago Cubs,PHI,CHC,-130.0,110.0,close,close,0.0,1.5,7.5,100.0,-120.0,2
2025-06-09,23:10,401695892,401695892,58,ESPN BET,Boston Red Sox,Tampa Bay Rays,BOS,TB,-110.0,-110.0,close,close,0.0,-1.5,8.5,-110.0,-110.0,2
2025-06-09,23:40,401695893,401695893,58,ESPN BET,Milwaukee Brewers,Atlanta Braves,MIL,ATL,145.0,-175.0,close,close,0.0,-1.5,7.5,-115.0,-105.0,2
2025-06-09,23:45,401695894,401695894,58,ESPN BET,St. Louis Cardinals,Toronto Blue Jays,STL,TOR,-125.0,105.0,close,close,0.0,1.5,8.5,-115.0,-105.0,2
2025-06-09,01:38,401695896,401695896,58,ESPN BET,Los Angeles Angels,Athletics,LAA,ATH,-130.0,110.0,close,close,0.0,1.5,8.5,-125.0,105.0,2
2025-06-09,01:40,401695895,401695895,58,ESPN BET,San Diego Padres,Los Angeles Dodgers,SD,LAD,100.0,-120.0,close,close,0.0,-1.5,8.5,105.0,-125.0,2
2025-06-09,01:40,401695897,401695897,58,ESPN BET,Arizona Diamondbacks,Seattle Mariners,ARI,SEA,-155.0,130.0,close,close,0.0,1.5,9.5,-105.0,-115.0,2
2025-06-10,22:35,401695900,401695900,58,ESPN BET,Baltimore Orioles,Detroit Tigers,BAL,DET,-130.0,110.0,close,close,0.0,1.5,9.5,110.0,-130.0,2
2025-06-10,22:40,401695899,401695899,58,ESPN BET,Cleveland Guardians,Cincinnati Reds,CLE,CIN,-115.0,-105.0,close,close,0.0,-1.5,8.5,-110.0,-110.0,2
2025-06-10,22:40,401695901,401695901,58,ESPN BET,Pittsburgh Pirates,Miami Marlins,PIT,MIA,-145.0,120.0,close,close,0.0,1.5,8.5,105.0,-125.0,2
2025-06-10,22:45,401695898,401695898,58,ESPN BET,Philadelphia Phillies,Chicago Cubs,PHI,CHC,-110.0,-110.0,close,close,0.0,-1.5,9.5,-110.0,-110.0,2
2025-06-10,23:10,401695902,401695902,58,ESPN BET,Boston Red Sox,Tampa Bay Rays,BOS,TB,-115.0,-105.0,close,close,0.0,-1.5,8.5,-135.0,115.0,2
2025-06-10,23:10,401695903,401695903,58,ESPN BET,New York Mets,Washington Nationals,NYM,WSH,-150.0,125.0,close,close,0.0,1.5,7.5,-120.0,100.0,2
2025-06-10,23:40,401695904,401695904,58,ESPN BET,Milwaukee Brewers,Atlanta Braves,MIL,ATL,110.0,-130.0,close,close,0.0,-1.5,8.5,100.0,-120.0,2
2025-06-10,23:40,401695906,401695906,58,ESPN BET,Kansas City Royals,New York Yankees,KC,NYY,165.0,-200.0,close,close,0.0,-1.5,8.5,-115.0,-105.0,2
2025-06-10,23:40,401695907,401695907,58,ESPN BET,Minnesota Twins,Texas Rangers,MIN,TEX,-125.0,105.0,close,close,0.0,1.5,8.5,-135.0,115.0,2
2025-06-10,23:45,401695908,401695908,58,ESPN BET,St. Louis Cardinals,Toronto Blue Jays,STL,TOR,-120.0,100.0,close,close,0.0,-1.5,7.5,-125.0,105.0,2
2025-06-10,00:10,401695905,401695905,58,ESPN BET,Houston Astros,Chicago White Sox,HOU,CHW,-160.0,135.0,close,close,0.0,1.5,7.5,-120.0,100.0,2
2025-06-10,00:40,401695909,401695909,58,ESPN BET,Colorado Rockies,San Francisco Giants,COL,SF,165.0,-200.0,close,close,0.0,-2.5,11.5,100.0,-120.0,2
2025-06-10,01:38,401695911,401695911,58,ESPN BET,Los Angeles Angels,Athletics,LAA,ATH,-175.0,145.0,close,close,0.0,1.5,9.5,110.0,-130.0,2
2025-06-10,01:40,401695910,401695910,58,ESPN BET,San Diego Padres,Los Angeles Dodgers,SD,LAD,-110.0,-110.0,close,close,0.0,-1.5,8.5,-110.0,-110.0,2
2025-06-10,01:40,401695912,401695912,58,ESPN BET,Arizona Diamondbacks,Seattle Mariners,ARI,SEA,-145.0,120.0,close,close,0.0,1.5,9.5,-120.0,100.0,2
2025-06-11,16:35,401695916,401695916,58,ESPN BET,Pittsburgh Pirates,Miami Marlins,PIT,MIA,-160.0,135.0,close,close,0.0,1.5,8.5,-120.0,100.0,2
2025-06-11,17:05,401695913,401695913,58,ESPN BET,Philadelphia Phillies,Chicago Cubs,PHI,CHC,-115.0,-105.0,close,close,0.0,-1.5,8.5,-125.0,105.0,2
2025-06-11,17:10,401695914,401695914,58,ESPN BET,Cleveland Guardians,Cincinnati Reds,CLE,CIN,105.0,-125.0,close,close,0.0,-1.5,8.5,-120.0,100.0,2
2025-06-11,18:10,401695919,401695919,58,ESPN BET,Milwaukee Brewers,Atlanta Braves,MIL,ATL,155.0,-185.0,close,close,0.0,-1.5,7.5,-110.0,-110.0,2
2025-06-11,18:15,401695923,401695923,58,ESPN BET,St. Louis Cardinals,Toronto Blue Jays,STL,TOR,-135.0,115.0,close,close,0.0,1.5,8.5,-110.0,-110.0,2
2025-06-11,19:40,401695927,401695927,58,ESPN BET,Arizona Diamondbacks,Seattle Mariners,ARI,SEA,-115.0,-105.0,close,close,0.0,-1.5,8.5,-115.0,-105.0,2
2025-06-11,20:07,401695926,401695926,58,ESPN BET,Los Angeles Angels,Athletics,LAA,ATH,-150.0,125.0,close,close,0.0,1.5,9.5,-110.0,-110.0,2
2025-06-11,20:10,401695925,401695925,58,ESPN BET,San Diego Padres,Los Angeles Dodgers,SD,LAD,130.0,-155.0,close,close,0.0,-1.5,9.5,-110.0,-110.0,2
2025-06-11,22:35,401695915,401695915,58,ESPN BET,Baltimore Orioles,Detroit Tigers,BAL,DET,-135.0,115.0,close,close,0.0,1.5,8.5,-135.0,115.0,2
2025-06-11,23:10,401695917,401695917,58,ESPN BET,Boston Red Sox,Tampa Bay Rays,BOS,TB,-125.0,105.0,close,close,0.0,1.5,9.5,-115.0,-105.0,2
2025-06-11,23:10,401695918,401695918,58,ESPN BET,New York Mets,Washington Nationals,NYM,WSH,-285.0,230.0,close,close,0.0,1.5,8.5,-115.0,-105.0,2
2025-06-11,23:40,401695921,401695921,58,ESPN BET,Kansas City Royals,New York Yankees,KC,NYY,110.0,-130.0,close,close,0.0,-1.5,8.5,-120.0,100.0,2
2025-06-11,23:40,401695922,401695922,58,ESPN BET,Minnesota Twins,Texas Rangers,MIN,TEX,-150.0,125.0,close,close,0.0,1.5,8.5,100.0,-120.0,2
2025-06-11,00:10,401695920,401695920,58,ESPN BET,Houston Astros,Chicago White Sox,HOU,CHW,-180.0,150.0,close,close,0.0,1.5,8.5,-110.0,-110.0,2
2025-06-11,00:40,401695924,401695924,58,ESPN BET,Colorado Rockies,San Francisco Giants,COL,SF,165.0,-200.0,close,close,0.0,-1.5,10.5,-105.0,-115.0,2
2025-06-12,17:10,401695929,401695929,58,ESPN BET,New York Mets,Washington Nationals,NYM,WSH,-190.0,160.0,close,close,0.0,1.5,8.5,-115.0,-105.0,2
2025-06-12,17:10,401695934,401695934,58,ESPN BET,Minnesota Twins,Texas Rangers,MIN,TEX,-155.0,130.0,close,close,0.0,1.5,7.5,-125.0,105.0,2
2025-06-12,19:10,401695935,401695935,58,ESPN BET,Colorado Rockies,San Francisco Giants,COL,SF,195.0,-235.0,close,close,0.0,-2.5,11.5,105.0,-125.0,2
2025-06-12,22:35,401695928,401695928,58,ESPN BET,Baltimore Orioles,Detroit Tigers,BAL,DET,165.0,-200.0,close,close,0.0,-1.5,7.5,-105.0,-115.0,2
2025-06-12,23:40,401695931,401695931,58,ESPN BET,Kansas City Royals,New York Yankees,KC,NYY,105.0,-125.0,close,close,0.0,-1.5,8.5,-105.0,-115.0,2
2025-06-12,23:40,401695933,401695933,58,ESPN BET,Milwaukee Brewers,St. Louis Cardinals,MIL,STL,115.0,-135.0,close,close,0.0,-1.5,7.5,-110.0,-110.0,2
2025-06-12,00:05,401695932,401695932,58,ESPN BET,Chicago Cubs,Pittsburgh Pirates,CHC,PIT,-205.0,170.0,close,close,0.0,1.5,7.5,100.0,-120.0,2
2025-06-12,00:10,401695930,401695930,58,ESPN BET,Houston Astros,Chicago White Sox,HOU,CHW,-270.0,220.0,close,close,0.0,1.5,7.5,-105.0,-115.0,2
2025-06-13,18:20,401695946,401695946,58,ESPN BET,Chicago Cubs,Pittsburgh Pirates,CHC,PIT,-110.0,-110.0,close,close,0.0,-1.5,6.5,-120.0,100.0,2
2025-06-13,22:45,401695939,401695939,58,ESPN BET,Washington Nationals,Miami Marlins,WSH,MIA,-115.0,-105.0,close,close,0.0,-1.5,8.5,-120.0,100.0,2
2025-06-13,22:45,401695942,401695942,58,ESPN BET,Philadelphia Phillies,Toronto Blue Jays,PHI,TOR,-110.0,-110.0,close,close,0.0,-1.5,7.5,-125.0,105.0,2
2025-06-13,23:05,401695936,401695936,58,ESPN BET,Baltimore Orioles,Los Angeles Angels,BAL,LAA,-185.0,155.0,close,close,0.0,1.5,9.5,-120.0,100.0,2
2025-06-13,23:10,401695937,401695937,58,ESPN BET,Detroit Tigers,Cincinnati Reds,DET,CIN,-135.0,115.0,close,close,0.0,1.5,7.5,-125.0,105.0,2
2025-06-13,23:10,401695940,401695940,58,ESPN BET,Boston Red Sox,New York Yankees,BOS,NYY,-135.0,115.0,close,close,0.0,1.5,7.5,-120.0,100.0,2
2025-06-13,23:10,401695941,401695941,58,ESPN BET,New York Mets,Tampa Bay Rays,NYM,TB,-165.0,140.0,close,close,0.0,1.5,8.5,110.0,-130.0,2
2025-06-13,23:15,401695938,401695938,58,ESPN BET,Atlanta Braves,Colorado Rockies,ATL,COL,-385.0,300.0,close,close,0.0,2.5,8.5,-120.0,100.0,2
2025-06-13,00:05,401695943,401695943,58,ESPN BET,Texas Rangers,Chicago White Sox,TEX,CHW,-175.0,145.0,close,close,0.0,1.5,8.5,-105.0,-115.0,2
2025-06-13,00:10,401695944,401695944,58,ESPN BET,Houston Astros,Minnesota Twins,HOU,MIN,-105.0,-115.0,close,close,0.0,-1.5,7.5,-130.0,110.0,2
2025-06-13,00:10,401695945,401695945,58,ESPN BET,Kansas City Royals,Athletics,KC,ATH,-160.0,135.0,close,close,0.0,1.5,8.5,-105.0,-115.0,2
2025-06-13,00:10,401695947,401695947,58,ESPN BET,Milwaukee Brewers,St. Louis Cardinals,MIL,STL,-160.0,135.0,close,close,0.0,1.5,7.5,-115.0,-115.0,2
2025-06-13,01:40,401695949,401695949,58,ESPN BET,Arizona Diamondbacks,San Diego Padres,ARI,SD,-135.0,115.0,close,close,0.0,1.5,9.5,-105.0,-115.0,2
2025-06-13,02:10,401695948,401695948,58,ESPN BET,Seattle Mariners,Cleveland Guardians,SEA,CLE,-115.0,-105.0,close,close,0.0,-1.5,7.5,-105.0,-115.0,2
2025-06-13,02:10,401695950,401695950,58,ESPN BET,Los Angeles Dodgers,San Francisco Giants,LAD,SF,-185.0,155.0,close,close,0.0,1.5,7.5,-110.0,-110.0,2
2025-06-14,17:05,401695954,401695954,58,ESPN BET,Washington Nationals,Miami Marlins,WSH,MIA,-130.0,110.0,close,close,0.0,1.5,8.5,-125.0,105.0,2
2025-06-14,17:10,401695952,401695952,58,ESPN BET,Detroit Tigers,Cincinnati Reds,DET,CIN,-180.0,150.0,close,close,0.0,1.5,7.5,-125.0,105.0,2
2025-06-14,18:20,401695961,401695961,58,ESPN BET,Chicago Cubs,Pittsburgh Pirates,CHC,PIT,-215.0,180.0,close,close,0.0,1.5,7.5,100.0,-130.0,2
2025-06-14,20:05,401695951,401695951,58,ESPN BET,Baltimore Orioles,Los Angeles Angels,BAL,LAA,-155.0,130.0,close,close,0.0,1.5,9.5,110.0,-130.0,2
2025-06-14,20:05,401695957,401695957,58,ESPN BET,Philadelphia Phillies,Toronto Blue Jays,PHI,TOR,-160.0,135.0,close,close,0.0,1.5,8.5,105.0,-125.0,2
2025-06-14,20:05,401695958,401695958,58,ESPN BET,Texas Rangers,Chicago White Sox,TEX,CHW,-290.0,235.0,close,close,0.0,1.5,7.5,100.0,-120.0,2
2025-06-14,20:10,401695956,401695956,58,ESPN BET,New York Mets,Tampa Bay Rays,NYM,TB,-150.0,125.0,close,close,0.0,1.5,7.5,100.0,-130.0,2
2025-06-14,20:10,401695959,401695959,58,ESPN BET,Houston Astros,Minnesota Twins,HOU,MIN,-105.0,-115.0,close,close,0.0,-1.5,6.5,-120.0,100.0,2
2025-06-14,20:10,401695960,401695960,58,ESPN BET,Kansas City Royals,Athletics,KC,ATH,-160.0,135.0,close,close,0.0,1.5,9.5,-110.0,-110.0,2
2025-06-14,20:10,401695962,401695962,58,ESPN BET,Milwaukee Brewers,St. Louis Cardinals,MIL,STL,-135.0,115.0,close,close,0.0,1.5,8.5,100.0,-120.0,2
2025-06-14,20:20,401695953,401695953,58,ESPN BET,Atlanta Braves,Colorado Rockies,ATL,COL,-350.0,280.0,close,close,0.0,2.5,8.5,-125.0,-105.0,2
2025-06-14,23:15,401695955,401695955,58,ESPN BET,Boston Red Sox,New York Yankees,BOS,NYY,145.0,-175.0,close,close,0.0,-1.5,8.5,-110.0,-110.0,2
2025-06-14,23:15,401695964,401695964,58,ESPN BET,Arizona Diamondbacks,San Diego Padres,ARI,SD,-175.0,145.0,close,close,0.0,1.5,9.5,-105.0,-115.0,2
2025-06-14,01:40,401695963,401695963,58,ESPN BET,Seattle Mariners,Cleveland Guardians,SEA,CLE,-145.0,120.0,close,close,0.0,1.5,6.5,-130.0,110.0,2
2025-06-14,02:10,401695965,401695965,58,ESPN BET,Los Angeles Dodgers,San Francisco Giants,LAD,SF,-185.0,155.0,close,close,0.0,1.5,9.5,100.0,-120.0,2
2025-06-15,16:05,401695967,401695967,58,ESPN BET,Detroit Tigers,Cincinnati Reds,DET,CIN,-180.0,150.0,close,close,0.0,1.5,8.5,-115.0,-105.0,2
2025-06-15,17:35,401695966,401695966,58,ESPN BET,Baltimore Orioles,Los Angeles Angels,BAL,LAA,-115.0,-105.0,close,close,0.0,-1.5,8.5,-110.0,-110.0,2
2025-06-15,17:35,401695968,401695968,58,ESPN BET,Atlanta Braves,Colorado Rockies,ATL,COL,-360.0,285.0,close,close,0.0,2.5,8.5,-135.0,115.0,2
2025-06-15,17:35,401695969,401695969,58,ESPN BET,Washington Nationals,Miami Marlins,WSH,MIA,-160.0,135.0,close,close,0.0,1.5,7.5,-110.0,-110.0,2
2025-06-15,17:35,401695970,401695970,58,ESPN BET,Boston Red Sox,New York Yankees,BOS,NYY,155.0,-185.0,close,close,0.0,-1.5,8.5,100.0,-120.0,2
2025-06-15,17:35,401695972,401695972,58,ESPN BET,Philadelphia Phillies,Toronto Blue Jays,PHI,TOR,-175.0,145.0,close,close,0.0,1.5,6.5,-130.0,110.0,2
2025-06-15,17:40,401695971,401695971,58,ESPN BET,New York Mets,Tampa Bay Rays,NYM,TB,-160.0,135.0,close,close,0.0,1.5,7.5,-125.0,105.0,2
2025-06-15,18:10,401695974,401695974,58,ESPN BET,Houston Astros,Minnesota Twins,HOU,MIN,-125.0,105.0,close,close,0.0,1.5,8.5,105.0,-125.0,2
2025-06-15,18:10,401695975,401695975,58,ESPN BET,Kansas City Royals,Athletics,KC,ATH,-150.0,125.0,close,close,0.0,1.5,8.5,-115.0,-105.0,2
2025-06-15,18:10,401695977,401695977,58,ESPN BET,Milwaukee Brewers,St. Louis Cardinals,MIL,STL,-135.0,115.0,close,close,0.0,1.5,8.5,105.0,-125.0,2
2025-06-15,18:20,401695976,401695976,58,ESPN BET,Chicago Cubs,Pittsburgh Pirates,CHC,PIT,-155.0,130.0,close,close,0.0,1.5,6.5,-135.0,115.0,2
2025-06-15,18:35,401695973,401695973,58,ESPN BET,Texas Rangers,Chicago White Sox,TEX,CHW,-165.0,140.0,close,close,0.0,1.5,8.5,110.0,-130.0,2
2025-06-15,20:10,401695978,401695978,58,ESPN BET,Seattle Mariners,Cleveland Guardians,SEA,CLE,-120.0,100.0,close,close,0.0,-1.5,8.5,100.0,-120.0,2
2025-06-15,20:10,401695979,401695979,58,ESPN BET,Arizona Diamondbacks,San Diego Padres,ARI,SD,-135.0,115.0,close,close,0.0,1.5,8.5,-120.0,100.0,2
2025-06-15,23:00,401695980,401695980,58,ESPN BET,Los Angeles Dodgers,San Francisco Giants,LAD,SF,-200.0,165.0,close,close,0.0,1.5,8.5,-135.0,115.0,2
2025-06-16,22:40,401695984,401695984,58,ESPN BET,Miami Marlins,Philadelphia Phillies,MIA,PHI,100.0,-120.0,close,close,0.0,-1.5,8.5,-110.0,-110.0,2
2025-06-16,22:45,401695983,401695983,58,ESPN BET,Washington Nationals,Colorado Rockies,WSH,COL,-165.0,140.0,close,close,0.0,1.5,8.5,-110.0,-110.0,2
2025-06-16,23:05,401695981,401695981,58,ESPN BET,New York Yankees,Los Angeles Angels,NYY,LAA,-205.0,170.0,close,close,0.0,1.5,7.5,-115.0,-105.0,2
2025-06-16,23:35,401695982,401695982,58,ESPN BET,Tampa Bay Rays,Baltimore Orioles,TB,BAL,-110.0,-110.0,close,close,0.0,-1.5,8.5,-110.0,-110.0,2
2025-06-16,01:40,401695985,401695985,58,ESPN BET,Seattle Mariners,Boston Red Sox,SEA,BOS,-165.0,140.0,close,close,0.0,1.5,6.5,-145.0,120.0,2
2025-06-16,02:05,401764554,401764554,58,ESPN BET,Athletics,Houston Astros,ATH,HOU,-105.0,-115.0,close,close,0.0,-1.5,9.5,100.0,-120.0,2
2025-06-16,02:10,401695987,401695987,58,ESPN BET,Los Angeles Dodgers,San Diego Padres,LAD,SD,-175.0,145.0,close,close,0.0,1.5,8.5,-115.0,-105.0,2
2025-06-17,22:10,401695994,401695994,58,ESPN BET,Miami Marlins,Philadelphia Phillies,MIA,PHI,145.0,-175.0,close,close,0.0,-1.5,8.5,-110.0,-110.0,2
2025-06-17,22:40,401695995,401695995,58,ESPN BET,Detroit Tigers,Pittsburgh Pirates,DET,PIT,-200.0,165.0,close,close,0.0,1.5,8.5,110.0,-130.0,2
2025-06-17,22:45,401695991,401695991,58,ESPN BET,Washington Nationals,Colorado Rockies,WSH,COL,-200.0,165.0,close,close,0.0,1.5,8.5,-110.0,-110.0,2
2025-06-17,23:05,401695988,401695988,58,ESPN BET,New York Yankees,Los Angeles Angels,NYY,LAA,-250.0,205.0,close,close,0.0,1.5,8.5,-125.0,105.0,2
2025-06-17,23:07,401695989,401695989,58,ESPN BET,Toronto Blue Jays,Arizona Diamondbacks,TOR,ARI,-125.0,105.0,close,close,0.0,1.5,8.5,-120.0,100.0,2
2025-06-17,23:10,401695992,401695992,58,ESPN BET,Cincinnati Reds,Minnesota Twins,CIN,MIN,-130.0,110.0,close,close,0.0,1.5,8.5,-115.0,-115.0,2
2025-06-17,23:15,401695993,401695993,58,ESPN BET,Atlanta Braves,New York Mets,ATL,NYM,-135.0,115.0,close,close,0.0,1.5,8.5,-105.0,-115.0,2
2025-06-17,23:35,401695990,401695990,58,ESPN BET,Tampa Bay Rays,Baltimore Orioles,TB,BAL,-110.0,-110.0,close,close,0.0,-1.5,9.5,110.0,-130.0,2
2025-06-17,23:40,401695998,401695998,58,ESPN BET,Chicago White Sox,St. Louis Cardinals,CHW,STL,110.0,-130.0,close,close,0.0,-1.5,9.5,110.0,-130.0,2
2025-06-17,00:05,401695996,401695996,58,ESPN BET,Texas Rangers,Kansas City Royals,TEX,KC,-125.0,105.0,close,close,0.0,1.5,8.5,105.0,-125.0,2
2025-06-17,00:05,401695997,401695997,58,ESPN BET,Chicago Cubs,Milwaukee Brewers,CHC,MIL,-155.0,130.0,close,close,0.0,1.5,9.5,-105.0,-115.0,2
2025-06-17,01:40,401695999,401695999,58,ESPN BET,Seattle Mariners,Boston Red Sox,SEA,BOS,-150.0,125.0,close,close,0.0,1.5,7.5,120.0,-145.0,2
2025-06-17,01:45,401696000,401696000,58,ESPN BET,San Francisco Giants,Cleveland Guardians,SF,CLE,-155.0,130.0,close,close,0.0,1.5,7.5,110.0,-130.0,2
2025-06-17,02:05,401764555,401764555,58,ESPN BET,Athletics,Houston Astros,ATH,HOU,100.0,-120.0,close,close,0.0,-1.5,10.5,-125.0,105.0,2
2025-06-17,02:10,401696002,401696002,58,ESPN BET,Los Angeles Dodgers,San Diego Padres,LAD,SD,-205.0,170.0,close,close,0.0,1.5,10.5,100.0,-120.0,2
2025-06-18,20:10,401696014,401696014,58,ESPN BET,Seattle Mariners,Boston Red Sox,SEA,BOS,100.0,-120.0,close,close,0.0,-1.5,6.5,-115.0,-105.0,2
2025-06-18,22:40,401696009,401696009,58,ESPN BET,Miami Marlins,Philadelphia Phillies,MIA,PHI,155.0,-185.0,close,close,0.0,-1.5,8.5,-115.0,-105.0,2
2025-06-18,22:40,401696010,401696010,,,Detroit Tigers,Pittsburgh Pirates,DET,PIT,,,,,,,,,,0
2025-06-18,22:45,401696006,401696006,58,ESPN BET,Washington Nationals,Colorado Rockies,WSH,COL,-155.0,130.0,close,close,0.0,1.5,9.5,100.0,-115.0,2
2025-06-18,23:05,401696003,401696003,58,ESPN BET,New York Yankees,Los Angeles Angels,NYY,LAA,-255.0,210.0,close,close,0.0,1.5,9.5,-105.0,-115.0,2
2025-06-18,23:07,401696004,401696004,58,ESPN BET,Toronto Blue Jays,Arizona Diamondbacks,TOR,ARI,-110.0,-110.0,close,close,0.0,-1.5,8.5,-120.0,100.0,2
2025-06-18,23:10,401696007,401696007,58,ESPN BET,Cincinnati Reds,Minnesota Twins,CIN,MIN,-130.0,110.0,close,close,0.0,-0.0,0.0,,,2
2025-06-18,23:15,401696008,401696008,58,ESPN BET,Atlanta Braves,New York Mets,ATL,NYM,-190.0,160.0,close,close,0.0,1.5,7.5,-115.0,-105.0,2
2025-06-18,23:35,401696005,401696005,58,ESPN BET,Tampa Bay Rays,Baltimore Orioles,TB,BAL,-125.0,105.0,close,close,0.0,-1.5,8.5,-125.0,105.0,2
2025-06-18,23:40,401696013,401696013,,,Chicago White Sox,St. Louis Cardinals,CHW,STL,,,,,,,,,,1
2025-06-18,00:05,401696011,401696011,58,ESPN BET,Texas Rangers,Kansas City Royals,TEX,KC,115.0,-135.0,close,close,0.0,-1.5,7.5,-130.0,110.0,2
2025-06-18,00:05,401696012,401696012,,,Chicago Cubs,Milwaukee Brewers,CHC,MIL,,,,,,,,,,1
2025-06-18,01:45,401696015,401696015,58,ESPN BET,San Francisco Giants,Cleveland Guardians,SF,CLE,-150.0,125.0,close,close,0.0,1.5,8.5,105.0,-125.0,2
2025-06-18,02:05,401764556,401764556,58,ESPN BET,Athletics,Houston Astros,ATH,HOU,150.0,-180.0,close,close,0.0,-1.5,9.5,100.0,-120.0,2
2025-06-18,02:10,401696017,401696017,58,ESPN BET,Los Angeles Dodgers,San Diego Padres,LAD,SD,-210.0,175.0,close,close,0.0,1.5,9.5,-110.0,-110.0,2
2025-06-19,16:40,401696022,401696022,58,ESPN BET,Cincinnati Reds,Minnesota Twins,CIN,MIN,-115.0,-105.0,close,close,0.0,-1.5,9.5,-105.0,-115.0,2
2025-06-19,17:05,401696018,401696018,58,ESPN BET,New York Yankees,Los Angeles Angels,NYY,LAA,-285.0,230.0,close,close,0.0,2.5,10.5,100.0,-120.0,2
2025-06-19,17:05,401696021,401696021,58,ESPN BET,Washington Nationals,Colorado Rockies,WSH,COL,-175.0,145.0,close,close,0.0,1.5,9.5,-120.0,100.0,2
2025-06-19,17:10,401696025,401696025,58,ESPN BET,Detroit Tigers,Pittsburgh Pirates,DET,PIT,-365.0,285.0,close,close,0.0,2.5,7.5,115.0,-135.0,2
2025-06-19,18:10,401696028,401696028,58,ESPN BET,Chicago White Sox,St. Louis Cardinals,CHW,STL,115.0,-135.0,close,close,0.0,-1.5,9.5,105.0,-125.0,2
2025-06-19,18:20,401696027,401696027,58,ESPN BET,Chicago Cubs,Milwaukee Brewers,CHC,MIL,-130.0,110.0,close,close,0.0,1.5,8.5,-110.0,-110.0,2
2025-06-19,18:35,401696026,401696026,58,ESPN BET,Texas Rangers,Kansas City Royals,TEX,KC,-130.0,110.0,close,close,0.0,1.5,7.5,-125.0,105.0,2
2025-06-19,19:07,401696019,401696019,58,ESPN BET,Toronto Blue Jays,Arizona Diamondbacks,TOR,ARI,-160.0,135.0,close,close,0.0,1.5,8.5,-115.0,-105.0,2
2025-06-19,20:05,401696029,401696029,58,ESPN BET,San Francisco Giants,Cleveland Guardians,SF,CLE,-175.0,145.0,close,close,0.0,1.5,7.5,120.0,-145.0,2
2025-06-19,21:45,401785798,401785798,58,ESPN BET,Chicago White Sox,St. Louis Cardinals,CHW,STL,130.0,-170.0,close,close,0.0,-1.5,8.5,-130.0,110.0,2
2025-06-19,22:10,401785972,401785972,58,ESPN BET,Detroit Tigers,Pittsburgh Pirates,DET,PIT,100.0,-130.0,close,close,0.0,-1.5,7.5,105.0,-140.0,2
2025-06-19,22:40,401696024,401696024,58,ESPN BET,Miami Marlins,Philadelphia Phillies,MIA,PHI,120.0,-145.0,close,close,0.0,-1.5,7.5,-105.0,-115.0,2
2025-06-19,23:15,401696023,401696023,58,ESPN BET,Atlanta Braves,New York Mets,ATL,NYM,-145.0,120.0,close,close,0.0,1.5,8.5,-135.0,115.0,2
2025-06-19,23:45,401696020,401696020,58,ESPN BET,Tampa Bay Rays,Baltimore Orioles,TB,BAL,-145.0,120.0,close,close,0.0,1.5,8.5,105.0,-125.0,2
2025-06-19,02:05,401764557,401764557,58,ESPN BET,Athletics,Houston Astros,ATH,HOU,120.0,-145.0,close,close,0.0,-1.5,9.5,-120.0,100.0,2
2025-06-19,02:10,401696031,401696031,58,ESPN BET,Los Angeles Dodgers,San Diego Padres,LAD,SD,-275.0,225.0,close,close,0.0,1.5,8.5,-110.0,-110.0,2
2025-06-20,18:20,401696040,401696040,58,ESPN BET,Chicago Cubs,Seattle Mariners,CHC,SEA,-145.0,120.0,close,close,0.0,1.5,10.5,100.0,-120.0,2
2025-06-20,22:40,401696037,401696037,58,ESPN BET,Pittsburgh Pirates,Texas Rangers,PIT,TEX,145.0,-175.0,close,close,0.0,-1.5,7.5,-120.0,-110.0,2
2025-06-20,23:05,401696033,401696033,58,ESPN BET,New York Yankees,Baltimore Orioles,NYY,BAL,-320.0,255.0,close,close,0.0,2.5,8.5,-130.0,110.0,2
2025-06-20,23:05,401696035,401696035,58,ESPN BET,Tampa Bay Rays,Detroit Tigers,TB,DET,-110.0,-110.0,close,close,0.0,-1.5,7.5,-120.0,100.0,2
2025-06-20,23:07,401696034,401696034,58,ESPN BET,Toronto Blue Jays,Chicago White Sox,TOR,CHW,-205.0,170.0,close,close,0.0,1.5,8.5,-115.0,-105.0,2
2025-06-20,23:10,401696032,401696032,58,ESPN BET,Miami Marlins,Atlanta Braves,MIA,ATL,125.0,-150.0,close,close,0.0,-1.5,8.5,-130.0,110.0,2
2025-06-20,23:15,401696036,401696036,58,ESPN BET,Philadelphia Phillies,New York Mets,PHI,NYM,-200.0,165.0,close,close,0.0,1.5,8.5,-120.0,100.0,2
2025-06-20,23:15,401696038,401696038,58,ESPN BET,St. Louis Cardinals,Cincinnati Reds,STL,CIN,-145.0,120.0,close,close,0.0,1.5,8.5,-130.0,110.0,2
2025-06-20,00:10,401696039,401696039,58,ESPN BET,Minnesota Twins,Milwaukee Brewers,MIN,MIL,-160.0,135.0,close,close,0.0,1.5,7.5,-115.0,-115.0,2
2025-06-20,00:40,401696041,401696041,58,ESPN BET,Colorado Rockies,Arizona Diamondbacks,COL,ARI,135.0,-160.0,close,close,0.0,-1.5,11.5,-120.0,100.0,2
2025-06-20,01:38,401696044,401696044,58,ESPN BET,Los Angeles Angels,Houston Astros,LAA,HOU,145.0,-175.0,close,close,0.0,-1.5,8.5,110.0,-130.0,2
2025-06-20,01:40,401696045,401696045,58,ESPN BET,San Diego Padres,Kansas City Royals,SD,KC,-175.0,145.0,close,close,0.0,1.5,7.5,-125.0,105.0,2
2025-06-20,02:05,401764558,401764558,58,ESPN BET,Athletics,Cleveland Guardians,ATH,CLE,105.0,-125.0,close,close,0.0,-1.5,9.5,105.0,-125.0,2
2025-06-20,02:10,401696046,401696046,58,ESPN BET,Los Angeles Dodgers,Washington Nationals,LAD,WSH,-185.0,155.0,close,close,0.0,1.5,7.5,-125.0,105.0,2
2025-06-20,02:15,401696042,401696042,58,ESPN BET,San Francisco Giants,Boston Red Sox,SF,BOS,-120.0,100.0,close,close,0.0,-1.5,7.5,105.0,-125.0,2
2025-06-21,16:10,401696050,401696050,58,ESPN BET,Tampa Bay Rays,Detroit Tigers,TB,DET,-145.0,120.0,close,close,0.0,1.5,8.5,100.0,-120.0,2
2025-06-21,17:05,401696048,401696048,58,ESPN BET,New York Yankees,Baltimore Orioles,NYY,BAL,-160.0,135.0,close,close,0.0,1.5,9.5,-105.0,-115.0,2
2025-06-21,18:10,401696054,401696054,58,ESPN BET,Minnesota Twins,Milwaukee Brewers,MIN,MIL,-135.0,115.0,close,close,0.0,1.5,10.5,-105.0,-115.0,2
2025-06-21,18:15,401696053,401696053,58,ESPN BET,St. Louis Cardinals,Cincinnati Reds,STL,CIN,-190.0,160.0,close,close,0.0,1.5,8.5,-140.0,105.0,2
2025-06-21,18:20,401696055,401696055,58,ESPN BET,Chicago Cubs,Seattle Mariners,CHC,SEA,-175.0,145.0,close,close,0.0,1.5,12.5,-115.0,-105.0,2
2025-06-21,19:07,401696049,401696049,58,ESPN BET,Toronto Blue Jays,Chicago White Sox,TOR,CHW,-190.0,160.0,close,close,0.0,1.5,8.5,-110.0,-120.0,2
2025-06-21,20:05,401696052,401696052,58,ESPN BET,Pittsburgh Pirates,Texas Rangers,PIT,TEX,-110.0,-110.0,close,close,0.0,-1.5,8.5,105.0,-125.0,2
2025-06-21,20:05,401696057,401696057,58,ESPN BET,San Francisco Giants,Boston Red Sox,SF,BOS,-125.0,105.0,close,close,0.0,1.5,7.5,-110.0,-110.0,2
2025-06-21,20:10,401696047,401696047,58,ESPN BET,Miami Marlins,Atlanta Braves,MIA,ATL,130.0,-155.0,close,close,0.0,-1.5,8.5,-110.0,-110.0,2
2025-06-21,23:15,401696051,401696051,58,ESPN BET,Philadelphia Phillies,New York Mets,PHI,NYM,105.0,-125.0,close,close,0.0,-1.5,10.5,-120.0,100.0,2
2025-06-21,23:15,401696060,401696060,58,ESPN BET,San Diego Padres,Kansas City Royals,SD,KC,-150.0,125.0,close,close,0.0,1.5,7.5,100.0,-120.0,2
2025-06-21,01:10,401696056,401696056,58,ESPN BET,Colorado Rockies,Arizona Diamondbacks,COL,ARI,175.0,-210.0,close,close,0.0,-2.5,12.5,-115.0,-115.0,2
2025-06-21,01:38,401696059,401696059,58,ESPN BET,Los Angeles Angels,Houston Astros,LAA,HOU,-125.0,105.0,close,close,0.0,-1.5,8.5,100.0,-120.0,2
2025-06-21,02:05,401764559,401764559,58,ESPN BET,Athletics,Cleveland Guardians,ATH,CLE,115.0,-135.0,close,close,0.0,-1.5,9.5,-105.0,-125.0,2
2025-06-21,02:10,401696061,401696061,58,ESPN BET,Los Angeles Dodgers,Washington Nationals,LAD,WSH,-275.0,225.0,close,close,0.0,2.5,9.5,-125.0,105.0,2
2025-06-22,15:35,401696063,401696063,58,ESPN BET,New York Yankees,Baltimore Orioles,NYY,BAL,-200.0,165.0,close,close,0.0,1.5,10.5,105.0,-140.0,2
2025-06-22,16:10,401696065,401696065,58,ESPN BET,Tampa Bay Rays,Detroit Tigers,TB,DET,-110.0,-110.0,close,close,0.0,-1.5,8.5,-105.0,-115.0,2
2025-06-22,17:35,401696067,401696067,58,ESPN BET,Pittsburgh Pirates,Texas Rangers,PIT,TEX,-120.0,100.0,close,close,0.0,-1.5,9.5,-110.0,-110.0,2
2025-06-22,17:37,401696064,401696064,58,ESPN BET,Toronto Blue Jays,Chicago White Sox,TOR,CHW,-205.0,170.0,close,close,0.0,1.5,8.5,100.0,-120.0,2
2025-06-22,17:40,401696062,401696062,58,ESPN BET,Miami Marlins,Atlanta Braves,MIA,ATL,135.0,-160.0,close,close,0.0,-1.5,8.5,-105.0,-115.0,2
2025-06-22,18:10,401696069,401696069,58,ESPN BET,Minnesota Twins,Milwaukee Brewers,MIN,MIL,-135.0,115.0,close,close,0.0,1.5,9.5,100.0,-120.0,2
2025-06-22,18:15,401696068,401696068,58,ESPN BET,St. Louis Cardinals,Cincinnati Reds,STL,CIN,-110.0,-110.0,close,close,0.0,-1.5,9.5,100.0,-120.0,2
2025-06-22,18:20,401696070,401696070,58,ESPN BET,Chicago Cubs,Seattle Mariners,CHC,SEA,105.0,-125.0,close,close,0.0,-1.5,11.5,-105.0,-115.0,2
2025-06-22,19:10,401696071,401696071,58,ESPN BET,Colorado Rockies,Arizona Diamondbacks,COL,ARI,135.0,-160.0,close,close,0.0,-1.5,12.5,-105.0,-115.0,2
2025-06-22,20:05,401696072,401696072,58,ESPN BET,San Francisco Giants,Boston Red Sox,SF,BOS,-160.0,135.0,close,close,0.0,1.5,7.5,105.0,-125.0,2
2025-06-22,20:05,401764560,401764560,58,ESPN BET,Athletics,Cleveland Guardians,ATH,CLE,-105.0,-115.0,close,close,0.0,-1.5,9.5,100.0,-120.0,2
2025-06-22,20:07,401696074,401696074,58,ESPN BET,Los Angeles Angels,Houston Astros,LAA,HOU,-110.0,-110.0,close,close,0.0,-1.5,8.5,-115.0,-105.0,2
2025-06-22,20:10,401696075,401696075,58,ESPN BET,San Diego Padres,Kansas City Royals,SD,KC,-120.0,-110.0,close,close,0.0,-1.5,8.5,-120.0,-110.0,2
2025-06-22,20:10,401696076,401696076,58,ESPN BET,Los Angeles Dodgers,Washington Nationals,LAD,WSH,-205.0,170.0,close,close,0.0,1.5,9.5,-105.0,-115.0,2
2025-06-22,23:00,401696066,401696066,58,ESPN BET,Philadelphia Phillies,New York Mets,PHI,NYM,-120.0,100.0,close,close,0.0,-1.5,8.5,-120.0,100.0,2
2025-06-23,22:35,401696079,401696079,58,ESPN BET,Baltimore Orioles,Texas Rangers,BAL,TEX,-135.0,115.0,close,close,0.0,1.5,9.5,-105.0,-115.0,2
2025-06-23,23:10,401696077,401696077,58,ESPN BET,New York Mets,Atlanta Braves,NYM,ATL,130.0,-155.0,close,close,0.0,-1.5,8.5,-120.0,100.0,2
2025-06-23,23:10,401696078,401696078,58,ESPN BET,Cincinnati Reds,New York Yankees,CIN,NYY,105.0,-125.0,close,close,0.0,-1.5,10.5,105.0,-125.0,2
2025-06-23,23:40,401696080,401696080,58,ESPN BET,Chicago White Sox,Arizona Diamondbacks,CHW,ARI,120.0,-145.0,close,close,0.0,-1.5,9.5,-105.0,-115.0,2
2025-06-23,23:40,401696082,401696082,58,ESPN BET,Milwaukee Brewers,Pittsburgh Pirates,MIL,PIT,-165.0,140.0,close,close,0.0,1.5,8.5,-105.0,-115.0,2
2025-06-23,23:40,401696083,401696083,58,ESPN BET,Minnesota Twins,Seattle Mariners,MIN,SEA,115.0,-135.0,close,close,0.0,-1.5,8.5,-110.0,-110.0,2
2025-06-23,23:45,401696081,401696081,58,ESPN BET,St. Louis Cardinals,Chicago Cubs,STL,CHC,105.0,-125.0,close,close,0.0,-1.5,8.5,-125.0,105.0,2
2025-06-23,01:38,401696084,401696084,58,ESPN BET,Los Angeles Angels,Boston Red Sox,LAA,BOS,100.0,-120.0,close,close,0.0,-1.5,8.5,-125.0,105.0,2
2025-06-23,01:40,401696085,401696085,58,ESPN BET,San Diego Padres,Washington Nationals,SD,WSH,-185.0,155.0,close,close,0.0,1.5,8.5,-115.0,-105.0,2
2025-06-24,22:35,401696089,401696089,58,ESPN BET,Baltimore Orioles,Texas Rangers,BAL,TEX,-125.0,105.0,close,close,0.0,1.5,9.5,115.0,-135.0,2
2025-06-24,22:40,401696088,401696088,58,ESPN BET,Detroit Tigers,Athletics,DET,ATH,-335.0,265.0,close,close,0.0,2.5,7.5,-105.0,-115.0,2
2025-06-24,22:40,401696090,401696090,58,ESPN BET,Cleveland Guardians,Toronto Blue Jays,CLE,TOR,115.0,-135.0,close,close,0.0,-1.5,8.5,-135.0,115.0,2
2025-06-24,23:10,401696086,401696086,58,ESPN BET,New York Mets,Atlanta Braves,NYM,ATL,115.0,-135.0,close,close,0.0,-1.5,8.5,-130.0,110.0,2
2025-06-24,23:10,401696087,401696087,58,ESPN BET,Cincinnati Reds,New York Yankees,CIN,NYY,145.0,-175.0,close,close,0.0,-1.5,9.5,-105.0,-115.0,2
2025-06-24,23:40,401696091,401696091,58,ESPN BET,Chicago White Sox,Arizona Diamondbacks,CHW,ARI,100.0,-120.0,close,close,0.0,-1.5,8.5,-110.0,-110.0,2
2025-06-24,23:40,401696094,401696094,58,ESPN BET,Milwaukee Brewers,Pittsburgh Pirates,MIL,PIT,-210.0,175.0,close,close,0.0,1.5,7.5,-110.0,-110.0,2
2025-06-24,23:40,401696095,401696095,58,ESPN BET,Minnesota Twins,Seattle Mariners,MIN,SEA,-115.0,-105.0,close,close,0.0,-1.5,8.5,-115.0,-105.0,2
2025-06-24,23:40,401696096,401696096,58,ESPN BET,Kansas City Royals,Tampa Bay Rays,KC,TB,-145.0,120.0,close,close,0.0,1.5,8.5,-115.0,-105.0,2
2025-06-24,23:45,401696092,401696092,58,ESPN BET,St. Louis Cardinals,Chicago Cubs,STL,CHC,-105.0,-115.0,close,close,0.0,-1.5,8.5,-120.0,100.0,2
2025-06-24,00:10,401696093,401696093,58,ESPN BET,Houston Astros,Philadelphia Phillies,HOU,PHI,-155.0,130.0,close,close,0.0,1.5,7.5,100.0,-120.0,2
2025-06-24,00:40,401696097,401696097,58,ESPN BET,Colorado Rockies,Los Angeles Dodgers,COL,LAD,215.0,-265.0,close,close,0.0,-2.5,11.5,-125.0,105.0,2
2025-06-24,01:38,401696098,401696098,58,ESPN BET,Los Angeles Angels,Boston Red Sox,LAA,BOS,140.0,-165.0,close,close,0.0,-1.5,7.5,-120.0,100.0,2
2025-06-24,01:40,401696100,401696100,58,ESPN BET,San Diego Padres,Washington Nationals,SD,WSH,-165.0,140.0,close,close,0.0,1.5,8.5,-105.0,-115.0,2
2025-06-24,01:45,401696099,401696099,58,ESPN BET,San Francisco Giants,Miami Marlins,SF,MIA,-180.0,150.0,close,close,0.0,1.5,8.5,110.0,-130.0,2
2025-06-25,18:10,401696106,401696106,58,ESPN BET,Chicago White Sox,Arizona Diamondbacks,CHW,ARI,130.0,-155.0,close,close,0.0,-1.5,8.5,100.0,-120.0,2
2025-06-25,18:10,401696109,401696109,58,ESPN BET,Milwaukee Brewers,Pittsburgh Pirates,MIL,PIT,-110.0,-110.0,close,close,0.0,-1.5,6.5,-105.0,-115.0,2
2025-06-25,20:07,401696113,401696113,58,ESPN BET,Los Angeles Angels,Boston Red Sox,LAA,BOS,-120.0,100.0,close,close,0.0,-1.5,8.5,-115.0,-105.0,2
2025-06-25,20:10,401696115,401696115,58,ESPN BET,San Diego Padres,Washington Nationals,SD,WSH,-145.0,120.0,close,close,0.0,1.5,7.5,115.0,-135.0,2
2025-06-25,22:35,401696104,401696104,58,ESPN BET,Baltimore Orioles,Texas Rangers,BAL,TEX,125.0,-150.0,close,close,0.0,-1.5,8.5,105.0,-125.0,2
2025-06-25,22:40,401696103,401696103,58,ESPN BET,Detroit Tigers,Athletics,DET,ATH,-185.0,155.0,close,close,0.0,1.5,8.5,-115.0,-105.0,2
2025-06-25,22:40,401696105,401696105,58,ESPN BET,Cleveland Guardians,Toronto Blue Jays,CLE,TOR,-125.0,105.0,close,close,0.0,-1.5,8.5,110.0,-130.0,2
2025-06-25,23:10,401696101,401696101,58,ESPN BET,New York Mets,Atlanta Braves,NYM,ATL,-145.0,120.0,close,close,0.0,1.5,9.5,110.0,-130.0,2
2025-06-25,23:10,401696102,401696102,58,ESPN BET,Cincinnati Reds,New York Yankees,CIN,NYY,175.0,-210.0,close,close,0.0,-1.5,9.5,105.0,-125.0,2
2025-06-25,23:40,401696110,401696110,58,ESPN BET,Minnesota Twins,Seattle Mariners,MIN,SEA,-120.0,100.0,close,close,0.0,-1.5,7.5,-105.0,-115.0,2
2025-06-25,23:40,401696111,401696111,58,ESPN BET,Kansas City Royals,Tampa Bay Rays,KC,TB,105.0,-125.0,close,close,0.0,-1.5,9.5,110.0,-130.0,2
2025-06-25,23:45,401696107,401696107,58,ESPN BET,St. Louis Cardinals,Chicago Cubs,STL,CHC,135.0,-160.0,close,close,0.0,-1.5,8.5,-120.0,100.0,2
2025-06-25,00:10,401696108,401696108,58,ESPN BET,Houston Astros,Philadelphia Phillies,HOU,PHI,135.0,-160.0,close,close,0.0,-1.5,7.5,105.0,-125.0,2
2025-06-25,00:40,401696112,401696112,58,ESPN BET,Colorado Rockies,Los Angeles Dodgers,COL,LAD,250.0,-310.0,close,close,0.0,-3.5,11.5,105.0,-125.0,2
2025-06-25,01:45,401696114,401696114,58,ESPN BET,San Francisco Giants,Miami Marlins,SF,MIA,-215.0,180.0,close,close,0.0,1.5,6.5,-115.0,-105.0,2
2025-06-26,17:10,401696117,401696117,58,ESPN BET,Detroit Tigers,Athletics,DET,ATH,-155.0,130.0,close,close,0.0,1.5,8.5,-110.0,-110.0,2
2025-06-26,17:10,401696118,401696118,58,ESPN BET,Cleveland Guardians,Toronto Blue Jays,CLE,TOR,-130.0,110.0,close,close,0.0,1.5,7.5,100.0,-120.0,2
2025-06-26,17:10,401696121,401696121,58,ESPN BET,Minnesota Twins,Seattle Mariners,MIN,SEA,-130.0,110.0,close,close,0.0,1.5,8.5,-115.0,-105.0,2
2025-06-26,18:10,401696120,401696120,58,ESPN BET,Houston Astros,Philadelphia Phillies,HOU,PHI,-150.0,125.0,close,close,0.0,1.5,7.5,110.0,-130.0,2
2025-06-26,18:10,401696122,401696122,58,ESPN BET,Kansas City Royals,Tampa Bay Rays,KC,TB,105.0,-125.0,close,close,0.0,-1.5,10.5,105.0,-125.0,2
2025-06-26,18:15,401696119,401696119,58,ESPN BET,St. Louis Cardinals,Chicago Cubs,STL,CHC,115.0,-135.0,close,close,0.0,-1.5,9.5,105.0,-125.0,2
2025-06-26,19:10,401696123,401696123,58,ESPN BET,Colorado Rockies,Los Angeles Dodgers,COL,LAD,235.0,-290.0,close,close,0.0,-2.5,12.5,100.0,-120.0,2
2025-06-26,19:45,401696124,401696124,58,ESPN BET,San Francisco Giants,Miami Marlins,SF,MIA,-185.0,155.0,close,close,0.0,1.5,7.5,-120.0,100.0,2
2025-06-26,23:10,401696116,401696116,58,ESPN BET,New York Mets,Atlanta Braves,NYM,ATL,-120.0,100.0,close,close,0.0,-1.5,8.5,-105.0,-115.0,2
2025-06-27,22:40,401696126,401696126,58,ESPN BET,Pittsburgh Pirates,New York Mets,PIT,NYM,120.0,-145.0,close,close,0.0,-1.5,8.5,100.0,-120.0,2
2025-06-27,23:05,401696127,401696127,58,ESPN BET,New York Yankees,Athletics,NYY,ATH,-270.0,220.0,close,close,0.0,1.5,8.5,-115.0,-105.0,2
2025-06-27,23:05,401696131,401696131,58,ESPN BET,Baltimore Orioles,Tampa Bay Rays,BAL,TB,105.0,-125.0,close,close,0.0,-1.5,8.5,-120.0,100.0,2
2025-06-27,23:10,401696125,401696125,58,ESPN BET,Detroit Tigers,Minnesota Twins,DET,MIN,-145.0,120.0,close,close,0.0,1.5,8.5,-125.0,105.0,2
2025-06-27,23:10,401696129,401696129,58,ESPN BET,Cincinnati Reds,San Diego Padres,CIN,SD,115.0,-135.0,close,close,0.0,-1.5,9.5,110.0,-130.0,2
2025-06-27,23:10,401696130,401696130,58,ESPN BET,Cleveland Guardians,St. Louis Cardinals,CLE,STL,105.0,-125.0,close,close,0.0,-1.5,8.5,-110.0,-110.0,2
2025-06-27,23:10,401696132,401696132,58,ESPN BET,Boston Red Sox,Toronto Blue Jays,BOS,TOR,-125.0,105.0,close,close,0.0,1.5,8.5,-120.0,100.0,2
2025-06-27,23:15,401696128,401696128,58,ESPN BET,Atlanta Braves,Philadelphia Phillies,ATL,PHI,-180.0,150.0,close,close,0.0,1.5,9.5,-105.0,-115.0,2
2025-06-27,23:40,401696137,401696137,58,ESPN BET,Chicago White Sox,San Francisco Giants,CHW,SF,135.0,-160.0,close,close,0.0,-1.5,9.5,105.0,-125.0,2
2025-06-27,00:05,401696136,401696136,58,ESPN BET,Texas Rangers,Seattle Mariners,TEX,SEA,-105.0,-115.0,close,close,0.0,-1.5,6.5,-145.0,120.0,2
2025-06-27,00:10,401696133,401696133,58,ESPN BET,Houston Astros,Chicago Cubs,HOU,CHC,-120.0,100.0,close,close,0.0,-1.5,7.5,-125.0,105.0,2
2025-06-27,00:10,401696134,401696134,58,ESPN BET,Milwaukee Brewers,Colorado Rockies,MIL,COL,-215.0,180.0,close,close,0.0,1.5,8.5,105.0,-125.0,2
2025-06-27,00:10,401696135,401696135,58,ESPN BET,Kansas City Royals,Los Angeles Dodgers,KC,LAD,125.0,-150.0,close,close,0.0,-1.5,9.5,-105.0,-115.0,2
2025-06-27,01:38,401696139,401696139,58,ESPN BET,Los Angeles Angels,Washington Nationals,LAA,WSH,-165.0,140.0,close,close,0.0,1.5,8.5,-120.0,100.0,2
2025-06-27,01:40,401696138,401696138,58,ESPN BET,Arizona Diamondbacks,Miami Marlins,ARI,MIA,-175.0,145.0,close,close,0.0,1.5,8.5,-105.0,-115.0,2
2025-06-28,17:05,401696142,401696142,58,ESPN BET,New York Yankees,Athletics,NYY,ATH,-290.0,235.0,close,close,0.0,2.5,9.5,-105.0,-115.0,2
2025-06-28,17:10,401696140,401696140,58,ESPN BET,Detroit Tigers,Minnesota Twins,DET,MIN,-160.0,135.0,close,close,0.0,1.5,9.5,110.0,-130.0,2
2025-06-28,20:05,401696141,401696141,58,ESPN BET,Pittsburgh Pirates,New York Mets,PIT,NYM,125.0,-150.0,close,close,0.0,-1.5,9.5,-110.0,-110.0,2
2025-06-28,20:05,401696146,401696146,58,ESPN BET,Baltimore Orioles,Tampa Bay Rays,BAL,TB,-115.0,-105.0,close,close,0.0,-1.5,9.5,-120.0,100.0,2
2025-06-28,20:05,401696151,401696151,58,ESPN BET,Texas Rangers,Seattle Mariners,TEX,SEA,110.0,-130.0,close,close,0.0,-1.5,7.5,105.0,-125.0,2
2025-06-28,20:10,401696144,401696144,58,ESPN BET,Cincinnati Reds,San Diego Padres,CIN,SD,-155.0,130.0,close,close,0.0,1.5,9.5,-105.0,-115.0,2
2025-06-28,20:10,401696145,401696145,58,ESPN BET,Cleveland Guardians,St. Louis Cardinals,CLE,STL,-120.0,100.0,close,close,0.0,-1.5,8.5,100.0,-120.0,2
2025-06-28,20:10,401696147,401696147,58,ESPN BET,Boston Red Sox,Toronto Blue Jays,BOS,TOR,105.0,-125.0,close,close,0.0,-1.5,8.5,-130.0,110.0,2
2025-06-28,20:10,401696149,401696149,58,ESPN BET,Milwaukee Brewers,Colorado Rockies,MIL,COL,-300.0,240.0,close,close,0.0,1.5,8.5,-110.0,-110.0,2
2025-06-28,20:10,401696150,401696150,58,ESPN BET,Kansas City Royals,Los Angeles Dodgers,KC,LAD,130.0,-155.0,close,close,0.0,-1.5,9.5,-115.0,-105.0,2
2025-06-28,20:10,401696152,401696152,58,ESPN BET,Chicago White Sox,San Francisco Giants,CHW,SF,145.0,-175.0,close,close,0.0,-1.5,7.5,-120.0,100.0,2
2025-06-28,20:10,401696153,401696153,58,ESPN BET,Arizona Diamondbacks,Miami Marlins,ARI,MIA,-165.0,140.0,close,close,0.0,1.5,9.5,115.0,-135.0,2
2025-06-28,23:15,401696143,401696143,58,ESPN BET,Atlanta Braves,Philadelphia Phillies,ATL,PHI,-175.0,145.0,close,close,0.0,1.5,7.5,-120.0,100.0,2
2025-06-28,23:15,401696148,401696148,58,ESPN BET,Houston Astros,Chicago Cubs,HOU,CHC,-115.0,-105.0,close,close,0.0,-1.5,8.5,105.0,-125.0,2
2025-06-28,01:38,401696154,401696154,58,ESPN BET,Los Angeles Angels,Washington Nationals,LAA,WSH,-120.0,100.0,close,close,0.0,-1.5,8.5,-135.0,115.0,2
2025-06-29,16:05,401696160,401696160,58,ESPN BET,Cleveland Guardians,St. Louis Cardinals,CLE,STL,100.0,-120.0,close,close,0.0,-1.5,8.5,105.0,-125.0,2
2025-06-29,17:35,401696156,401696156,58,ESPN BET,Pittsburgh Pirates,New York Mets,PIT,NYM,120.0,-145.0,close,close,0.0,-1.5,9.5,110.0,-130.0,2
2025-06-29,17:35,401696157,401696157,58,ESPN BET,New York Yankees,Athletics,NYY,ATH,-215.0,180.0,close,close,0.0,1.5,10.5,-115.0,-105.0,2
2025-06-29,17:35,401696158,401696158,58,ESPN BET,Atlanta Braves,Philadelphia Phillies,ATL,PHI,-160.0,135.0,close,close,0.0,1.5,8.5,-105.0,-125.0,2
2025-06-29,17:35,401696161,401696161,58,ESPN BET,Baltimore Orioles,Tampa Bay Rays,BAL,TB,-115.0,-105.0,close,close,0.0,-1.5,9.5,105.0,-125.0,2
2025-06-29,17:35,401696162,401696162,58,ESPN BET,Boston Red Sox,Toronto Blue Jays,BOS,TOR,-110.0,-110.0,close,close,0.0,-1.5,9.5,-110.0,-110.0,2
2025-06-29,17:40,401696159,401696159,58,ESPN BET,Cincinnati Reds,San Diego Padres,CIN,SD,-130.0,110.0,close,close,0.0,1.5,9.5,105.0,-125.0,2
2025-06-29,18:10,401696163,401696163,58,ESPN BET,Houston Astros,Chicago Cubs,HOU,CHC,-135.0,115.0,close,close,0.0,1.5,7.5,-115.0,-105.0,2
2025-06-29,18:10,401696164,401696164,58,ESPN BET,Milwaukee Brewers,Colorado Rockies,MIL,COL,-235.0,195.0,close,close,0.0,1.5,8.5,-105.0,-115.0,2
2025-06-29,18:10,401696165,401696165,58,ESPN BET,Kansas City Royals,Los Angeles Dodgers,KC,LAD,105.0,-125.0,close,close,0.0,-1.5,9.5,115.0,-135.0,2
2025-06-29,18:10,401696167,401696167,58,ESPN BET,Chicago White Sox,San Francisco Giants,CHW,SF,125.0,-160.0,close,close,0.0,-1.5,8.5,-120.0,-110.0,2
2025-06-29,18:35,401696166,401696166,58,ESPN BET,Texas Rangers,Seattle Mariners,TEX,SEA,100.0,-120.0,close,close,0.0,-1.5,8.5,-110.0,-120.0,2
2025-06-29,20:07,401696169,401696169,58,ESPN BET,Los Angeles Angels,Washington Nationals,LAA,WSH,-125.0,105.0,close,close,0.0,-1.5,9.5,-115.0,-105.0,2
2025-06-29,20:10,401696168,401696168,58,ESPN BET,Arizona Diamondbacks,Miami Marlins,ARI,MIA,-220.0,160.0,close,close,0.0,1.5,8.5,-120.0,-110.0,2
2025-06-29,23:00,401696155,401696155,58,ESPN BET,Detroit Tigers,Minnesota Twins,DET,MIN,-270.0,220.0,close,close,0.0,1.5,7.5,-105.0,-125.0,2
2025-06-30,22:35,401696173,401696173,58,ESPN BET,Philadelphia Phillies,San Diego Padres,PHI,SD,-255.0,210.0,close,close,0.0,1.5,8.5,-125.0,105.0,2
2025-06-30,22:40,401696174,401696174,58,ESPN BET,Pittsburgh Pirates,St. Louis Cardinals,PIT,STL,-105.0,-115.0,close,close,0.0,-1.5,8.5,-120.0,100.0,2
2025-06-30,23:07,401696171,401696171,58,ESPN BET,Toronto Blue Jays,New York Yankees,TOR,NYY,120.0,-145.0,close,close,0.0,-1.5,8.5,-115.0,-105.0,2
2025-06-30,23:10,401696170,401696170,58,ESPN BET,Boston Red Sox,Cincinnati Reds,BOS,CIN,-160.0,135.0,close,close,0.0,1.5,7.5,-120.0,100.0,2
2025-06-30,23:35,401696172,401696172,58,ESPN BET,Tampa Bay Rays,Athletics,TB,ATH,-185.0,155.0,close,close,0.0,1.5,8.5,100.0,-120.0,2
2025-06-30,00:05,401696175,401696175,58,ESPN BET,Texas Rangers,Baltimore Orioles,TEX,BAL,-110.0,-110.0,close,close,0.0,-1.5,8.5,105.0,-125.0,2
2025-06-30,01:40,401696176,401696176,58,ESPN BET,Seattle Mariners,Kansas City Royals,SEA,KC,-160.0,135.0,close,close,0.0,1.5,7.5,110.0,-130.0,2
2025-06-30,01:40,401696177,401696177,58,ESPN BET,Arizona Diamondbacks,San Francisco Giants,ARI,SF,130.0,-155.0,close,close,0.0,-1.5,8.5,100.0,-120.0,2
2025-07-01,19:07,401696183,401696183,58,ESPN BET,Toronto Blue Jays,New York Yankees,TOR,NYY,140.0,-165.0,close,close,0.0,-1.5,7.5,-110.0,-110.0,2
2025-07-01,22:35,401696185,401696185,,,Philadelphia Phillies,San Diego Padres,PHI,SD,,,,,,,,,,0
2025-07-01,22:40,401696182,401696182,58,ESPN BET,Miami Marlins,Minnesota Twins,MIA,MIN,115.0,-135.0,close,close,0.0,-1.5,7.5,-105.0,-115.0,2
2025-07-01,22:40,401696186,401696186,58,ESPN BET,Pittsburgh Pirates,St. Louis Cardinals,PIT,STL,-150.0,125.0,close,close,0.0,1.5,7.5,110.0,-130.0,2
2025-07-01,22:45,401696180,401696180,,,Washington Nationals,Detroit Tigers,WSH,DET,,,,,,,,,,1
2025-07-01,23:05,401696184,401696184,58,ESPN BET,Tampa Bay Rays,Athletics,TB,ATH,-175.0,145.0,close,close,0.0,1.5,8.5,-125.0,105.0,2
2025-07-01,23:10,401696179,401696179,58,ESPN BET,Boston Red Sox,Cincinnati Reds,BOS,CIN,-120.0,100.0,close,close,0.0,-1.5,9.5,-120.0,100.0,2
2025-07-01,23:10,401696181,401696181,,,New York Mets,Milwaukee Brewers,NYM,MIL,,,,,,,,,,1
2025-07-01,23:15,401696178,401696178,58,ESPN BET,Atlanta Braves,Los Angeles Angels,ATL,LAA,-200.0,165.0,close,close,0.0,1.5,9.5,-105.0,-115.0,2
2025-07-01,00:05,401696187,401696187,58,ESPN BET,Texas Rangers,Baltimore Orioles,TEX,BAL,-185.0,155.0,close,close,0.0,1.5,7.5,-110.0,-110.0,2
2025-07-01,00:05,401696188,401696188,58,ESPN BET,Chicago Cubs,Cleveland Guardians,CHC,CLE,-200.0,165.0,close,close,0.0,2.5,8.5,-110.0,-110.0,2
2025-07-01,00:40,401696189,401696189,58,ESPN BET,Colorado Rockies,Houston Astros,COL,HOU,125.0,-150.0,close,close,0.0,-1.5,11.5,-110.0,-110.0,2
2025-07-01,01:40,401696191,401696191,58,ESPN BET,Seattle Mariners,Kansas City Royals,SEA,KC,-135.0,115.0,close,close,0.0,1.5,8.5,-110.0,-110.0,2
2025-07-01,01:40,401696192,401696192,58,ESPN BET,Arizona Diamondbacks,San Francisco Giants,ARI,SF,-130.0,110.0,close,close,0.0,1.5,9.5,105.0,-125.0,2
2025-07-01,02:10,401696190,401696190,58,ESPN BET,Los Angeles Dodgers,Chicago White Sox,LAD,CHW,-385.0,300.0,close,close,0.0,2.5,8.5,-115.0,-105.0,2
2025-07-02,23:10,401696179,401696179,58,ESPN BET,Boston Red Sox,Cincinnati Reds,BOS,CIN,-120.0,100.0,close,close,0.0,-1.5,9.5,-120.0,100.0,2
2025-07-02,16:10,401696199,401696199,58,ESPN BET,Tampa Bay Rays,Athletics,TB,ATH,-205.0,170.0,close,close,0.0,1.5,8.5,-120.0,100.0,2
2025-07-02,16:35,401696201,401696201,58,ESPN BET,Pittsburgh Pirates,St. Louis Cardinals,PIT,STL,105.0,-125.0,close,close,0.0,-1.5,7.5,-105.0,-115.0,2
2025-07-02,17:05,401696200,401696200,58,ESPN BET,Philadelphia Phillies,San Diego Padres,PHI,SD,-105.0,-115.0,close,close,0.0,-1.5,9.5,100.0,-120.0,2
2025-07-02,17:05,401795089,401795089,58,ESPN BET,Washington Nationals,Detroit Tigers,WSH,DET,130.0,-155.0,close,close,0.0,-1.5,9.5,115.0,-135.0,2
2025-07-02,17:10,401796219,401796219,58,ESPN BET,New York Mets,Milwaukee Brewers,NYM,MIL,-120.0,100.0,close,close,0.0,-1.5,8.5,-105.0,-115.0,2
2025-07-02,22:15,401795088,401795088,58,ESPN BET,Philadelphia Phillies,San Diego Padres,PHI,SD,-145.0,120.0,close,close,0.0,1.5,7.5,-110.0,-110.0,2
2025-07-02,22:40,401696197,401696197,58,ESPN BET,Miami Marlins,Minnesota Twins,MIA,MIN,105.0,-125.0,close,close,0.0,-1.5,8.5,-125.0,105.0,2
2025-07-02,22:45,401696195,401696195,58,ESPN BET,Washington Nationals,Detroit Tigers,WSH,DET,-110.0,-110.0,close,close,0.0,-1.5,8.5,105.0,-125.0,2
2025-07-02,23:07,401696198,401696198,58,ESPN BET,Toronto Blue Jays,New York Yankees,TOR,NYY,115.0,-135.0,close,close,0.0,-1.5,8.5,-120.0,100.0,2
2025-07-02,23:10,401696194,401696194,58,ESPN BET,Boston Red Sox,Cincinnati Reds,BOS,CIN,-130.0,110.0,close,close,0.0,1.5,9.5,-110.0,-110.0,2
2025-07-02,23:10,401696196,401696196,58,ESPN BET,New York Mets,Milwaukee Brewers,NYM,MIL,-105.0,-115.0,close,close,0.0,-1.5,8.5,100.0,-120.0,2
2025-07-02,23:15,401696193,401696193,58,ESPN BET,Atlanta Braves,Los Angeles Angels,ATL,LAA,-135.0,115.0,close,close,0.0,1.5,9.5,-110.0,-110.0,2
2025-07-02,00:00,401696203,401696203,58,ESPN BET,Chicago Cubs,Cleveland Guardians,CHC,CLE,-160.0,135.0,close,close,0.0,1.5,8.5,-110.0,-110.0,2
2025-07-02,00:05,401696202,401696202,58,ESPN BET,Texas Rangers,Baltimore Orioles,TEX,BAL,-155.0,130.0,close,close,0.0,1.5,8.5,105.0,-125.0,2
2025-07-02,00:40,401696204,401696204,58,ESPN BET,Colorado Rockies,Houston Astros,COL,HOU,215.0,-265.0,close,close,0.0,-2.5,11.5,100.0,-120.0,2
2025-07-02,01:40,401696206,401696206,58,ESPN BET,Seattle Mariners,Kansas City Royals,SEA,KC,-165.0,140.0,close,close,0.0,1.5,6.5,-135.0,115.0,2
2025-07-02,01:40,401696207,401696207,58,ESPN BET,Arizona Diamondbacks,San Francisco Giants,ARI,SF,-140.0,115.0,close,close,0.0,1.5,8.5,-115.0,-105.0,2
2025-07-02,02:10,401696205,401696205,58,ESPN BET,Los Angeles Dodgers,Chicago White Sox,LAD,CHW,-340.0,270.0,close,close,0.0,2.5,9.5,105.0,-125.0,2
2025-07-03,16:10,401696211,401696211,58,ESPN BET,Miami Marlins,Minnesota Twins,MIA,MIN,-110.0,-110.0,close,close,0.0,-1.5,7.5,-130.0,100.0,2
2025-07-03,19:10,401696214,401696214,58,ESPN BET,Colorado Rockies,Houston Astros,COL,HOU,160.0,-190.0,close,close,0.0,-2.5,11.5,105.0,-125.0,2
2025-07-03,22:45,401696209,401696209,58,ESPN BET,Washington Nationals,Detroit Tigers,WSH,DET,115.0,-135.0,close,close,0.0,-1.5,9.5,-120.0,100.0,2
2025-07-03,23:07,401696212,401696212,58,ESPN BET,Toronto Blue Jays,New York Yankees,TOR,NYY,115.0,-135.0,close,close,0.0,-1.5,8.5,-105.0,-115.0,2
2025-07-03,23:10,401696210,401696210,58,ESPN BET,New York Mets,Milwaukee Brewers,NYM,MIL,-160.0,135.0,close,close,0.0,1.5,8.5,-105.0,-115.0,2
2025-07-03,23:15,401696208,401696208,58,ESPN BET,Atlanta Braves,Los Angeles Angels,ATL,LAA,-155.0,130.0,close,close,0.0,1.5,9.5,105.0,-125.0,2
2025-07-03,00:05,401696213,401696213,58,ESPN BET,Chicago Cubs,Cleveland Guardians,CHC,CLE,-135.0,115.0,close,close,0.0,1.5,8.5,-105.0,-115.0,2
2025-07-03,01:40,401696217,401696217,58,ESPN BET,Arizona Diamondbacks,San Francisco Giants,ARI,SF,105.0,-125.0,close,close,0.0,-1.5,8.5,-110.0,-110.0,2
2025-07-03,02:10,401696215,401696215,58,ESPN BET,Los Angeles Dodgers,Chicago White Sox,LAD,CHW,-265.0,215.0,close,close,0.0,1.5,9.5,-115.0,-115.0,2
2025-07-03,02:10,401696216,401696216,58,ESPN BET,Seattle Mariners,Kansas City Royals,SEA,KC,-120.0,100.0,close,close,0.0,1.5,7.5,-105.0,-125.0,2
2025-07-04,15:05,401696220,401696220,58,ESPN BET,Washington Nationals,Boston Red Sox,WSH,BOS,100.0,-120.0,close,close,0.0,-1.5,8.5,100.0,-130.0,2
2025-07-04,17:05,401696221,401696221,58,ESPN BET,Philadelphia Phillies,Cincinnati Reds,PHI,CIN,-165.0,140.0,close,close,0.0,1.5,8.5,-110.0,-110.0,2
2025-07-04,18:20,401696226,401696226,58,ESPN BET,Chicago Cubs,St. Louis Cardinals,CHC,STL,-150.0,125.0,close,close,0.0,1.5,9.5,-105.0,-115.0,2
2025-07-04,19:10,401696225,401696225,58,ESPN BET,New York Mets,New York Yankees,NYM,NYY,-115.0,-105.0,close,close,0.0,-1.5,9.5,-115.0,-105.0,2
2025-07-04,20:10,401696224,401696224,58,ESPN BET,Minnesota Twins,Tampa Bay Rays,MIN,TB,-120.0,100.0,close,close,0.0,-1.5,10.5,105.0,-125.0,2
2025-07-04,20:10,401696230,401696230,58,ESPN BET,Seattle Mariners,Pittsburgh Pirates,SEA,PIT,-180.0,150.0,close,close,0.0,1.5,7.5,110.0,-130.0,2
2025-07-04,22:40,401696232,401696232,58,ESPN BET,San Diego Padres,Texas Rangers,SD,TEX,-110.0,-110.0,close,close,0.0,-1.5,8.5,-115.0,-105.0,2
2025-07-04,23:07,401696218,401696218,58,ESPN BET,Toronto Blue Jays,Los Angeles Angels,TOR,LAA,-145.0,120.0,close,close,0.0,1.5,9.5,110.0,-130.0,2
2025-07-04,23:10,401696222,401696222,58,ESPN BET,Cleveland Guardians,Detroit Tigers,CLE,DET,105.0,-125.0,close,close,0.0,-1.5,8.5,100.0,-120.0,2
2025-07-04,23:10,401696223,401696223,58,ESPN BET,Miami Marlins,Milwaukee Brewers,MIA,MIL,120.0,-145.0,close,close,0.0,-1.5,7.5,-120.0,100.0,2
2025-07-04,23:15,401696219,401696219,58,ESPN BET,Atlanta Braves,Baltimore Orioles,ATL,BAL,-180.0,150.0,close,close,0.0,1.5,8.5,-125.0,-105.0,2
2025-07-04,00:10,401696227,401696227,58,ESPN BET,Colorado Rockies,Chicago White Sox,COL,CHW,105.0,-125.0,close,close,0.0,-1.5,11.5,110.0,-130.0,2
2025-07-04,01:10,401696228,401696228,58,ESPN BET,Los Angeles Dodgers,Houston Astros,LAD,HOU,-180.0,150.0,close,close,0.0,1.5,9.5,110.0,-130.0,2
2025-07-04,01:40,401696229,401696229,58,ESPN BET,Arizona Diamondbacks,Kansas City Royals,ARI,KC,-115.0,-105.0,close,close,0.0,-1.5,8.5,-105.0,-115.0,2
2025-07-04,02:05,401764561,401764561,58,ESPN BET,Athletics,San Francisco Giants,ATH,SF,-110.0,-110.0,close,close,0.0,-1.5,9.5,-130.0,100.0,2
2025-07-05,18:10,401696239,401696239,58,ESPN BET,Minnesota Twins,Tampa Bay Rays,MIN,TB,-120.0,100.0,close,close,0.0,-1.5,9.5,-115.0,-105.0,2
2025-07-05,18:20,401696241,401696241,58,ESPN BET,Chicago Cubs,St. Louis Cardinals,CHC,STL,-165.0,140.0,close,close,0.0,1.5,11.5,-110.0,-120.0,2
2025-07-05,19:07,401696233,401696233,58,ESPN BET,Toronto Blue Jays,Los Angeles Angels,TOR,LAA,-210.0,175.0,close,close,0.0,1.5,9.5,110.0,-130.0,2
2025-07-05,20:05,401696235,401696235,58,ESPN BET,Washington Nationals,Boston Red Sox,WSH,BOS,100.0,-120.0,close,close,0.0,-1.5,9.5,-120.0,-110.0,2
2025-07-05,20:05,401696236,401696236,58,ESPN BET,Philadelphia Phillies,Cincinnati Reds,PHI,CIN,-200.0,165.0,close,close,0.0,1.5,8.5,-125.0,105.0,2
2025-07-05,20:10,401696234,401696234,58,ESPN BET,Atlanta Braves,Baltimore Orioles,ATL,BAL,-155.0,130.0,close,close,0.0,1.5,8.5,-130.0,100.0,2
2025-07-05,20:10,401696238,401696238,58,ESPN BET,Miami Marlins,Milwaukee Brewers,MIA,MIL,115.0,-135.0,close,close,0.0,-1.5,8.5,105.0,-125.0,2
2025-07-05,20:10,401696240,401696240,58,ESPN BET,New York Mets,New York Yankees,NYM,NYY,120.0,-145.0,close,close,0.0,-1.5,9.5,-110.0,-120.0,2
2025-07-05,20:10,401696244,401696244,58,ESPN BET,Arizona Diamondbacks,Kansas City Royals,ARI,KC,-135.0,115.0,close,close,0.0,1.5,9.5,105.0,-140.0,2
2025-07-05,23:15,401696237,401696237,58,ESPN BET,Cleveland Guardians,Detroit Tigers,CLE,DET,115.0,-135.0,close,close,0.0,-1.5,8.5,-130.0,110.0,2
2025-07-05,23:15,401696243,401696243,58,ESPN BET,Los Angeles Dodgers,Houston Astros,LAD,HOU,-150.0,125.0,close,close,0.0,1.5,8.5,-120.0,100.0,2
2025-07-05,01:10,401696242,401696242,58,ESPN BET,Colorado Rockies,Chicago White Sox,COL,CHW,-145.0,120.0,close,close,0.0,1.5,10.5,-130.0,110.0,2
2025-07-05,01:40,401696247,401696247,58,ESPN BET,San Diego Padres,Texas Rangers,SD,TEX,-125.0,105.0,close,close,0.0,1.5,8.5,105.0,-125.0,2
2025-07-05,02:05,401764562,401764562,58,ESPN BET,Athletics,San Francisco Giants,ATH,SF,155.0,-185.0,close,close,0.0,-1.5,9.5,100.0,-120.0,2
2025-07-05,02:10,401696245,401696245,58,ESPN BET,Seattle Mariners,Pittsburgh Pirates,SEA,PIT,-175.0,145.0,close,close,0.0,1.5,7.5,100.0,-120.0,2
2025-07-06,15:35,401696249,401696249,58,ESPN BET,Atlanta Braves,Baltimore Orioles,ATL,BAL,-155.0,130.0,close,close,0.0,1.5,8.5,-125.0,-105.0,2
2025-07-06,17:35,401696250,401696250,58,ESPN BET,Washington Nationals,Boston Red Sox,WSH,BOS,185.0,-225.0,close,close,0.0,-1.5,8.5,-105.0,-115.0,2
2025-07-06,17:35,401696251,401696251,58,ESPN BET,Philadelphia Phillies,Cincinnati Reds,PHI,CIN,-215.0,180.0,close,close,0.0,1.5,8.5,-145.0,110.0,2
2025-07-06,17:37,401696248,401696248,58,ESPN BET,Toronto Blue Jays,Los Angeles Angels,TOR,LAA,-175.0,145.0,close,close,0.0,1.5,8.5,-140.0,105.0,2
2025-07-06,17:40,401696252,401696252,58,ESPN BET,Cleveland Guardians,Detroit Tigers,CLE,DET,180.0,-250.0,close,close,0.0,-1.5,7.5,-105.0,-125.0,2
2025-07-06,17:40,401696253,401696253,58,ESPN BET,Miami Marlins,Milwaukee Brewers,MIA,MIL,-120.0,100.0,close,close,0.0,-1.5,7.5,100.0,-120.0,2
2025-07-06,17:40,401696255,401696255,58,ESPN BET,New York Mets,New York Yankees,NYM,NYY,160.0,-220.0,close,close,0.0,-1.5,8.5,-145.0,110.0,2
2025-07-06,18:10,401696254,401696254,58,ESPN BET,Minnesota Twins,Tampa Bay Rays,MIN,TB,-130.0,110.0,close,close,0.0,-1.5,8.5,100.0,-120.0,2
2025-07-06,19:10,401696257,401696257,58,ESPN BET,Colorado Rockies,Chicago White Sox,COL,CHW,100.0,-120.0,close,close,0.0,-1.5,10.5,-130.0,110.0,2
2025-07-06,20:10,401696258,401696258,58,ESPN BET,Los Angeles Dodgers,Houston Astros,LAD,HOU,-180.0,150.0,close,close,0.0,1.5,9.5,110.0,-130.0,2
2025-07-06,20:10,401696259,401696259,58,ESPN BET,Arizona Diamondbacks,Kansas City Royals,ARI,KC,-155.0,130.0,close,close,0.0,1.5,9.5,-110.0,-110.0,2
2025-07-06,20:10,401696260,401696260,58,ESPN BET,Seattle Mariners,Pittsburgh Pirates,SEA,PIT,-120.0,100.0,close,close,0.0,-1.5,6.5,100.0,-120.0,2
2025-07-06,22:10,401696256,401696256,58,ESPN BET,Chicago Cubs,St. Louis Cardinals,CHC,STL,-205.0,170.0,close,close,0.0,1.5,7.5,100.0,-120.0,2
2025-07-06,01:10,401696262,401696262,58,ESPN BET,San Diego Padres,Texas Rangers,SD,TEX,-125.0,105.0,close,close,0.0,1.5,8.5,-120.0,-110.0,2
2025-07-06,02:05,401764563,401764563,58,ESPN BET,Athletics,San Francisco Giants,ATH,SF,-115.0,-105.0,close,close,0.0,-1.5,10.5,-105.0,-125.0,2
2025-07-07,22:40,401696265,401696265,58,ESPN BET,Detroit Tigers,Tampa Bay Rays,DET,TB,100.0,-120.0,close,close,0.0,-1.5,8.5,-110.0,-110.0,2
2025-07-07,23:10,401696263,401696263,58,ESPN BET,Boston Red Sox,Colorado Rockies,BOS,COL,-240.0,200.0,close,close,0.0,1.5,10.5,-105.0,-115.0,2
2025-07-07,23:10,401696264,401696264,58,ESPN BET,Cincinnati Reds,Miami Marlins,CIN,MIA,-145.0,120.0,close,close,0.0,1.5,9.5,115.0,-135.0,2
2025-07-07,23:40,401696267,401696267,58,ESPN BET,Milwaukee Brewers,Los Angeles Dodgers,MIL,LAD,120.0,-145.0,close,close,0.0,-1.5,7.5,-110.0,-110.0,2
2025-07-07,23:40,401696268,401696268,58,ESPN BET,Kansas City Royals,Pittsburgh Pirates,KC,PIT,-145.0,120.0,close,close,0.0,1.5,8.5,-110.0,-110.0,2
2025-07-07,23:40,401696269,401696269,58,ESPN BET,Chicago White Sox,Toronto Blue Jays,CHW,TOR,140.0,-165.0,close,close,0.0,-1.5,8.5,-110.0,-120.0,2
2025-07-07,00:10,401696266,401696266,58,ESPN BET,Houston Astros,Cleveland Guardians,HOU,CLE,-130.0,110.0,close,close,0.0,1.5,7.5,100.0,-120.0,2
2025-07-07,01:38,401696272,401696272,58,ESPN BET,Los Angeles Angels,Texas Rangers,LAA,TEX,120.0,-145.0,close,close,0.0,-1.5,7.5,-105.0,-115.0,2
2025-07-07,01:40,401696270,401696270,58,ESPN BET,San Diego Padres,Arizona Diamondbacks,SD,ARI,-130.0,110.0,close,close,0.0,1.5,7.5,-120.0,100.0,2
2025-07-07,01:45,401696271,401696271,58,ESPN BET,San Francisco Giants,Philadelphia Phillies,SF,PHI,110.0,-130.0,close,close,0.0,-1.5,7.5,100.0,-120.0,2
2025-07-08,22:35,401696275,401696275,58,ESPN BET,Baltimore Orioles,New York Mets,BAL,NYM,105.0,-125.0,close,close,0.0,-1.5,9.5,-125.0,105.0,2
2025-07-08,22:40,401696277,401696277,58,ESPN BET,Detroit Tigers,Tampa Bay Rays,DET,TB,-125.0,105.0,close,close,0.0,1.5,7.5,-120.0,100.0,2
2025-07-08,23:05,401696276,401696276,58,ESPN BET,New York Yankees,Seattle Mariners,NYY,SEA,-125.0,105.0,close,close,0.0,1.5,8.5,-125.0,105.0,2
2025-07-08,23:10,401696273,401696273,58,ESPN BET,Boston Red Sox,Colorado Rockies,BOS,COL,-270.0,220.0,close,close,0.0,1.5,8.5,-125.0,105.0,2
2025-07-08,23:10,401696274,401696274,58,ESPN BET,Cincinnati Reds,Miami Marlins,CIN,MIA,-120.0,100.0,close,close,0.0,1.5,8.5,-120.0,100.0,2
2025-07-08,23:40,401696278,401696278,58,ESPN BET,Minnesota Twins,Chicago Cubs,MIN,CHC,115.0,-135.0,close,close,0.0,-1.5,9.5,100.0,-120.0,2
2025-07-08,23:40,401696280,401696280,58,ESPN BET,Milwaukee Brewers,Los Angeles Dodgers,MIL,LAD,-110.0,-110.0,close,close,0.0,-1.5,8.5,-105.0,-115.0,2
2025-07-08,23:40,401696281,401696281,58,ESPN BET,Kansas City Royals,Pittsburgh Pirates,KC,PIT,-135.0,115.0,close,close,0.0,1.5,7.5,-115.0,-105.0,2
2025-07-08,23:40,401696282,401696282,58,ESPN BET,Chicago White Sox,Toronto Blue Jays,CHW,TOR,165.0,-200.0,close,close,0.0,-0.0,0.0,,,2
2025-07-08,23:45,401696283,401696283,58,ESPN BET,St. Louis Cardinals,Washington Nationals,STL,WSH,-235.0,195.0,close,close,0.0,1.5,7.5,-130.0,110.0,2
2025-07-08,00:10,401696279,401696279,58,ESPN BET,Houston Astros,Cleveland Guardians,HOU,CLE,-205.0,170.0,close,close,0.0,1.5,7.5,100.0,-120.0,2
2025-07-08,01:38,401696287,401696287,58,ESPN BET,Los Angeles Angels,Texas Rangers,LAA,TEX,-115.0,-105.0,close,close,0.0,-1.5,8.5,-110.0,-110.0,2
2025-07-08,01:40,401696284,401696284,58,ESPN BET,San Diego Padres,Arizona Diamondbacks,SD,ARI,-145.0,120.0,close,close,0.0,1.5,7.5,-115.0,-105.0,2
2025-07-08,01:45,401696286,401696286,58,ESPN BET,San Francisco Giants,Philadelphia Phillies,SF,PHI,-160.0,135.0,close,close,0.0,1.5,8.5,110.0,-130.0,2
2025-07-08,02:05,401764564,401764564,58,ESPN BET,Athletics,Atlanta Braves,ATH,ATL,-110.0,-110.0,close,close,0.0,-1.5,10.5,-105.0,-115.0,2
2025-07-09,18:10,401696295,401696295,58,ESPN BET,Milwaukee Brewers,Los Angeles Dodgers,MIL,LAD,125.0,-160.0,close,close,0.0,-1.5,8.5,-110.0,-110.0,2
2025-07-09,18:10,401696297,401696297,58,ESPN BET,Chicago White Sox,Toronto Blue Jays,CHW,TOR,120.0,-145.0,close,close,0.0,-1.5,7.5,-115.0,-105.0,2
2025-07-09,19:45,401696301,401696301,58,ESPN BET,San Francisco Giants,Philadelphia Phillies,SF,PHI,120.0,-145.0,close,close,0.0,-1.5,8.5,105.0,-125.0,2
2025-07-09,21:10,401696292,401696292,58,ESPN BET,Detroit Tigers,Tampa Bay Rays,DET,TB,-150.0,125.0,close,close,0.0,1.5,8.5,105.0,-125.0,2
2025-07-09,23:00,401696290,401696290,,,Baltimore Orioles,New York Mets,BAL,NYM,,,,,,,,,,1
2025-07-09,23:05,401696291,401696291,58,ESPN BET,New York Yankees,Seattle Mariners,NYY,SEA,-155.0,130.0,close,close,0.0,1.5,9.5,-120.0,100.0,2
2025-07-09,23:10,401696288,401696288,58,ESPN BET,Boston Red Sox,Colorado Rockies,BOS,COL,-325.0,260.0,close,close,0.0,2.5,8.5,-120.0,100.0,2
2025-07-09,23:10,401696289,401696289,58,ESPN BET,Cincinnati Reds,Miami Marlins,CIN,MIA,-145.0,120.0,close,close,0.0,1.5,8.5,-130.0,110.0,2
2025-07-09,23:40,401696293,401696293,58,ESPN BET,Minnesota Twins,Chicago Cubs,MIN,CHC,-110.0,-110.0,close,close,0.0,-1.5,9.5,100.0,-120.0,2
2025-07-09,23:40,401696296,401696296,58,ESPN BET,Kansas City Royals,Pittsburgh Pirates,KC,PIT,-190.0,160.0,close,close,0.0,1.5,8.5,-120.0,-110.0,2
2025-07-09,23:45,401696298,401696298,58,ESPN BET,St. Louis Cardinals,Washington Nationals,STL,WSH,-145.0,120.0,close,close,0.0,1.5,7.5,-125.0,105.0,2
2025-07-09,00:10,401696294,401696294,58,ESPN BET,Houston Astros,Cleveland Guardians,HOU,CLE,-155.0,130.0,close,close,0.0,1.5,7.5,-105.0,-115.0,2
2025-07-09,01:38,401696302,401696302,58,ESPN BET,Los Angeles Angels,Texas Rangers,LAA,TEX,-110.0,-110.0,close,close,0.0,-1.5,9.5,100.0,-120.0,2
2025-07-09,01:40,401696299,401696299,58,ESPN BET,San Diego Padres,Arizona Diamondbacks,SD,ARI,-160.0,135.0,close,close,0.0,1.5,7.5,-125.0,105.0,2
2025-07-09,02:05,401764565,401764565,58,ESPN BET,Athletics,Atlanta Braves,ATH,ATL,105.0,-125.0,close,close,0.0,-1.5,10.5,-125.0,105.0,2
2025-07-10,16:05,401696304,401696304,58,ESPN BET,Baltimore Orioles,New York Mets,BAL,NYM,120.0,-145.0,close,close,0.0,-1.5,9.5,-105.0,-115.0,2
2025-07-10,17:10,401696307,401696307,58,ESPN BET,Minnesota Twins,Chicago Cubs,MIN,CHC,-105.0,-115.0,close,close,0.0,-1.5,9.5,-115.0,-105.0,2
2025-07-10,21:05,401800369,401800369,58,ESPN BET,Baltimore Orioles,New York Mets,BAL,NYM,105.0,-125.0,close,close,0.0,-1.5,10.5,-105.0,-115.0,2
2025-07-10,21:10,401696303,401696303,58,ESPN BET,Cincinnati Reds,Miami Marlins,CIN,MIA,-165.0,140.0,close,close,0.0,1.5,9.5,105.0,-125.0,2
2025-07-10,23:05,401696305,401696305,58,ESPN BET,New York Yankees,Seattle Mariners,NYY,SEA,-105.0,-120.0,close,close,0.0,-1.5,9.5,-105.0,-115.0,2
2025-07-10,23:10,401696306,401696306,58,ESPN BET,Boston Red Sox,Tampa Bay Rays,BOS,TB,-125.0,105.0,close,close,0.0,-1.5,9.5,100.0,-120.0,2
2025-07-10,23:40,401696308,401696308,,,Chicago White Sox,Cleveland Guardians,CHW,CLE,,,,,,,,,,1
2025-07-10,23:45,401696309,401696309,58,ESPN BET,St. Louis Cardinals,Washington Nationals,STL,WSH,-145.0,120.0,close,close,0.0,1.5,8.5,-135.0,115.0,2
2025-07-10,01:05,401764566,401764566,58,ESPN BET,Athletics,Atlanta Braves,ATH,ATL,165.0,-200.0,close,close,0.0,-1.5,10.5,100.0,-120.0,2
2025-07-10,01:38,401696312,401696312,58,ESPN BET,Los Angeles Angels,Texas Rangers,LAA,TEX,-115.0,-105.0,close,close,0.0,-1.5,9.5,-125.0,105.0,2
2025-07-10,01:40,401696310,401696310,58,ESPN BET,San Diego Padres,Arizona Diamondbacks,SD,ARI,110.0,-130.0,close,close,0.0,-1.5,8.5,-125.0,105.0,2
2025-07-11,19:10,401800822,401800822,58,ESPN BET,Chicago White Sox,Cleveland Guardians,CHW,CLE,100.0,-120.0,close,close,0.0,-1.5,8.5,-120.0,-110.0,2
2025-07-11,23:05,401696313,401696313,58,ESPN BET,New York Yankees,Chicago Cubs,NYY,CHC,-175.0,145.0,close,close,0.0,1.5,9.5,105.0,-125.0,2
2025-07-11,23:05,401696315,401696315,58,ESPN BET,Baltimore Orioles,Miami Marlins,BAL,MIA,-150.0,125.0,close,close,0.0,1.5,8.5,-145.0,120.0,2
2025-07-11,23:10,401696314,401696314,58,ESPN BET,Cincinnati Reds,Colorado Rockies,CIN,COL,-255.0,210.0,close,close,0.0,1.5,9.5,-105.0,-115.0,2
2025-07-11,23:10,401696316,401696316,58,ESPN BET,Detroit Tigers,Seattle Mariners,DET,SEA,-285.0,230.0,close,close,0.0,1.5,6.5,-145.0,120.0,2
2025-07-11,23:10,401696317,401696317,58,ESPN BET,Boston Red Sox,Tampa Bay Rays,BOS,TB,-110.0,-110.0,close,close,0.0,-1.5,8.5,-135.0,115.0,2
2025-07-11,00:10,401696319,401696319,58,ESPN BET,Chicago White Sox,Cleveland Guardians,CHW,CLE,110.0,-130.0,close,close,0.0,-1.5,8.5,100.0,-120.0,2
2025-07-11,00:10,401696320,401696320,58,ESPN BET,Kansas City Royals,New York Mets,KC,NYM,115.0,-135.0,close,close,0.0,-1.5,9.5,100.0,-120.0,2
2025-07-11,00:10,401696321,401696321,58,ESPN BET,Minnesota Twins,Pittsburgh Pirates,MIN,PIT,-145.0,120.0,close,close,0.0,1.5,7.5,115.0,-135.0,2
2025-07-11,00:10,401696322,401696322,58,ESPN BET,Houston Astros,Texas Rangers,HOU,TEX,-130.0,110.0,close,close,0.0,1.5,8.5,-105.0,-125.0,2
2025-07-11,00:10,401696323,401696323,58,ESPN BET,Milwaukee Brewers,Washington Nationals,MIL,WSH,-205.0,170.0,close,close,0.0,1.5,8.5,-115.0,-105.0,2
2025-07-11,00:15,401696318,401696318,58,ESPN BET,St. Louis Cardinals,Atlanta Braves,STL,ATL,-120.0,100.0,close,close,0.0,-1.5,8.5,-120.0,100.0,2
2025-07-11,01:38,401696324,401696324,58,ESPN BET,Los Angeles Angels,Arizona Diamondbacks,LAA,ARI,-115.0,-115.0,close,close,0.0,-1.5,9.5,100.0,-120.0,2
2025-07-11,01:40,401696326,401696326,58,ESPN BET,San Diego Padres,Philadelphia Phillies,SD,PHI,135.0,-160.0,close,close,0.0,-1.5,8.5,105.0,-125.0,2
2025-07-11,02:05,401764567,401764567,58,ESPN BET,Athletics,Toronto Blue Jays,ATH,TOR,150.0,-180.0,close,close,0.0,-1.5,10.5,-110.0,-110.0,2
2025-07-11,02:15,401696325,401696325,58,ESPN BET,San Francisco Giants,Los Angeles Dodgers,SF,LAD,-145.0,120.0,close,close,0.0,1.5,7.5,-110.0,-110.0,2
2025-07-12,17:05,401696328,401696328,58,ESPN BET,New York Yankees,Chicago Cubs,NYY,CHC,-160.0,135.0,close,close,0.0,1.5,7.5,-130.0,110.0,2
2025-07-12,17:10,401696331,401696331,58,ESPN BET,Detroit Tigers,Seattle Mariners,DET,SEA,-110.0,-110.0,close,close,0.0,-1.5,7.5,-125.0,105.0,2
2025-07-12,18:10,401696336,401696336,58,ESPN BET,Minnesota Twins,Pittsburgh Pirates,MIN,PIT,-135.0,115.0,close,close,0.0,1.5,9.5,-105.0,-115.0,2
2025-07-12,18:15,401696333,401696333,58,ESPN BET,St. Louis Cardinals,Atlanta Braves,STL,ATL,-105.0,-115.0,close,close,0.0,-1.5,9.5,110.0,-130.0,2
2025-07-12,20:05,401696330,401696330,58,ESPN BET,Baltimore Orioles,Miami Marlins,BAL,MIA,-165.0,140.0,close,close,0.0,1.5,9.5,100.0,-120.0,2
2025-07-12,20:05,401696340,401696340,58,ESPN BET,San Francisco Giants,Los Angeles Dodgers,SF,LAD,140.0,-165.0,close,close,0.0,-1.5,8.5,-110.0,-110.0,2
2025-07-12,20:10,401696329,401696329,58,ESPN BET,Cincinnati Reds,Colorado Rockies,CIN,COL,-270.0,220.0,close,close,0.0,2.5,10.5,-110.0,-110.0,2
2025-07-12,20:10,401696332,401696332,58,ESPN BET,Boston Red Sox,Tampa Bay Rays,BOS,TB,-175.0,145.0,close,close,0.0,1.5,8.5,105.0,-125.0,2
2025-07-12,20:10,401696334,401696334,58,ESPN BET,Chicago White Sox,Cleveland Guardians,CHW,CLE,120.0,-145.0,close,close,0.0,-1.5,8.5,-120.0,100.0,2
2025-07-12,20:10,401696335,401696335,58,ESPN BET,Kansas City Royals,New York Mets,KC,NYM,105.0,-125.0,close,close,0.0,-1.5,9.5,105.0,-125.0,2
2025-07-12,20:10,401696338,401696338,58,ESPN BET,Milwaukee Brewers,Washington Nationals,MIL,WSH,-270.0,220.0,close,close,0.0,1.5,8.5,-125.0,105.0,2
2025-07-12,23:35,401696337,401696337,58,ESPN BET,Houston Astros,Texas Rangers,HOU,TEX,-120.0,100.0,close,close,0.0,1.5,6.5,100.0,-120.0,2
2025-07-12,23:35,401696341,401696341,58,ESPN BET,San Diego Padres,Philadelphia Phillies,SD,PHI,155.0,-185.0,close,close,0.0,-1.5,7.5,110.0,-130.0,2
2025-07-12,01:38,401696339,401696339,58,ESPN BET,Los Angeles Angels,Arizona Diamondbacks,LAA,ARI,-130.0,110.0,close,close,0.0,1.5,8.5,-130.0,110.0,2
2025-07-12,02:05,401764568,401764568,58,ESPN BET,Athletics,Toronto Blue Jays,ATH,TOR,125.0,-150.0,close,close,0.0,-1.5,10.5,100.0,-120.0,2
2025-07-13,17:35,401696343,401696343,58,ESPN BET,New York Yankees,Chicago Cubs,NYY,CHC,-130.0,110.0,close,close,0.0,1.5,8.5,-130.0,110.0,2
2025-07-13,17:35,401696345,401696345,58,ESPN BET,Baltimore Orioles,Miami Marlins,BAL,MIA,-145.0,120.0,close,close,0.0,1.5,9.5,110.0,-130.0,2
2025-07-13,17:35,401696347,401696347,58,ESPN BET,Boston Red Sox,Tampa Bay Rays,BOS,TB,-120.0,100.0,close,close,0.0,-1.5,8.5,-110.0,-110.0,2
2025-07-13,17:40,401696344,401696344,58,ESPN BET,Cincinnati Reds,Colorado Rockies,CIN,COL,-250.0,205.0,close,close,0.0,1.5,9.5,-120.0,100.0,2
2025-07-13,17:40,401696346,401696346,58,ESPN BET,Detroit Tigers,Seattle Mariners,DET,SEA,-105.0,-115.0,close,close,0.0,-1.5,8.5,-105.0,-115.0,2
2025-07-13,18:10,401696349,401696349,58,ESPN BET,Chicago White Sox,Cleveland Guardians,CHW,CLE,110.0,-130.0,close,close,0.0,-1.5,8.5,-115.0,-105.0,2
2025-07-13,18:10,401696350,401696350,58,ESPN BET,Kansas City Royals,New York Mets,KC,NYM,-115.0,-105.0,close,close,0.0,-1.5,8.5,-115.0,-105.0,2
2025-07-13,18:10,401696351,401696351,58,ESPN BET,Minnesota Twins,Pittsburgh Pirates,MIN,PIT,-160.0,135.0,close,close,0.0,1.5,8.5,-135.0,115.0,2
2025-07-13,18:10,401696352,401696352,58,ESPN BET,Houston Astros,Texas Rangers,HOU,TEX,-130.0,110.0,close,close,0.0,1.5,6.5,-120.0,100.0,2
2025-07-13,18:10,401696353,401696353,58,ESPN BET,Milwaukee Brewers,Washington Nationals,MIL,WSH,-250.0,205.0,close,close,0.0,1.5,8.5,-110.0,-110.0,2
2025-07-13,18:15,401696348,401696348,58,ESPN BET,St. Louis Cardinals,Atlanta Braves,STL,ATL,-165.0,140.0,close,close,0.0,1.5,8.5,105.0,-125.0,2
2025-07-13,20:05,401696355,401696355,58,ESPN BET,San Francisco Giants,Los Angeles Dodgers,SF,LAD,120.0,-145.0,close,close,0.0,-1.5,7.5,-115.0,-105.0,2
2025-07-13,20:05,401764569,401764569,58,ESPN BET,Athletics,Toronto Blue Jays,ATH,TOR,110.0,-130.0,close,close,0.0,-1.5,10.5,-105.0,-115.0,2
2025-07-13,20:07,401696354,401696354,58,ESPN BET,Los Angeles Angels,Arizona Diamondbacks,LAA,ARI,-130.0,110.0,close,close,0.0,1.5,9.5,110.0,-130.0,2
2025-07-13,20:10,401696356,401696356,58,ESPN BET,San Diego Padres,Philadelphia Phillies,SD,PHI,115.0,-135.0,close,close,0.0,-1.5,7.5,110.0,-130.0,2
2025-07-15,00:00,401696358,401696358,58,ESPN BET,National All-Stars,American All-Stars,NL,AL,-130.0,110.0,close,close,0.0,1.5,6.5,-125.0,105.0,2
2025-07-18,18:20,401696368,401696368,58,ESPN BET,Chicago Cubs,Boston Red Sox,CHC,BOS,-135.0,115.0,close,close,0.0,1.5,7.5,-110.0,-110.0,2
2025-07-18,22:40,401696361,401696361,58,ESPN BET,Pittsburgh Pirates,Chicago White Sox,PIT,CHW,-160.0,135.0,close,close,0.0,1.5,8.5,-120.0,100.0,2
2025-07-18,22:45,401696359,401696359,58,ESPN BET,Philadelphia Phillies,Los Angeles Angels,PHI,LAA,-205.0,170.0,close,close,0.0,1.5,9.5,105.0,-125.0,2
2025-07-18,22:45,401696366,401696366,58,ESPN BET,Washington Nationals,San Diego Padres,WSH,SD,125.0,-150.0,close,close,0.0,-1.5,8.5,-105.0,-115.0,2
2025-07-18,23:07,401696367,401696367,58,ESPN BET,Toronto Blue Jays,San Francisco Giants,TOR,SF,-130.0,110.0,close,close,0.0,1.5,8.5,-115.0,-105.0,2
2025-07-18,23:10,401696362,401696362,58,ESPN BET,New York Mets,Cincinnati Reds,NYM,CIN,-150.0,125.0,close,close,0.0,1.5,7.5,100.0,-120.0,2
2025-07-18,23:10,401696363,401696363,58,ESPN BET,Miami Marlins,Kansas City Royals,MIA,KC,-105.0,-115.0,close,close,0.0,-1.5,7.5,-110.0,-110.0,2
2025-07-18,23:10,401696365,401696365,58,ESPN BET,Cleveland Guardians,Athletics,CLE,ATH,-130.0,110.0,close,close,0.0,1.5,7.5,-130.0,110.0,2
2025-07-18,23:15,401696364,401696364,58,ESPN BET,Atlanta Braves,New York Yankees,ATL,NYY,-135.0,115.0,close,close,0.0,1.5,8.5,-120.0,100.0,2
2025-07-18,23:35,401696360,401696360,58,ESPN BET,Tampa Bay Rays,Baltimore Orioles,TB,BAL,-130.0,110.0,close,close,0.0,1.5,8.5,-130.0,110.0,2
2025-07-18,00:05,401696369,401696369,58,ESPN BET,Texas Rangers,Detroit Tigers,TEX,DET,-110.0,-110.0,close,close,0.0,-1.5,8.5,-115.0,-105.0,2
2025-07-18,00:40,401696370,401696370,58,ESPN BET,Colorado Rockies,Minnesota Twins,COL,MIN,150.0,-180.0,close,close,0.0,-1.5,10.5,-125.0,105.0,2
2025-07-18,01:40,401696373,401696373,58,ESPN BET,Arizona Diamondbacks,St. Louis Cardinals,ARI,STL,-115.0,-105.0,close,close,0.0,-1.5,8.5,-120.0,100.0,2
2025-07-18,02:10,401696371,401696371,58,ESPN BET,Seattle Mariners,Houston Astros,SEA,HOU,-155.0,120.0,close,close,0.0,1.5,7.5,120.0,-145.0,2
2025-07-18,02:10,401696372,401696372,58,ESPN BET,Los Angeles Dodgers,Milwaukee Brewers,LAD,MIL,-190.0,160.0,close,close,0.0,1.5,8.5,-105.0,-115.0,2
2025-07-19,19:07,401696382,401696382,58,ESPN BET,Toronto Blue Jays,San Francisco Giants,TOR,SF,105.0,-125.0,close,close,0.0,-2.5,7.5,-110.0,-110.0,2
2025-07-19,20:10,401696377,401696377,58,ESPN BET,New York Mets,Cincinnati Reds,NYM,CIN,-175.0,145.0,close,close,0.0,1.5,8.5,-115.0,-105.0,2
2025-07-19,20:10,401696378,401696378,58,ESPN BET,Miami Marlins,Kansas City Royals,MIA,KC,100.0,-120.0,close,close,0.0,-1.5,8.5,100.0,-120.0,2
2025-07-19,22:05,401696374,401696374,58,ESPN BET,Philadelphia Phillies,Los Angeles Angels,PHI,LAA,-130.0,110.0,close,close,0.0,1.5,9.5,-110.0,-110.0,2
2025-07-19,22:40,401696376,401696376,58,ESPN BET,Pittsburgh Pirates,Chicago White Sox,PIT,CHW,-135.0,115.0,close,close,0.0,1.5,7.5,-120.0,100.0,2
2025-07-19,22:45,401696381,401696381,58,ESPN BET,Washington Nationals,San Diego Padres,WSH,SD,115.0,-135.0,close,close,0.0,-1.5,9.5,100.0,-120.0,2
2025-07-19,23:05,401696375,401696375,58,ESPN BET,Tampa Bay Rays,Baltimore Orioles,TB,BAL,-125.0,105.0,close,close,0.0,-1.5,8.5,-125.0,105.0,2
2025-07-19,23:05,401696384,401696384,58,ESPN BET,Texas Rangers,Detroit Tigers,TEX,DET,-120.0,100.0,close,close,0.0,-1.5,8.5,-105.0,-115.0,2
2025-07-19,23:10,401696380,401696380,58,ESPN BET,Cleveland Guardians,Athletics,CLE,ATH,-135.0,115.0,close,close,0.0,1.5,8.5,-130.0,110.0,2
2025-07-19,23:15,401696379,401696379,58,ESPN BET,Atlanta Braves,New York Yankees,ATL,NYY,110.0,-130.0,close,close,0.0,-1.5,9.5,-110.0,-110.0,2
2025-07-19,23:15,401696383,401696383,58,ESPN BET,Chicago Cubs,Boston Red Sox,CHC,BOS,-160.0,135.0,close,close,0.0,1.5,8.5,-130.0,110.0,2
2025-07-19,23:15,401696388,401696388,58,ESPN BET,Arizona Diamondbacks,St. Louis Cardinals,ARI,STL,115.0,-135.0,close,close,0.0,-1.5,8.5,100.0,-120.0,2
2025-07-19,00:10,401696385,401696385,58,ESPN BET,Colorado Rockies,Minnesota Twins,COL,MIN,165.0,-200.0,close,close,0.0,-2.5,11.5,-120.0,100.0,2
2025-07-19,01:10,401696387,401696387,58,ESPN BET,Los Angeles Dodgers,Milwaukee Brewers,LAD,MIL,-125.0,105.0,close,close,0.0,1.5,7.5,-120.0,100.0,2
2025-07-19,01:40,401696386,401696386,58,ESPN BET,Seattle Mariners,Houston Astros,SEA,HOU,-145.0,120.0,close,close,0.0,1.5,8.5,100.0,-120.0,2
2025-07-20,16:05,401696397,401696397,58,ESPN BET,Toronto Blue Jays,San Francisco Giants,TOR,SF,-120.0,100.0,close,close,0.0,-1.5,8.5,100.0,-120.0,2
2025-07-20,16:10,401696390,401696390,58,ESPN BET,Tampa Bay Rays,Baltimore Orioles,TB,BAL,-125.0,105.0,close,close,0.0,-1.5,8.5,-120.0,100.0,2
2025-07-20,17:35,401696389,401696389,58,ESPN BET,Philadelphia Phillies,Los Angeles Angels,PHI,LAA,-165.0,140.0,close,close,0.0,1.5,8.5,-135.0,115.0,2
2025-07-20,17:35,401696391,401696391,58,ESPN BET,Pittsburgh Pirates,Chicago White Sox,PIT,CHW,-150.0,125.0,close,close,0.0,1.5,9.5,-105.0,-115.0,2
2025-07-20,17:35,401696394,401696394,58,ESPN BET,Atlanta Braves,New York Yankees,ATL,NYY,-130.0,110.0,close,close,0.0,1.5,10.5,-115.0,-105.0,2
2025-07-20,17:35,401696396,401696396,58,ESPN BET,Washington Nationals,San Diego Padres,WSH,SD,105.0,-125.0,close,close,0.0,-1.5,8.5,105.0,-125.0,2
2025-07-20,17:40,401696392,401696392,58,ESPN BET,New York Mets,Cincinnati Reds,NYM,CIN,-135.0,115.0,close,close,0.0,1.5,7.5,-125.0,105.0,2
2025-07-20,17:40,401696393,401696393,58,ESPN BET,Miami Marlins,Kansas City Royals,MIA,KC,100.0,-120.0,close,close,0.0,-1.5,7.5,-105.0,-115.0,2
2025-07-20,17:40,401696395,401696395,58,ESPN BET,Cleveland Guardians,Athletics,CLE,ATH,-110.0,-110.0,close,close,0.0,-1.5,7.5,-110.0,-110.0,2
2025-07-20,18:20,401696398,401696398,58,ESPN BET,Chicago Cubs,Boston Red Sox,CHC,BOS,115.0,-135.0,close,close,0.0,-1.5,6.5,-115.0,-105.0,2
2025-07-20,19:10,401696400,401696400,58,ESPN BET,Colorado Rockies,Minnesota Twins,COL,MIN,200.0,-250.0,close,close,0.0,-2.5,10.5,-105.0,-115.0,2
2025-07-20,20:10,401696401,401696401,58,ESPN BET,Seattle Mariners,Houston Astros,SEA,HOU,-135.0,115.0,close,close,0.0,1.5,6.5,105.0,-125.0,2
2025-07-20,20:10,401696402,401696402,58,ESPN BET,Los Angeles Dodgers,Milwaukee Brewers,LAD,MIL,-180.0,150.0,close,close,0.0,1.5,8.5,-135.0,115.0,2
2025-07-20,20:10,401696403,401696403,58,ESPN BET,Arizona Diamondbacks,St. Louis Cardinals,ARI,STL,-150.0,125.0,close,close,0.0,1.5,8.5,-125.0,105.0,2
2025-07-20,23:00,401696399,401696399,58,ESPN BET,Texas Rangers,Detroit Tigers,TEX,DET,150.0,-180.0,close,close,0.0,-1.5,6.5,-135.0,115.0,2
2025-07-21,22:40,401696405,401696405,58,ESPN BET,Cleveland Guardians,Baltimore Orioles,CLE,BAL,-135.0,115.0,close,close,0.0,1.5,8.5,100.0,-120.0,2
2025-07-21,22:40,401696409,401696409,58,ESPN BET,Pittsburgh Pirates,Detroit Tigers,PIT,DET,-135.0,115.0,close,close,0.0,1.5,7.5,105.0,-125.0,2
2025-07-21,22:40,401696411,401696411,58,ESPN BET,Miami Marlins,San Diego Padres,MIA,SD,-145.0,120.0,close,close,0.0,1.5,8.5,100.0,-120.0,2
2025-07-21,22:45,401696406,401696406,58,ESPN BET,Philadelphia Phillies,Boston Red Sox,PHI,BOS,-240.0,200.0,close,close,0.0,1.5,7.5,-120.0,100.0,2
2025-07-21,22:45,401696408,401696408,58,ESPN BET,Washington Nationals,Cincinnati Reds,WSH,CIN,105.0,-125.0,close,close,0.0,-1.5,9.5,110.0,-130.0,2
2025-07-21,23:07,401696410,401696410,58,ESPN BET,Toronto Blue Jays,New York Yankees,TOR,NYY,100.0,-120.0,close,close,0.0,-1.5,8.5,-115.0,-105.0,2
2025-07-21,23:10,401696404,401696404,58,ESPN BET,New York Mets,Los Angeles Angels,NYM,LAA,-180.0,150.0,close,close,0.0,1.5,8.5,-115.0,-105.0,2
2025-07-21,23:15,401696412,401696412,58,ESPN BET,Atlanta Braves,San Francisco Giants,ATL,SF,-145.0,120.0,close,close,0.0,1.5,9.5,100.0,-120.0,2
2025-07-21,23:35,401696407,401696407,58,ESPN BET,Tampa Bay Rays,Chicago White Sox,TB,CHW,-215.0,180.0,close,close,0.0,1.5,8.5,-130.0,110.0,2
2025-07-21,00:05,401696413,401696413,58,ESPN BET,Chicago Cubs,Kansas City Royals,CHC,KC,-155.0,130.0,close,close,0.0,1.5,7.5,105.0,-125.0,2
2025-07-21,00:05,401696414,401696414,58,ESPN BET,Texas Rangers,Athletics,TEX,ATH,-120.0,100.0,close,close,0.0,-1.5,8.5,100.0,-120.0,2
2025-07-21,00:40,401696415,401696415,58,ESPN BET,Colorado Rockies,St. Louis Cardinals,COL,STL,145.0,-175.0,close,close,0.0,-1.5,11.5,-115.0,-105.0,2
2025-07-21,01:40,401696416,401696416,58,ESPN BET,Arizona Diamondbacks,Houston Astros,ARI,HOU,-150.0,125.0,close,close,0.0,1.5,8.5,-135.0,115.0,2
2025-07-21,01:40,401696417,401696417,58,ESPN BET,Seattle Mariners,Milwaukee Brewers,SEA,MIL,-130.0,110.0,close,close,0.0,-1.5,6.5,-125.0,105.0,2
2025-07-21,02:10,401696418,401696418,58,ESPN BET,Los Angeles Dodgers,Minnesota Twins,LAD,MIN,-175.0,145.0,close,close,0.0,1.5,8.5,-130.0,110.0,2
2025-07-22,22:40,401696420,401696420,58,ESPN BET,Cleveland Guardians,Baltimore Orioles,CLE,BAL,-160.0,135.0,close,close,0.0,1.5,7.5,-130.0,110.0,2
2025-07-22,22:40,401696424,401696424,58,ESPN BET,Pittsburgh Pirates,Detroit Tigers,PIT,DET,110.0,-130.0,close,close,0.0,-1.5,8.5,110.0,-130.0,2
2025-07-22,22:40,401696426,401696426,58,ESPN BET,Miami Marlins,San Diego Padres,MIA,SD,-130.0,110.0,close,close,0.0,1.5,7.5,-115.0,-105.0,2
2025-07-22,22:45,401696421,401696421,58,ESPN BET,Philadelphia Phillies,Boston Red Sox,PHI,BOS,-190.0,160.0,close,close,0.0,1.5,8.5,-105.0,-115.0,2
2025-07-22,22:45,401696423,401696423,58,ESPN BET,Washington Nationals,Cincinnati Reds,WSH,CIN,115.0,-135.0,close,close,0.0,-1.5,8.5,-130.0,110.0,2
2025-07-22,23:05,401696422,401696422,58,ESPN BET,Tampa Bay Rays,Chicago White Sox,TB,CHW,-240.0,200.0,close,close,0.0,1.5,8.5,105.0,-125.0,2
2025-07-22,23:07,401696425,401696425,58,ESPN BET,Toronto Blue Jays,New York Yankees,TOR,NYY,-120.0,100.0,close,close,0.0,-1.5,9.5,110.0,-130.0,2
2025-07-22,23:10,401696419,401696419,58,ESPN BET,New York Mets,Los Angeles Angels,NYM,LAA,-165.0,140.0,close,close,0.0,1.5,9.5,110.0,-130.0,2
2025-07-22,23:15,401696427,401696427,58,ESPN BET,Atlanta Braves,San Francisco Giants,ATL,SF,-120.0,100.0,close,close,0.0,-1.5,9.5,110.0,-130.0,2
2025-07-22,00:05,401696428,401696428,58,ESPN BET,Chicago Cubs,Kansas City Royals,CHC,KC,-235.0,195.0,close,close,0.0,1.5,8.5,-125.0,105.0,2
2025-07-22,00:05,401696429,401696429,58,ESPN BET,Texas Rangers,Athletics,TEX,ATH,-225.0,185.0,close,close,0.0,1.5,7.5,105.0,-125.0,2
2025-07-22,00:40,401696430,401696430,58,ESPN BET,Colorado Rockies,St. Louis Cardinals,COL,STL,140.0,-165.0,close,close,0.0,-1.5,11.5,-115.0,-105.0,2
2025-07-22,01:40,401696431,401696431,58,ESPN BET,Arizona Diamondbacks,Houston Astros,ARI,HOU,100.0,-115.0,close,close,0.0,-1.5,8.5,-105.0,-115.0,2
2025-07-22,01:40,401696432,401696432,58,ESPN BET,Seattle Mariners,Milwaukee Brewers,SEA,MIL,-130.0,110.0,close,close,0.0,1.5,6.5,-125.0,105.0,2
2025-07-22,02:10,401696433,401696433,58,ESPN BET,Los Angeles Dodgers,Minnesota Twins,LAD,MIN,-205.0,170.0,close,close,0.0,1.5,7.5,-130.0,110.0,2
2025-07-23,16:05,401696438,401696438,58,ESPN BET,Washington Nationals,Cincinnati Reds,WSH,CIN,105.0,-125.0,close,close,0.0,-1.5,8.5,-105.0,-115.0,2
2025-07-23,16:10,401696441,401696441,58,ESPN BET,Miami Marlins,San Diego Padres,MIA,SD,125.0,-150.0,close,close,0.0,-1.5,7.5,-110.0,-110.0,2
2025-07-23,16:15,401696442,401696442,58,ESPN BET,Atlanta Braves,San Francisco Giants,ATL,SF,-160.0,135.0,close,close,0.0,1.5,7.5,-110.0,-110.0,2
2025-07-23,16:35,401696439,401696439,58,ESPN BET,Pittsburgh Pirates,Detroit Tigers,PIT,DET,115.0,-135.0,close,close,0.0,-1.5,8.5,-130.0,110.0,2
2025-07-23,17:10,401696434,401696434,58,ESPN BET,New York Mets,Los Angeles Angels,NYM,LAA,-175.0,145.0,close,close,0.0,1.5,9.5,110.0,-130.0,2
2025-07-23,18:20,401696443,401696443,58,ESPN BET,Chicago Cubs,Kansas City Royals,CHC,KC,-160.0,135.0,close,close,0.0,1.5,9.5,-115.0,-105.0,2
2025-07-23,19:10,401696445,401696445,58,ESPN BET,Colorado Rockies,St. Louis Cardinals,COL,STL,145.0,-175.0,close,close,0.0,-1.5,11.5,105.0,-125.0,2
2025-07-23,19:40,401696446,401696446,58,ESPN BET,Arizona Diamondbacks,Houston Astros,ARI,HOU,-145.0,120.0,close,close,0.0,-1.5,8.5,-110.0,-110.0,2
2025-07-23,19:40,401696447,401696447,58,ESPN BET,Seattle Mariners,Milwaukee Brewers,SEA,MIL,-115.0,-105.0,close,close,0.0,-1.5,7.5,120.0,-145.0,2
2025-07-23,20:10,401696448,401696448,58,ESPN BET,Los Angeles Dodgers,Minnesota Twins,LAD,MIN,-215.0,180.0,close,close,0.0,1.5,8.5,-135.0,115.0,2
2025-07-23,22:40,401696435,401696435,58,ESPN BET,Cleveland Guardians,Baltimore Orioles,CLE,BAL,-135.0,115.0,close,close,0.0,1.5,8.5,-120.0,100.0,2
2025-07-23,23:00,401696436,401696436,58,ESPN BET,Philadelphia Phillies,Boston Red Sox,PHI,BOS,-155.0,130.0,close,close,0.0,1.5,8.5,-110.0,-110.0,2
2025-07-23,23:07,401696440,401696440,58,ESPN BET,Toronto Blue Jays,New York Yankees,TOR,NYY,115.0,-135.0,close,close,0.0,-1.5,8.5,-105.0,-115.0,2
2025-07-23,23:35,401696437,401696437,58,ESPN BET,Tampa Bay Rays,Chicago White Sox,TB,CHW,-210.0,175.0,close,close,0.0,1.5,8.5,-125.0,105.0,2
2025-07-23,00:05,401696444,401696444,58,ESPN BET,Texas Rangers,Athletics,TEX,ATH,-150.0,120.0,close,close,0.0,1.5,8.5,-110.0,-110.0,2
2025-07-24,17:10,401696449,401696449,58,ESPN BET,Cleveland Guardians,Baltimore Orioles,CLE,BAL,-120.0,100.0,close,close,0.0,-1.5,8.5,-120.0,100.0,2
2025-07-24,22:40,401696450,401696450,58,ESPN BET,Detroit Tigers,Toronto Blue Jays,DET,TOR,-145.0,120.0,close,close,0.0,1.5,8.5,-120.0,100.0,2
2025-07-24,23:45,401696452,401696452,58,ESPN BET,St. Louis Cardinals,San Diego Padres,STL,SD,-155.0,130.0,close,close,0.0,1.5,7.5,-125.0,105.0,2
2025-07-24,00:10,401696451,401696451,58,ESPN BET,Houston Astros,Athletics,HOU,ATH,-150.0,125.0,close,close,0.0,1.5,8.5,-125.0,105.0,2
2025-07-24,01:38,401696453,401696453,58,ESPN BET,Los Angeles Angels,Seattle Mariners,LAA,SEA,-145.0,120.0,close,close,0.0,1.5,9.5,100.0,-120.0,2
2025-07-25,20:10,401696463,401696463,58,ESPN BET,Milwaukee Brewers,Miami Marlins,MIL,MIA,-215.0,180.0,close,close,0.0,1.5,7.5,-125.0,105.0,2
2025-07-25,22:40,401696454,401696454,58,ESPN BET,Pittsburgh Pirates,Arizona Diamondbacks,PIT,ARI,-105.0,-115.0,close,close,0.0,-1.5,8.5,-130.0,110.0,2
2025-07-25,23:05,401696455,401696455,58,ESPN BET,Baltimore Orioles,Colorado Rockies,BAL,COL,-190.0,160.0,close,close,0.0,1.5,9.5,110.0,-130.0,2
2025-07-25,23:05,401696457,401696457,58,ESPN BET,New York Yankees,Philadelphia Phillies,NYY,PHI,-155.0,130.0,close,close,0.0,1.5,10.5,-110.0,-110.0,2
2025-07-25,23:10,401696456,401696456,58,ESPN BET,Boston Red Sox,Los Angeles Dodgers,BOS,LAD,-115.0,-105.0,close,close,0.0,-1.5,9.5,-110.0,-110.0,2
2025-07-25,23:10,401696458,401696458,58,ESPN BET,Cincinnati Reds,Tampa Bay Rays,CIN,TB,-115.0,-105.0,close,close,0.0,-1.5,9.5,100.0,-120.0,2
2025-07-25,23:10,401696459,401696459,58,ESPN BET,Detroit Tigers,Toronto Blue Jays,DET,TOR,-115.0,-105.0,close,close,0.0,-1.5,8.5,-135.0,115.0,2
2025-07-25,23:15,401696465,401696465,58,ESPN BET,St. Louis Cardinals,San Diego Padres,STL,SD,105.0,-130.0,close,close,0.0,-1.5,8.5,-110.0,-110.0,2
2025-07-25,23:40,401696461,401696461,58,ESPN BET,Chicago White Sox,Chicago Cubs,CHW,CHC,155.0,-185.0,close,close,0.0,-1.5,8.5,105.0,-125.0,2
2025-07-25,00:05,401696460,401696460,58,ESPN BET,Texas Rangers,Atlanta Braves,TEX,ATL,-150.0,125.0,close,close,0.0,1.5,7.5,-125.0,105.0,2
2025-07-25,00:10,401696462,401696462,,,Kansas City Royals,Cleveland Guardians,KC,CLE,,,,,,,,,,1
2025-07-25,00:10,401696464,401696464,58,ESPN BET,Houston Astros,Athletics,HOU,ATH,-130.0,110.0,close,close,0.0,1.5,8.5,-125.0,105.0,2
2025-07-25,00:10,401696466,401696466,58,ESPN BET,Minnesota Twins,Washington Nationals,MIN,WSH,-175.0,145.0,close,close,0.0,1.5,8.5,-120.0,100.0,2
2025-07-25,01:38,401696468,401696468,58,ESPN BET,Los Angeles Angels,Seattle Mariners,LAA,SEA,110.0,-130.0,close,close,0.0,-1.5,8.5,100.0,-120.0,2
2025-07-25,02:15,401696467,401696467,58,ESPN BET,San Francisco Giants,New York Mets,SF,NYM,-145.0,120.0,close,close,0.0,1.5,7.5,105.0,-125.0,2
2025-07-26,17:05,401696472,401696472,58,ESPN BET,New York Yankees,Philadelphia Phillies,NYY,PHI,110.0,-130.0,close,close,0.0,-1.5,8.5,-120.0,100.0,2
2025-07-26,18:40,401805229,401805229,58,ESPN BET,Kansas City Royals,Cleveland Guardians,KC,CLE,-115.0,-105.0,close,close,0.0,-1.5,8.5,-125.0,105.0,2
2025-07-26,22:10,401696474,401696474,58,ESPN BET,Detroit Tigers,Toronto Blue Jays,DET,TOR,-175.0,145.0,close,close,0.0,1.5,6.5,-130.0,110.0,2
2025-07-26,22:40,401696469,401696469,58,ESPN BET,Pittsburgh Pirates,Arizona Diamondbacks,PIT,ARI,130.0,-155.0,close,close,0.0,-1.5,8.5,-120.0,100.0,2
2025-07-26,22:40,401696473,401696473,58,ESPN BET,Cincinnati Reds,Tampa Bay Rays,CIN,TB,-125.0,105.0,close,close,0.0,-1.5,9.5,110.0,-130.0,2
2025-07-26,23:05,401696470,401696470,58,ESPN BET,Baltimore Orioles,Colorado Rockies,BAL,COL,-255.0,210.0,close,close,0.0,1.5,9.5,-105.0,-115.0,2
2025-07-26,23:05,401696475,401696475,58,ESPN BET,Texas Rangers,Atlanta Braves,TEX,ATL,-110.0,-110.0,close,close,0.0,-1.5,8.5,-110.0,-110.0,2
2025-07-26,23:10,401696476,401696476,58,ESPN BET,Chicago White Sox,Chicago Cubs,CHW,CHC,155.0,-185.0,close,close,0.0,-1.5,8.5,-130.0,110.0,2
2025-07-26,23:10,401696478,401696478,58,ESPN BET,Milwaukee Brewers,Miami Marlins,MIL,MIA,-160.0,135.0,close,close,0.0,1.5,8.5,-120.0,100.0,2
2025-07-26,23:10,401696479,401696479,58,ESPN BET,Houston Astros,Athletics,HOU,ATH,-185.0,155.0,close,close,0.0,1.5,7.5,-110.0,-110.0,2
2025-07-26,23:10,401696481,401696481,58,ESPN BET,Minnesota Twins,Washington Nationals,MIN,WSH,-255.0,210.0,close,close,0.0,1.5,8.5,-125.0,105.0,2
2025-07-26,23:15,401696471,401696471,58,ESPN BET,Boston Red Sox,Los Angeles Dodgers,BOS,LAD,-160.0,135.0,close,close,0.0,1.5,8.5,100.0,-120.0,2
2025-07-26,23:15,401696477,401696477,58,ESPN BET,Kansas City Royals,Cleveland Guardians,KC,CLE,-135.0,115.0,close,close,0.0,1.5,7.5,-130.0,110.0,2
2025-07-26,23:15,401696480,401696480,58,ESPN BET,St. Louis Cardinals,San Diego Padres,STL,SD,-145.0,120.0,close,close,0.0,1.5,9.5,110.0,-130.0,2
2025-07-26,01:05,401696482,401696482,58,ESPN BET,San Francisco Giants,New York Mets,SF,NYM,-110.0,-110.0,close,close,0.0,-1.5,7.5,-115.0,-105.0,2
2025-07-26,01:38,401696483,401696483,58,ESPN BET,Los Angeles Angels,Seattle Mariners,LAA,SEA,115.0,-135.0,close,close,0.0,-1.5,8.5,-120.0,100.0,2
2025-07-27,17:35,401696484,401696484,58,ESPN BET,Pittsburgh Pirates,Arizona Diamondbacks,PIT,ARI,-145.0,120.0,close,close,0.0,1.5,7.5,-105.0,-115.0,2
2025-07-27,17:35,401696485,401696485,58,ESPN BET,Baltimore Orioles,Colorado Rockies,BAL,COL,-205.0,170.0,close,close,0.0,1.5,9.5,-120.0,100.0,2
2025-07-27,17:35,401696486,401696486,58,ESPN BET,Boston Red Sox,Los Angeles Dodgers,BOS,LAD,-115.0,-105.0,close,close,0.0,-1.5,10.5,105.0,-125.0,2
2025-07-27,17:35,401696487,401696487,58,ESPN BET,New York Yankees,Philadelphia Phillies,NYY,PHI,115.0,-135.0,close,close,0.0,-1.5,7.5,-115.0,-105.0,2
2025-07-27,17:40,401696488,401696488,58,ESPN BET,Cincinnati Reds,Tampa Bay Rays,CIN,TB,-105.0,-115.0,close,close,0.0,-1.5,9.5,100.0,-120.0,2
2025-07-27,17:40,401696489,401696489,58,ESPN BET,Detroit Tigers,Toronto Blue Jays,DET,TOR,-115.0,-105.0,close,close,0.0,-1.5,8.5,-120.0,100.0,2
2025-07-27,18:10,401696491,401696491,58,ESPN BET,Chicago White Sox,Chicago Cubs,CHW,CHC,140.0,-165.0,close,close,0.0,-1.5,8.5,-120.0,100.0,2
2025-07-27,18:10,401696492,401696492,58,ESPN BET,Kansas City Royals,Cleveland Guardians,KC,CLE,-130.0,110.0,close,close,0.0,1.5,8.5,-120.0,100.0,2
2025-07-27,18:10,401696493,401696493,58,ESPN BET,Milwaukee Brewers,Miami Marlins,MIL,MIA,-155.0,130.0,close,close,0.0,1.5,7.5,105.0,-125.0,2
2025-07-27,18:10,401696494,401696494,58,ESPN BET,Houston Astros,Athletics,HOU,ATH,-145.0,120.0,close,close,0.0,1.5,8.5,100.0,-120.0,2
2025-07-27,18:10,401696496,401696496,58,ESPN BET,Minnesota Twins,Washington Nationals,MIN,WSH,-165.0,140.0,close,close,0.0,1.5,9.5,-110.0,-110.0,2
2025-07-27,18:15,401696495,401696495,58,ESPN BET,St. Louis Cardinals,San Diego Padres,STL,SD,-125.0,105.0,close,close,0.0,1.5,8.5,-130.0,110.0,2
2025-07-27,18:35,401696490,401696490,58,ESPN BET,Texas Rangers,Atlanta Braves,TEX,ATL,-125.0,105.0,close,close,0.0,-1.5,8.5,-135.0,115.0,2
2025-07-27,20:07,401696498,401696498,58,ESPN BET,Los Angeles Angels,Seattle Mariners,LAA,SEA,145.0,-175.0,close,close,0.0,-1.5,8.5,-120.0,100.0,2
2025-07-27,23:00,401696497,401696497,58,ESPN BET,San Francisco Giants,New York Mets,SF,NYM,105.0,-125.0,close,close,0.0,-1.5,8.5,105.0,-125.0,2
2025-07-28,22:35,401696503,401696503,58,ESPN BET,Baltimore Orioles,Toronto Blue Jays,BAL,TOR,-110.0,-110.0,close,close,0.0,-1.5,9.5,-105.0,-115.0,2
2025-07-28,22:40,401696499,401696499,58,ESPN BET,Detroit Tigers,Arizona Diamondbacks,DET,ARI,-135.0,115.0,close,close,0.0,1.5,8.5,-120.0,100.0,2
2025-07-28,22:40,401696500,401696500,58,ESPN BET,Cleveland Guardians,Colorado Rockies,CLE,COL,-285.0,230.0,close,close,0.0,1.5,8.5,-125.0,105.0,2
2025-07-28,23:05,401696502,401696502,58,ESPN BET,New York Yankees,Tampa Bay Rays,NYY,TB,-125.0,105.0,close,close,0.0,1.5,8.5,-110.0,-110.0,2
2025-07-28,23:10,401696501,401696501,58,ESPN BET,Cincinnati Reds,Los Angeles Dodgers,CIN,LAD,125.0,-150.0,close,close,0.0,-1.5,9.5,110.0,-130.0,2
2025-07-28,23:40,401696504,401696504,58,ESPN BET,Kansas City Royals,Atlanta Braves,KC,ATL,145.0,-175.0,close,close,0.0,-1.5,9.5,-110.0,-110.0,2
2025-07-28,23:40,401696505,401696505,58,ESPN BET,Minnesota Twins,Boston Red Sox,MIN,BOS,-110.0,-110.0,close,close,0.0,-1.5,9.5,105.0,-125.0,2
2025-07-28,23:40,401696506,401696506,58,ESPN BET,Milwaukee Brewers,Chicago Cubs,MIL,CHC,-105.0,-115.0,close,close,0.0,-1.5,7.5,-110.0,-110.0,2
2025-07-28,23:40,401696508,401696508,58,ESPN BET,Chicago White Sox,Philadelphia Phillies,CHW,PHI,200.0,-240.0,close,close,0.0,-2.5,8.5,105.0,-125.0,2
2025-07-28,23:45,401696507,401696507,58,ESPN BET,St. Louis Cardinals,Miami Marlins,STL,MIA,-120.0,100.0,close,close,0.0,-1.5,8.5,105.0,-125.0,2
2025-07-28,00:10,401696509,401696509,58,ESPN BET,Houston Astros,Washington Nationals,HOU,WSH,-255.0,210.0,close,close,0.0,1.5,7.5,105.0,-125.0,2
2025-07-28,01:38,401696513,401696513,58,ESPN BET,Los Angeles Angels,Texas Rangers,LAA,TEX,185.0,-225.0,close,close,0.0,-1.5,8.5,-115.0,-105.0,2
2025-07-28,01:40,401696510,401696510,58,ESPN BET,San Diego Padres,New York Mets,SD,NYM,-135.0,115.0,close,close,0.0,1.5,7.5,-130.0,110.0,2
2025-07-28,01:45,401696511,401696511,58,ESPN BET,San Francisco Giants,Pittsburgh Pirates,SF,PIT,-130.0,110.0,close,close,0.0,1.5,7.5,-120.0,100.0,2
2025-07-28,02:05,401764570,401764570,58,ESPN BET,Athletics,Seattle Mariners,ATH,SEA,100.0,-125.0,close,close,0.0,-1.5,10.5,-110.0,-110.0,2
2025-07-29,16:35,401766969,401766969,58,ESPN BET,Baltimore Orioles,Toronto Blue Jays,BAL,TOR,-120.0,100.0,close,close,0.0,1.5,9.5,-120.0,100.0,2
2025-07-29,22:35,401696518,401696518,58,ESPN BET,Baltimore Orioles,Toronto Blue Jays,BAL,TOR,110.0,-130.0,close,close,0.0,-1.5,9.5,-105.0,-115.0,2
2025-07-29,22:40,401696514,401696514,58,ESPN BET,Detroit Tigers,Arizona Diamondbacks,DET,ARI,-155.0,130.0,close,close,0.0,1.5,8.5,-110.0,-110.0,2
2025-07-29,22:40,401696515,401696515,58,ESPN BET,Cleveland Guardians,Colorado Rockies,CLE,COL,-190.0,160.0,close,close,0.0,1.5,8.5,-110.0,-110.0,2
2025-07-29,23:05,401696517,401696517,58,ESPN BET,New York Yankees,Tampa Bay Rays,NYY,TB,-185.0,155.0,close,close,0.0,1.5,8.5,-110.0,-110.0,2
2025-07-29,23:10,401696516,401696516,58,ESPN BET,Cincinnati Reds,Los Angeles Dodgers,CIN,LAD,130.0,-155.0,close,close,0.0,-1.5,8.5,-135.0,115.0,2
2025-07-29,23:40,401696519,401696519,58,ESPN BET,Kansas City Royals,Atlanta Braves,KC,ATL,-125.0,105.0,close,close,0.0,1.5,9.5,-105.0,-115.0,2
2025-07-29,23:40,401696520,401696520,58,ESPN BET,Minnesota Twins,Boston Red Sox,MIN,BOS,110.0,-130.0,close,close,0.0,-1.5,8.5,-125.0,105.0,2
2025-07-29,23:40,401696521,401696521,58,ESPN BET,Milwaukee Brewers,Chicago Cubs,MIL,CHC,-130.0,110.0,close,close,0.0,1.5,8.5,105.0,-125.0,2
2025-07-29,23:40,401696523,401696523,58,ESPN BET,Chicago White Sox,Philadelphia Phillies,CHW,PHI,150.0,-180.0,close,close,0.0,-1.5,8.5,-120.0,100.0,2
2025-07-29,23:45,401696522,401696522,58,ESPN BET,St. Louis Cardinals,Miami Marlins,STL,MIA,-155.0,130.0,close,close,0.0,1.5,7.5,100.0,-120.0,2
2025-07-29,00:10,401696524,401696524,58,ESPN BET,Houston Astros,Washington Nationals,HOU,WSH,-125.0,105.0,close,close,0.0,-1.5,8.5,-105.0,-115.0,2
2025-07-29,01:38,401696528,401696528,58,ESPN BET,Los Angeles Angels,Texas Rangers,LAA,TEX,-130.0,110.0,close,close,0.0,1.5,8.5,-130.0,110.0,2
2025-07-29,01:40,401696525,401696525,58,ESPN BET,San Diego Padres,New York Mets,SD,NYM,110.0,-130.0,close,close,0.0,-1.5,8.5,100.0,-120.0,2
2025-07-29,01:45,401696526,401696526,58,ESPN BET,San Francisco Giants,Pittsburgh Pirates,SF,PIT,-175.0,145.0,close,close,0.0,1.5,8.5,105.0,-125.0,2
2025-07-29,02:05,401764571,401764571,58,ESPN BET,Athletics,Seattle Mariners,ATH,SEA,-110.0,-110.0,close,close,0.0,-1.5,10.5,-120.0,100.0,2
2025-07-30,16:35,401696533,401696533,58,ESPN BET,Baltimore Orioles,Toronto Blue Jays,BAL,TOR,-125.0,105.0,close,close,0.0,1.5,9.5,-115.0,-105.0,2
2025-07-30,17:10,401696529,401696529,58,ESPN BET,Detroit Tigers,Arizona Diamondbacks,DET,ARI,-130.0,110.0,close,close,0.0,1.5,9.5,105.0,-125.0,2
2025-07-30,17:10,401696535,401696535,58,ESPN BET,Minnesota Twins,Boston Red Sox,MIN,BOS,-125.0,-110.0,close,close,0.0,-1.5,7.5,-125.0,105.0,2
2025-07-30,18:10,401696534,401696534,58,ESPN BET,Kansas City Royals,Atlanta Braves,KC,ATL,-125.0,105.0,close,close,0.0,1.5,9.5,105.0,-125.0,2
2025-07-30,18:10,401696536,401696536,58,ESPN BET,Milwaukee Brewers,Chicago Cubs,MIL,CHC,-120.0,100.0,close,close,0.0,-1.5,7.5,115.0,-135.0,2
2025-07-30,18:10,401696538,401696538,58,ESPN BET,Chicago White Sox,Philadelphia Phillies,CHW,PHI,120.0,-145.0,close,close,0.0,-1.5,8.5,-125.0,105.0,2
2025-07-30,18:10,401696539,401696539,58,ESPN BET,Houston Astros,Washington Nationals,HOU,WSH,-115.0,-105.0,close,close,0.0,-1.5,8.5,105.0,-125.0,2
2025-07-30,19:45,401696541,401696541,58,ESPN BET,San Francisco Giants,Pittsburgh Pirates,SF,PIT,-205.0,170.0,close,close,0.0,1.5,7.5,115.0,-135.0,2
2025-07-30,20:10,401696540,401696540,58,ESPN BET,San Diego Padres,New York Mets,SD,NYM,-120.0,100.0,close,close,0.0,-1.5,8.5,-110.0,-110.0,2
2025-07-30,22:40,401696530,401696530,58,ESPN BET,Cleveland Guardians,Colorado Rockies,CLE,COL,-175.0,145.0,close,close,0.0,1.5,7.5,-125.0,105.0,2
2025-07-30,23:05,401696532,401696532,58,ESPN BET,New York Yankees,Tampa Bay Rays,NYY,TB,-145.0,120.0,close,close,0.0,1.5,9.5,105.0,-125.0,2
2025-07-30,23:10,401696531,401696531,58,ESPN BET,Cincinnati Reds,Los Angeles Dodgers,CIN,LAD,145.0,-175.0,close,close,0.0,-1.5,9.5,-105.0,-115.0,2
2025-07-30,23:45,401696537,401696537,58,ESPN BET,St. Louis Cardinals,Miami Marlins,STL,MIA,-135.0,115.0,close,close,0.0,1.5,8.5,100.0,-120.0,2
2025-07-30,01:38,401696543,401696543,58,ESPN BET,Los Angeles Angels,Texas Rangers,LAA,TEX,100.0,-120.0,close,close,0.0,-1.5,8.5,-105.0,-115.0,2
2025-07-30,02:05,401764572,401764572,58,ESPN BET,Athletics,Seattle Mariners,ATH,SEA,125.0,-150.0,close,close,0.0,-1.5,9.5,-115.0,-105.0,2
2025-07-31,17:05,401696544,401696544,58,ESPN BET,New York Yankees,Tampa Bay Rays,NYY,TB,105.0,-125.0,close,close,0.0,-1.5,8.5,-110.0,-110.0,2
2025-07-31,23:10,401696576,401696576,58,ESPN BET,Cincinnati Reds,Atlanta Braves,CIN,ATL,-165.0,135.0,close,close,0.0,1.5,8.5,-130.0,110.0,2
2025-07-31,01:40,401696545,401696545,58,ESPN BET,Seattle Mariners,Texas Rangers,SEA,TEX,-175.0,145.0,close,close,0.0,1.5,7.5,-110.0,-110.0,2
2025-08-01,16:40,401696546,401696546,58,ESPN BET,Cincinnati Reds,Atlanta Braves,CIN,ATL,-145.0,120.0,close,close,0.0,1.5,9.5,100.0,-120.0,2
2025-08-01,18:20,401696555,401696555,58,ESPN BET,Chicago Cubs,Baltimore Orioles,CHC,BAL,-150.0,125.0,close,close,0.0,1.5,7.5,120.0,-145.0,2
2025-08-01,22:45,401696547,401696547,58,ESPN BET,Philadelphia Phillies,Detroit Tigers,PHI,DET,-155.0,130.0,close,close,0.0,1.5,7.5,-110.0,-110.0,2
2025-08-01,22:45,401696551,401696551,58,ESPN BET,Washington Nationals,Milwaukee Brewers,WSH,MIL,135.0,-160.0,close,close,0.0,-1.5,8.5,-115.0,-105.0,2
2025-08-01,23:07,401696549,401696549,58,ESPN BET,Toronto Blue Jays,Kansas City Royals,TOR,KC,-160.0,135.0,close,close,0.0,1.5,7.5,-115.0,-105.0,2
2025-08-01,23:10,401696548,401696548,58,ESPN BET,Boston Red Sox,Houston Astros,BOS,HOU,105.0,-125.0,close,close,0.0,-1.5,7.5,-125.0,105.0,2
2025-08-01,23:10,401696552,401696552,58,ESPN BET,Cleveland Guardians,Minnesota Twins,CLE,MIN,-135.0,115.0,close,close,0.0,1.5,6.5,-135.0,115.0,2
2025-08-01,23:10,401696553,401696553,58,ESPN BET,Miami Marlins,New York Yankees,MIA,NYY,135.0,-160.0,close,close,0.0,-1.5,7.5,-115.0,-105.0,2
2025-08-01,23:10,401696554,401696554,58,ESPN BET,New York Mets,San Francisco Giants,NYM,SF,-150.0,125.0,close,close,0.0,1.5,7.5,-125.0,105.0,2
2025-08-01,23:35,401696550,401696550,58,ESPN BET,Tampa Bay Rays,Los Angeles Dodgers,TB,LAD,100.0,-120.0,close,close,0.0,-1.5,8.5,-130.0,110.0,2
2025-08-01,00:10,401696556,401696556,58,ESPN BET,Colorado Rockies,Pittsburgh Pirates,COL,PIT,115.0,-135.0,close,close,0.0,-1.5,11.5,-115.0,-105.0,2
2025-08-01,01:38,401696558,401696558,58,ESPN BET,Los Angeles Angels,Chicago White Sox,LAA,CHW,-125.0,105.0,close,close,0.0,1.5,8.5,-120.0,100.0,2
2025-08-01,01:40,401696559,401696559,58,ESPN BET,San Diego Padres,St. Louis Cardinals,SD,STL,-190.0,160.0,close,close,0.0,1.5,7.5,-110.0,-110.0,2
2025-08-01,02:05,401764573,401764573,58,ESPN BET,Athletics,Arizona Diamondbacks,ATH,ARI,-130.0,110.0,close,close,0.0,-1.5,9.5,-125.0,105.0,2
2025-08-01,02:10,401696560,401696560,58,ESPN BET,Seattle Mariners,Texas Rangers,SEA,TEX,-190.0,160.0,close,close,0.0,1.5,7.5,-105.0,-115.0,2
2025-08-02,17:10,401696565,401696565,58,ESPN BET,Tampa Bay Rays,Los Angeles Dodgers,TB,LAD,-105.0,-115.0,close,close,0.0,-1.5,7.5,-125.0,105.0,2
2025-08-02,18:20,401696570,401696570,58,ESPN BET,Chicago Cubs,Baltimore Orioles,CHC,BAL,-235.0,195.0,close,close,0.0,1.5,7.5,110.0,-130.0,2
2025-08-02,19:07,401696564,401696564,58,ESPN BET,Toronto Blue Jays,Kansas City Royals,TOR,KC,-145.0,120.0,close,close,0.0,1.5,8.5,100.0,-120.0,2
2025-08-02,19:10,401696571,401696571,58,ESPN BET,Colorado Rockies,Pittsburgh Pirates,COL,PIT,200.0,-240.0,close,close,0.0,-2.5,10.5,100.0,-120.0,2
2025-08-02,20:05,401696562,401696562,58,ESPN BET,Philadelphia Phillies,Detroit Tigers,PHI,DET,-115.0,-105.0,close,close,0.0,-1.5,6.5,-105.0,-115.0,2
2025-08-02,20:05,401696566,401696566,58,ESPN BET,Washington Nationals,Milwaukee Brewers,WSH,MIL,155.0,-185.0,close,close,0.0,-1.5,8.5,-110.0,-110.0,2
2025-08-02,20:10,401696563,401696563,58,ESPN BET,Boston Red Sox,Houston Astros,BOS,HOU,-135.0,120.0,close,close,0.0,1.5,9.5,105.0,-125.0,2
2025-08-02,20:10,401696567,401696567,58,ESPN BET,Cleveland Guardians,Minnesota Twins,CLE,MIN,-160.0,135.0,close,close,0.0,1.5,7.5,110.0,-130.0,2
2025-08-02,20:10,401696568,401696568,58,ESPN BET,Miami Marlins,New York Yankees,MIA,NYY,-115.0,-105.0,close,close,0.0,-1.5,7.5,-120.0,100.0,2
2025-08-02,20:10,401696569,401696569,58,ESPN BET,New York Mets,San Francisco Giants,NYM,SF,-190.0,160.0,close,close,0.0,1.5,8.5,100.0,-120.0,2
2025-08-02,20:10,401696575,401696575,58,ESPN BET,Seattle Mariners,Texas Rangers,SEA,TEX,-130.0,110.0,close,close,0.0,1.5,7.5,-110.0,-110.0,2
2025-08-02,23:15,401696561,401696561,58,ESPN BET,Cincinnati Reds,Atlanta Braves,CIN,ATL,-120.0,100.0,close,close,0.0,-1.5,8.5,105.0,-125.0,2
2025-08-02,02:05,401764574,401764574,58,ESPN BET,Athletics,Arizona Diamondbacks,ATH,ARI,-125.0,105.0,close,close,0.0,-1.5,9.5,-120.0,100.0,2
2025-08-02,02:07,401696573,401696573,58,ESPN BET,Los Angeles Angels,Chicago White Sox,LAA,CHW,-135.0,115.0,close,close,0.0,1.5,8.5,-130.0,110.0,2
2025-08-02,02:10,401696574,401696574,58,ESPN BET,San Diego Padres,St. Louis Cardinals,SD,STL,-150.0,125.0,close,close,0.0,1.5,8.5,-125.0,105.0,2
2025-08-03,23:15,401696561,401696561,58,ESPN BET,Cincinnati Reds,Atlanta Braves,CIN,ATL,-120.0,100.0,close,close,0.0,-1.5,8.5,105.0,-125.0,2
2025-08-03,15:35,401696578,401696578,58,ESPN BET,Boston Red Sox,Houston Astros,BOS,HOU,110.0,-130.0,close,close,0.0,-1.5,7.5,-130.0,110.0,2
2025-08-03,16:10,401696580,401696580,58,ESPN BET,Tampa Bay Rays,Los Angeles Dodgers,TB,LAD,135.0,-160.0,close,close,0.0,-1.5,8.5,-120.0,100.0,2
2025-08-03,17:35,401696581,401696581,58,ESPN BET,Washington Nationals,Milwaukee Brewers,WSH,MIL,125.0,-150.0,close,close,0.0,-1.5,8.5,-120.0,100.0,2
2025-08-03,17:37,401696579,401696579,58,ESPN BET,Toronto Blue Jays,Kansas City Royals,TOR,KC,-150.0,125.0,close,close,0.0,1.5,8.5,100.0,-120.0,2
2025-08-03,17:40,401696582,401696582,58,ESPN BET,Cleveland Guardians,Minnesota Twins,CLE,MIN,-175.0,145.0,close,close,0.0,1.5,8.5,100.0,-120.0,2
2025-08-03,17:40,401696583,401696583,58,ESPN BET,Miami Marlins,New York Yankees,MIA,NYY,100.0,-120.0,close,close,0.0,-1.5,7.5,-110.0,-110.0,2
2025-08-03,17:40,401696584,401696584,58,ESPN BET,New York Mets,San Francisco Giants,NYM,SF,-165.0,140.0,close,close,0.0,1.5,8.5,-120.0,100.0,2
2025-08-03,18:20,401696585,401696585,58,ESPN BET,Chicago Cubs,Baltimore Orioles,CHC,BAL,-185.0,155.0,close,close,0.0,1.5,7.5,-130.0,110.0,2
2025-08-03,19:10,401696586,401696586,58,ESPN BET,Colorado Rockies,Pittsburgh Pirates,COL,PIT,135.0,-160.0,close,close,0.0,-1.5,10.5,-125.0,105.0,2
2025-08-03,20:05,401764575,401764575,58,ESPN BET,Athletics,Arizona Diamondbacks,ATH,ARI,-130.0,110.0,close,close,0.0,1.5,9.5,-120.0,100.0,2
2025-08-03,20:07,401696588,401696588,58,ESPN BET,Los Angeles Angels,Chicago White Sox,LAA,CHW,-135.0,115.0,close,close,0.0,1.5,9.5,-110.0,-110.0,2
2025-08-03,20:10,401696589,401696589,58,ESPN BET,San Diego Padres,St. Louis Cardinals,SD,STL,-205.0,170.0,close,close,0.0,1.5,7.5,-125.0,105.0,2
2025-08-03,20:10,401696590,401696590,58,ESPN BET,Seattle Mariners,Texas Rangers,SEA,TEX,120.0,-145.0,close,close,0.0,-1.5,7.5,105.0,-125.0,2
2025-08-03,23:00,401696577,401696577,58,ESPN BET,Philadelphia Phillies,Detroit Tigers,PHI,DET,-185.0,155.0,close,close,0.0,1.5,8.5,-115.0,-105.0,2
2025-08-04,22:40,401696593,401696593,58,ESPN BET,Miami Marlins,Houston Astros,MIA,HOU,-130.0,110.0,close,close,0.0,1.5,8.5,100.0,-120.0,2
2025-08-04,22:40,401696596,401696596,58,ESPN BET,Detroit Tigers,Minnesota Twins,DET,MIN,-190.0,160.0,close,close,0.0,1.5,8.5,-120.0,100.0,2
2025-08-04,22:40,401696597,401696597,58,ESPN BET,Pittsburgh Pirates,San Francisco Giants,PIT,SF,110.0,-130.0,close,close,0.0,-1.5,8.5,-115.0,-105.0,2
2025-08-04,22:45,401696591,401696591,58,ESPN BET,Philadelphia Phillies,Baltimore Orioles,PHI,BAL,-200.0,165.0,close,close,0.0,1.5,9.5,110.0,-130.0,2
2025-08-04,23:10,401696592,401696592,58,ESPN BET,New York Mets,Cleveland Guardians,NYM,CLE,-200.0,165.0,close,close,0.0,1.5,7.5,-125.0,105.0,2
2025-08-04,23:10,401696594,401696594,58,ESPN BET,Boston Red Sox,Kansas City Royals,BOS,KC,-155.0,130.0,close,close,0.0,1.5,9.5,100.0,-120.0,2
2025-08-04,23:15,401696595,401696595,58,ESPN BET,Atlanta Braves,Milwaukee Brewers,ATL,MIL,110.0,-145.0,close,close,0.0,-1.5,8.5,100.0,-120.0,2
2025-08-04,00:05,401696598,401696598,58,ESPN BET,Chicago Cubs,Cincinnati Reds,CHC,CIN,-135.0,115.0,close,close,0.0,1.5,7.5,110.0,-130.0,2
2025-08-04,00:05,401696599,401696599,58,ESPN BET,Texas Rangers,New York Yankees,TEX,NYY,115.0,-135.0,close,close,0.0,-1.5,7.5,-110.0,-110.0,2
2025-08-04,00:40,401696600,401696600,58,ESPN BET,Colorado Rockies,Toronto Blue Jays,COL,TOR,175.0,-210.0,close,close,0.0,-2.5,12.5,-110.0,-110.0,2
2025-08-04,01:38,401696633,401696633,58,ESPN BET,Los Angeles Angels,Tampa Bay Rays,LAA,TB,-120.0,100.0,close,close,0.0,1.5,8.5,-105.0,-115.0,2
2025-08-04,01:40,401696601,401696601,58,ESPN BET,Arizona Diamondbacks,San Diego Padres,ARI,SD,105.0,-125.0,close,close,0.0,-1.5,9.5,115.0,-135.0,2
2025-08-04,02:10,401696602,401696602,58,ESPN BET,Los Angeles Dodgers,St. Louis Cardinals,LAD,STL,-165.0,140.0,close,close,0.0,1.5,7.5,-135.0,115.0,2
2025-08-05,22:40,401696606,401696606,58,ESPN BET,Miami Marlins,Houston Astros,MIA,HOU,-110.0,-110.0,close,close,0.0,-1.5,8.5,-105.0,-115.0,2
2025-08-05,22:40,401696609,401696609,58,ESPN BET,Detroit Tigers,Minnesota Twins,DET,MIN,-135.0,115.0,close,close,0.0,1.5,8.5,110.0,-130.0,2
2025-08-05,22:40,401696611,401696611,58,ESPN BET,Pittsburgh Pirates,San Francisco Giants,PIT,SF,115.0,-135.0,close,close,0.0,-1.5,7.5,105.0,-125.0,2
2025-08-05,22:45,401696604,401696604,58,ESPN BET,Philadelphia Phillies,Baltimore Orioles,PHI,BAL,-145.0,120.0,close,close,0.0,1.5,9.5,-120.0,100.0,2
2025-08-05,22:45,401696610,401696610,58,ESPN BET,Washington Nationals,Athletics,WSH,ATH,-130.0,110.0,close,close,0.0,1.5,8.5,-120.0,100.0,2
2025-08-05,23:10,401696605,401696605,58,ESPN BET,New York Mets,Cleveland Guardians,NYM,CLE,-165.0,135.0,close,close,0.0,1.5,8.5,-110.0,-110.0,2
2025-08-05,23:10,401696607,401696607,58,ESPN BET,Boston Red Sox,Kansas City Royals,BOS,KC,-235.0,195.0,close,close,0.0,1.5,7.5,-120.0,100.0,2
2025-08-05,23:15,401696608,401696608,58,ESPN BET,Atlanta Braves,Milwaukee Brewers,ATL,MIL,125.0,-150.0,close,close,0.0,-1.5,7.5,-105.0,-115.0,2
2025-08-05,00:05,401696612,401696612,58,ESPN BET,Chicago Cubs,Cincinnati Reds,CHC,CIN,-185.0,155.0,close,close,0.0,1.5,7.5,100.0,-120.0,2
2025-08-05,00:05,401696613,401696613,58,ESPN BET,Texas Rangers,New York Yankees,TEX,NYY,-125.0,105.0,close,close,0.0,1.5,8.5,105.0,-125.0,2
2025-08-05,00:40,401696614,401696614,58,ESPN BET,Colorado Rockies,Toronto Blue Jays,COL,TOR,195.0,-235.0,close,close,0.0,-2.5,11.5,-115.0,-105.0,2
2025-08-05,01:38,401696603,401696603,58,ESPN BET,Los Angeles Angels,Tampa Bay Rays,LAA,TB,-125.0,105.0,close,close,0.0,1.5,8.5,100.0,-120.0,2
2025-08-05,01:40,401696615,401696615,58,ESPN BET,Seattle Mariners,Chicago White Sox,SEA,CHW,-250.0,205.0,close,close,0.0,1.5,7.5,-115.0,-105.0,2
2025-08-05,01:40,401696616,401696616,58,ESPN BET,Arizona Diamondbacks,San Diego Padres,ARI,SD,105.0,-125.0,close,close,0.0,-1.5,8.5,-125.0,105.0,2
2025-08-05,02:10,401696617,401696617,58,ESPN BET,Los Angeles Dodgers,St. Louis Cardinals,LAD,STL,-180.0,150.0,close,close,0.0,1.5,9.5,115.0,-135.0,2
2025-08-06,16:35,401696619,401696619,58,ESPN BET,Philadelphia Phillies,Baltimore Orioles,PHI,BAL,-180.0,150.0,close,close,0.0,1.5,7.5,-110.0,-110.0,2
2025-08-06,16:35,401696626,401696626,58,ESPN BET,Pittsburgh Pirates,San Francisco Giants,PIT,SF,125.0,-150.0,close,close,0.0,-1.5,7.5,-130.0,110.0,2
2025-08-06,17:10,401696620,401696620,58,ESPN BET,New York Mets,Cleveland Guardians,NYM,CLE,-180.0,150.0,close,close,0.0,1.5,7.5,-105.0,-115.0,2
2025-08-06,17:10,401696624,401696624,58,ESPN BET,Detroit Tigers,Minnesota Twins,DET,MIN,-205.0,170.0,close,close,0.0,1.5,8.5,-120.0,100.0,2
2025-08-06,18:20,401696627,401696627,58,ESPN BET,Chicago Cubs,Cincinnati Reds,CHC,CIN,-135.0,115.0,close,close,0.0,1.5,7.5,105.0,-125.0,2
2025-08-06,18:35,401696628,401696628,58,ESPN BET,Texas Rangers,New York Yankees,TEX,NYY,110.0,-130.0,close,close,0.0,-1.5,7.5,-115.0,-105.0,2
2025-08-06,19:10,401696629,401696629,58,ESPN BET,Colorado Rockies,Toronto Blue Jays,COL,TOR,220.0,-270.0,close,close,0.0,-2.5,11.5,100.0,-120.0,2
2025-08-06,20:07,401696618,401696618,58,ESPN BET,Los Angeles Angels,Tampa Bay Rays,LAA,TB,105.0,-125.0,close,close,0.0,-1.5,9.5,115.0,-135.0,2
2025-08-06,20:10,401696632,401696632,58,ESPN BET,Los Angeles Dodgers,St. Louis Cardinals,LAD,STL,-205.0,170.0,close,close,0.0,1.5,9.5,-105.0,-115.0,2
2025-08-06,20:40,401696621,401696621,58,ESPN BET,Miami Marlins,Houston Astros,MIA,HOU,-120.0,100.0,close,close,0.0,-1.5,8.5,110.0,-130.0,2
2025-08-06,22:45,401696625,401696625,58,ESPN BET,Washington Nationals,Athletics,WSH,ATH,120.0,-145.0,close,close,0.0,-1.5,8.5,-125.0,105.0,2
2025-08-06,23:10,401696622,401696622,58,ESPN BET,Boston Red Sox,Kansas City Royals,BOS,KC,-150.0,120.0,close,close,0.0,1.5,8.5,-110.0,-110.0,2
2025-08-06,23:15,401696623,401696623,58,ESPN BET,Atlanta Braves,Milwaukee Brewers,ATL,MIL,-130.0,110.0,close,close,0.0,1.5,7.5,-125.0,105.0,2
2025-08-06,01:40,401696630,401696630,58,ESPN BET,Seattle Mariners,Chicago White Sox,SEA,CHW,-270.0,220.0,close,close,0.0,1.5,7.5,-105.0,-115.0,2
2025-08-06,01:40,401696631,401696631,58,ESPN BET,Arizona Diamondbacks,San Diego Padres,ARI,SD,115.0,-135.0,close,close,0.0,-1.5,9.5,-105.0,-115.0,2
2025-08-07,16:05,401696636,401696636,58,ESPN BET,Washington Nationals,Athletics,WSH,ATH,135.0,-160.0,close,close,0.0,-1.5,8.5,-125.0,105.0,2
2025-08-07,20:10,401696637,401696637,58,ESPN BET,Seattle Mariners,Chicago White Sox,SEA,CHW,-300.0,240.0,close,close,0.0,1.5,7.5,110.0,-130.0,2
2025-08-07,22:40,401696634,401696634,58,ESPN BET,Pittsburgh Pirates,Cincinnati Reds,PIT,CIN,-165.0,140.0,close,close,0.0,1.5,6.5,-135.0,115.0,2
2025-08-07,23:15,401696635,401696635,58,ESPN BET,Atlanta Braves,Miami Marlins,ATL,MIA,115.0,-135.0,close,close,0.0,-1.5,7.5,-125.0,105.0,2
2025-08-08,22:40,401696639,401696639,58,ESPN BET,Pittsburgh Pirates,Cincinnati Reds,PIT,CIN,105.0,-130.0,close,close,0.0,-1.5,7.5,-105.0,-115.0,2
2025-08-08,23:05,401696640,401696640,58,ESPN BET,New York Yankees,Houston Astros,NYY,HOU,-120.0,100.0,close,close,0.0,-1.5,7.5,-115.0,-105.0,2
2025-08-08,23:05,401696642,401696642,58,ESPN BET,Baltimore Orioles,Athletics,BAL,ATH,-125.0,105.0,close,close,0.0,-1.5,9.5,-120.0,100.0,2
2025-08-08,23:10,401696638,401696638,58,ESPN BET,Detroit Tigers,Los Angeles Angels,DET,LAA,-275.0,225.0,close,close,0.0,1.5,7.5,-110.0,-110.0,2
2025-08-08,23:15,401696641,401696641,58,ESPN BET,Atlanta Braves,Miami Marlins,ATL,MIA,105.0,-135.0,close,close,0.0,-1.5,8.5,105.0,-125.0,2
2025-08-08,23:40,401696644,401696644,58,ESPN BET,Chicago White Sox,Cleveland Guardians,CHW,CLE,115.0,-135.0,close,close,0.0,-1.5,8.5,100.0,-120.0,2
2025-08-08,00:05,401696647,401696647,58,ESPN BET,Texas Rangers,Philadelphia Phillies,TEX,PHI,110.0,-130.0,close,close,0.0,-1.5,7.5,100.0,-120.0,2
2025-08-08,00:10,401696645,401696645,58,ESPN BET,Minnesota Twins,Kansas City Royals,MIN,KC,-135.0,115.0,close,close,0.0,1.5,8.5,-105.0,-115.0,2
2025-08-08,00:10,401696646,401696646,58,ESPN BET,Milwaukee Brewers,New York Mets,MIL,NYM,-150.0,125.0,close,close,0.0,1.5,8.5,-105.0,-115.0,2
2025-08-08,00:15,401696643,401696643,58,ESPN BET,St. Louis Cardinals,Chicago Cubs,STL,CHC,140.0,-165.0,close,close,0.0,-1.5,8.5,-105.0,-115.0,2
2025-08-08,01:40,401696648,401696648,58,ESPN BET,San Diego Padres,Boston Red Sox,SD,BOS,-175.0,145.0,close,close,0.0,1.5,8.5,105.0,-125.0,2
2025-08-08,01:40,401696649,401696649,58,ESPN BET,Arizona Diamondbacks,Colorado Rockies,ARI,COL,-215.0,180.0,close,close,0.0,1.5,9.5,105.0,-125.0,2
2025-08-08,01:40,401696650,401696650,58,ESPN BET,Seattle Mariners,Tampa Bay Rays,SEA,TB,-125.0,105.0,close,close,0.0,1.5,6.5,-130.0,110.0,2
2025-08-08,02:10,401696651,401696651,58,ESPN BET,Los Angeles Dodgers,Toronto Blue Jays,LAD,TOR,-135.0,115.0,close,close,0.0,1.5,8.5,-135.0,115.0,2
2025-08-08,02:15,401696652,401696652,58,ESPN BET,San Francisco Giants,Washington Nationals,SF,WSH,-175.0,145.0,close,close,0.0,1.5,8.5,-105.0,-115.0,2
2025-08-09,17:15,401766608,401766608,58,ESPN BET,Atlanta Braves,Miami Marlins,ATL,MIA,-160.0,100.0,close,close,0.0,-1.5,8.5,-125.0,105.0,2
2025-08-09,18:05,401696655,401696655,58,ESPN BET,New York Yankees,Houston Astros,NYY,HOU,-110.0,-110.0,close,close,0.0,-1.5,8.5,-105.0,-115.0,2
2025-08-09,20:05,401696667,401696667,58,ESPN BET,San Francisco Giants,Washington Nationals,SF,WSH,-175.0,145.0,close,close,0.0,1.5,8.5,105.0,-125.0,2
2025-08-09,22:10,401696653,401696653,58,ESPN BET,Detroit Tigers,Los Angeles Angels,DET,LAA,-145.0,115.0,close,close,0.0,1.5,8.5,-120.0,100.0,2
2025-08-09,22:40,401696654,401696654,58,ESPN BET,Pittsburgh Pirates,Cincinnati Reds,PIT,CIN,-105.0,-115.0,close,close,0.0,-1.5,8.5,105.0,-125.0,2
2025-08-09,23:05,401696657,401696657,58,ESPN BET,Baltimore Orioles,Athletics,BAL,ATH,-120.0,100.0,close,close,0.0,-1.5,9.5,-105.0,-115.0,2
2025-08-09,23:10,401696659,401696659,58,ESPN BET,Chicago White Sox,Cleveland Guardians,CHW,CLE,115.0,-135.0,close,close,0.0,-1.5,8.5,-115.0,-105.0,2
2025-08-09,23:10,401696660,401696660,58,ESPN BET,Minnesota Twins,Kansas City Royals,MIN,KC,100.0,-120.0,close,close,0.0,-1.5,8.5,-120.0,100.0,2
2025-08-09,23:10,401696661,401696661,58,ESPN BET,Milwaukee Brewers,New York Mets,MIL,NYM,-120.0,100.0,close,close,0.0,-1.5,9.5,105.0,-125.0,2
2025-08-09,23:15,401696656,401696656,58,ESPN BET,Atlanta Braves,Miami Marlins,ATL,MIA,-110.0,-110.0,close,close,0.0,-1.5,8.5,-110.0,-110.0,2
2025-08-09,23:15,401696658,401696658,58,ESPN BET,St. Louis Cardinals,Chicago Cubs,STL,CHC,105.0,-125.0,close,close,0.0,-1.5,8.5,-130.0,110.0,2
2025-08-09,23:15,401696662,401696662,58,ESPN BET,Texas Rangers,Philadelphia Phillies,TEX,PHI,-130.0,110.0,close,close,0.0,1.5,7.5,110.0,-130.0,2
2025-08-09,00:10,401696664,401696664,58,ESPN BET,Arizona Diamondbacks,Colorado Rockies,ARI,COL,-225.0,185.0,close,close,0.0,1.5,9.5,100.0,-120.0,2
2025-08-09,00:40,401696663,401696663,58,ESPN BET,San Diego Padres,Boston Red Sox,SD,BOS,-135.0,115.0,close,close,0.0,1.5,7.5,-120.0,100.0,2
2025-08-09,01:10,401696666,401696666,58,ESPN BET,Los Angeles Dodgers,Toronto Blue Jays,LAD,TOR,-160.0,135.0,close,close,0.0,1.5,8.5,-110.0,-110.0,2
2025-08-09,01:40,401696665,401696665,58,ESPN BET,Seattle Mariners,Tampa Bay Rays,SEA,TB,-145.0,120.0,close,close,0.0,1.5,7.5,-120.0,100.0,2
2025-08-10,17:05,401696675,401696675,58,ESPN BET,Minnesota Twins,Kansas City Royals,MIN,KC,-110.0,-110.0,close,close,0.0,-1.5,9.5,110.0,-130.0,2
2025-08-10,17:35,401696669,401696669,58,ESPN BET,Pittsburgh Pirates,Cincinnati Reds,PIT,CIN,-110.0,-110.0,close,close,0.0,-1.5,8.5,105.0,-125.0,2
2025-08-10,17:35,401696670,401696670,58,ESPN BET,New York Yankees,Houston Astros,NYY,HOU,-225.0,185.0,close,close,0.0,1.5,9.5,115.0,-135.0,2
2025-08-10,17:35,401696671,401696671,58,ESPN BET,Atlanta Braves,Miami Marlins,ATL,MIA,-135.0,115.0,close,close,0.0,1.5,8.5,100.0,-120.0,2
2025-08-10,17:35,401696672,401696672,58,ESPN BET,Baltimore Orioles,Athletics,BAL,ATH,-125.0,105.0,close,close,0.0,-1.5,9.5,105.0,-125.0,2
2025-08-10,17:40,401696668,401696668,58,ESPN BET,Detroit Tigers,Los Angeles Angels,DET,LAA,-185.0,155.0,close,close,0.0,1.5,9.5,-105.0,-115.0,2
2025-08-10,18:10,401696674,401696674,58,ESPN BET,Chicago White Sox,Cleveland Guardians,CHW,CLE,115.0,-135.0,close,close,0.0,-1.5,8.5,-135.0,115.0,2
2025-08-10,18:10,401696676,401696676,58,ESPN BET,Milwaukee Brewers,New York Mets,MIL,NYM,-115.0,-105.0,close,close,0.0,1.5,8.5,105.0,-125.0,2
2025-08-10,18:35,401696677,401696677,58,ESPN BET,Texas Rangers,Philadelphia Phillies,TEX,PHI,140.0,-165.0,close,close,0.0,-1.5,7.5,100.0,-120.0,2
2025-08-10,20:05,401696682,401696682,58,ESPN BET,San Francisco Giants,Washington Nationals,SF,WSH,-165.0,140.0,close,close,0.0,1.5,8.5,105.0,-125.0,2
2025-08-10,20:10,401696678,401696678,58,ESPN BET,San Diego Padres,Boston Red Sox,SD,BOS,-155.0,130.0,close,close,0.0,1.5,7.5,-110.0,-110.0,2
2025-08-10,20:10,401696679,401696679,58,ESPN BET,Arizona Diamondbacks,Colorado Rockies,ARI,COL,-285.0,230.0,close,close,0.0,2.5,8.5,-130.0,110.0,2
2025-08-10,20:10,401696680,401696680,58,ESPN BET,Seattle Mariners,Tampa Bay Rays,SEA,TB,-180.0,150.0,close,close,0.0,1.5,7.5,-115.0,-105.0,2
2025-08-10,20:10,401696681,401696681,58,ESPN BET,Los Angeles Dodgers,Toronto Blue Jays,LAD,TOR,-185.0,155.0,close,close,0.0,1.5,8.5,-120.0,100.0,2
2025-08-10,23:00,401696673,401696673,58,ESPN BET,St. Louis Cardinals,Chicago Cubs,STL,CHC,120.0,-145.0,close,close,0.0,-1.5,7.5,-115.0,-105.0,2
2025-08-11,22:10,401696684,401696684,58,ESPN BET,Cincinnati Reds,Philadelphia Phillies,CIN,PHI,-130.0,110.0,close,close,0.0,1.5,9.5,-115.0,-105.0,2
2025-08-11,23:05,401696683,401696683,58,ESPN BET,New York Yankees,Minnesota Twins,NYY,MIN,-185.0,155.0,close,close,0.0,1.5,8.5,-120.0,100.0,2
2025-08-11,23:40,401696688,401696688,58,ESPN BET,Chicago White Sox,Detroit Tigers,CHW,DET,125.0,-150.0,close,close,0.0,-1.5,8.5,-130.0,110.0,2
2025-08-11,23:40,401696689,401696689,58,ESPN BET,Milwaukee Brewers,Pittsburgh Pirates,MIL,PIT,-185.0,155.0,close,close,0.0,1.5,8.5,-130.0,110.0,2
2025-08-11,23:40,401696690,401696690,58,ESPN BET,Kansas City Royals,Washington Nationals,KC,WSH,-155.0,130.0,close,close,0.0,1.5,8.5,-125.0,105.0,2
2025-08-11,23:45,401696687,401696687,58,ESPN BET,St. Louis Cardinals,Colorado Rockies,STL,COL,-200.0,165.0,close,close,0.0,1.5,8.5,-105.0,-115.0,2
2025-08-11,00:05,401696685,401696685,58,ESPN BET,Texas Rangers,Arizona Diamondbacks,TEX,ARI,-165.0,140.0,close,close,0.0,1.5,7.5,-105.0,-115.0,2
2025-08-11,00:10,401696686,401696686,58,ESPN BET,Houston Astros,Boston Red Sox,HOU,BOS,140.0,-165.0,close,close,0.0,-1.5,7.5,-115.0,-105.0,2
2025-08-11,01:38,401696691,401696691,58,ESPN BET,Los Angeles Angels,Los Angeles Dodgers,LAA,LAD,145.0,-175.0,close,close,0.0,-1.5,8.5,-105.0,-115.0,2
2025-08-11,01:45,401696692,401696692,58,ESPN BET,San Francisco Giants,San Diego Padres,SF,SD,-130.0,110.0,close,close,0.0,1.5,7.5,105.0,-125.0,2
2025-08-11,02:05,401764576,401764576,58,ESPN BET,Athletics,Tampa Bay Rays,ATH,TB,-110.0,-110.0,close,close,0.0,-1.5,9.5,-125.0,105.0,2
2025-08-12,22:35,401696699,401696699,58,ESPN BET,Baltimore Orioles,Seattle Mariners,BAL,SEA,130.0,-155.0,close,close,0.0,-1.5,9.5,110.0,-130.0,2
2025-08-12,22:40,401696696,401696696,58,ESPN BET,Cleveland Guardians,Miami Marlins,CLE,MIA,-135.0,115.0,close,close,0.0,1.5,8.5,-120.0,100.0,2
2025-08-12,22:40,401696698,401696698,58,ESPN BET,Cincinnati Reds,Philadelphia Phillies,CIN,PHI,125.0,-150.0,close,close,0.0,-1.5,9.5,100.0,-120.0,2
2025-08-12,23:05,401696697,401696697,58,ESPN BET,New York Yankees,Minnesota Twins,NYY,MIN,-215.0,180.0,close,close,0.0,1.5,9.5,110.0,-130.0,2
2025-08-12,23:07,401696695,401696695,58,ESPN BET,Toronto Blue Jays,Chicago Cubs,TOR,CHC,-125.0,105.0,close,close,0.0,1.5,8.5,-135.0,115.0,2
2025-08-12,23:10,401696694,401696694,58,ESPN BET,New York Mets,Atlanta Braves,NYM,ATL,-145.0,120.0,close,close,0.0,1.5,8.5,105.0,-125.0,2
2025-08-12,23:40,401696703,401696703,58,ESPN BET,Chicago White Sox,Detroit Tigers,CHW,DET,145.0,-175.0,close,close,0.0,-1.5,8.5,-120.0,100.0,2
2025-08-12,23:40,401696704,401696704,58,ESPN BET,Milwaukee Brewers,Pittsburgh Pirates,MIL,PIT,-145.0,120.0,close,close,0.0,1.5,6.5,-105.0,-115.0,2
2025-08-12,23:40,401696705,401696705,58,ESPN BET,Kansas City Royals,Washington Nationals,KC,WSH,-190.0,160.0,close,close,0.0,1.5,9.5,110.0,-130.0,2
2025-08-12,23:45,401696702,401696702,58,ESPN BET,St. Louis Cardinals,Colorado Rockies,STL,COL,-185.0,155.0,close,close,0.0,1.5,8.5,-105.0,-115.0,2
2025-08-12,00:05,401696700,401696700,58,ESPN BET,Texas Rangers,Arizona Diamondbacks,TEX,ARI,-160.0,130.0,close,close,0.0,1.5,8.5,-115.0,-105.0,2
2025-08-12,00:10,401696701,401696701,58,ESPN BET,Houston Astros,Boston Red Sox,HOU,BOS,-110.0,-110.0,close,close,0.0,-1.5,8.5,-135.0,115.0,2
2025-08-12,01:38,401696706,401696706,58,ESPN BET,Los Angeles Angels,Los Angeles Dodgers,LAA,LAD,145.0,-180.0,close,close,0.0,-1.5,9.5,-125.0,105.0,2
2025-08-12,01:45,401696707,401696707,58,ESPN BET,San Francisco Giants,San Diego Padres,SF,SD,-125.0,105.0,close,close,0.0,-1.5,7.5,-110.0,-110.0,2
2025-08-12,02:05,401764577,401764577,58,ESPN BET,Athletics,Tampa Bay Rays,ATH,TB,-115.0,-105.0,close,close,0.0,-1.5,9.5,-105.0,-115.0,2
2025-08-13,18:10,401696718,401696718,58,ESPN BET,Chicago White Sox,Detroit Tigers,CHW,DET,120.0,-145.0,close,close,0.0,-1.5,8.5,105.0,-125.0,2
2025-08-13,18:10,401696719,401696719,58,ESPN BET,Milwaukee Brewers,Pittsburgh Pirates,MIL,PIT,-250.0,205.0,close,close,0.0,1.5,7.5,100.0,-120.0,2
2025-08-13,18:10,401696720,401696720,58,ESPN BET,Kansas City Royals,Washington Nationals,KC,WSH,-175.0,145.0,close,close,0.0,1.5,8.5,-135.0,115.0,2
2025-08-13,18:15,401696717,401696717,58,ESPN BET,St. Louis Cardinals,Colorado Rockies,STL,COL,-225.0,185.0,close,close,0.0,1.5,8.5,110.0,-130.0,2
2025-08-13,18:35,401696715,401696715,58,ESPN BET,Texas Rangers,Arizona Diamondbacks,TEX,ARI,-150.0,125.0,close,close,0.0,1.5,7.5,-120.0,100.0,2
2025-08-13,19:45,401696722,401696722,58,ESPN BET,San Francisco Giants,San Diego Padres,SF,SD,125.0,-150.0,close,close,0.0,-1.5,7.5,-120.0,100.0,2
2025-08-13,21:10,401696713,401696713,58,ESPN BET,Cincinnati Reds,Philadelphia Phillies,CIN,PHI,105.0,-125.0,close,close,0.0,-1.5,8.5,105.0,-125.0,2
2025-08-13,22:35,401696714,401696714,58,ESPN BET,Baltimore Orioles,Seattle Mariners,BAL,SEA,125.0,-150.0,close,close,0.0,-1.5,8.5,-105.0,-115.0,2
2025-08-13,22:40,401696711,401696711,58,ESPN BET,Cleveland Guardians,Miami Marlins,CLE,MIA,-135.0,115.0,close,close,0.0,1.5,7.5,-120.0,100.0,2
2025-08-13,23:05,401696712,401696712,58,ESPN BET,New York Yankees,Minnesota Twins,NYY,MIN,-160.0,135.0,close,close,0.0,1.5,8.5,-115.0,-105.0,2
2025-08-13,23:07,401696710,401696710,58,ESPN BET,Toronto Blue Jays,Chicago Cubs,TOR,CHC,-130.0,110.0,close,close,0.0,1.5,8.5,-105.0,-115.0,2
2025-08-13,23:10,401696709,401696709,58,ESPN BET,New York Mets,Atlanta Braves,NYM,ATL,-190.0,165.0,close,close,0.0,1.5,8.5,-125.0,105.0,2
2025-08-13,23:10,401696716,401696716,58,ESPN BET,Houston Astros,Boston Red Sox,HOU,BOS,-155.0,130.0,close,close,0.0,1.5,7.5,-120.0,100.0,2
2025-08-13,01:38,401696721,401696721,58,ESPN BET,Los Angeles Angels,Los Angeles Dodgers,LAA,LAD,165.0,-200.0,close,close,0.0,-1.5,9.5,105.0,-125.0,2
2025-08-13,02:05,401764578,401764578,58,ESPN BET,Athletics,Tampa Bay Rays,ATH,TB,125.0,-150.0,close,close,0.0,-1.5,9.5,105.0,-125.0,2
2025-08-14,17:05,401696728,401696728,58,ESPN BET,Baltimore Orioles,Seattle Mariners,BAL,SEA,110.0,-130.0,close,close,0.0,-1.5,9.5,-105.0,-115.0,2
2025-08-14,19:07,401696725,401696725,58,ESPN BET,Toronto Blue Jays,Chicago Cubs,TOR,CHC,-105.0,-115.0,close,close,0.0,-1.5,7.5,-125.0,105.0,2
2025-08-14,22:40,401696726,401696726,58,ESPN BET,Cleveland Guardians,Miami Marlins,CLE,MIA,-125.0,105.0,close,close,0.0,-1.5,7.5,105.0,-125.0,2
2025-08-14,22:45,401696727,401696727,58,ESPN BET,Washington Nationals,Philadelphia Phillies,WSH,PHI,165.0,-200.0,close,close,0.0,-1.5,8.5,-105.0,-115.0,2
2025-08-14,23:10,401696724,401696724,58,ESPN BET,New York Mets,Atlanta Braves,NYM,ATL,-185.0,155.0,close,close,0.0,1.5,8.5,-120.0,100.0,2
2025-08-14,23:40,401696729,401696729,58,ESPN BET,Minnesota Twins,Detroit Tigers,MIN,DET,170.0,-205.0,close,close,0.0,-1.5,7.5,-115.0,-105.0,2
2025-08-14,00:40,401696730,401696730,58,ESPN BET,Colorado Rockies,Arizona Diamondbacks,COL,ARI,145.0,-175.0,close,close,0.0,-1.5,12.5,-125.0,105.0,2
2025-08-15,18:20,401696741,401696741,58,ESPN BET,Chicago Cubs,Pittsburgh Pirates,CHC,PIT,-185.0,155.0,close,close,0.0,1.5,8.5,-115.0,-105.0,2
2025-08-15,22:40,401696733,401696733,58,ESPN BET,Cincinnati Reds,Milwaukee Brewers,CIN,MIL,115.0,-135.0,close,close,0.0,-1.5,8.5,-115.0,-105.0,2
2025-08-15,22:45,401696734,401696734,58,ESPN BET,Washington Nationals,Philadelphia Phillies,WSH,PHI,170.0,-205.0,close,close,0.0,-1.5,7.5,-130.0,110.0,2
2025-08-15,23:07,401696736,401696736,58,ESPN BET,Toronto Blue Jays,Texas Rangers,TOR,TEX,-110.0,-110.0,close,close,0.0,-1.5,7.5,-105.0,-115.0,2
2025-08-15,23:10,401696731,401696731,58,ESPN BET,Cleveland Guardians,Atlanta Braves,CLE,ATL,-115.0,-105.0,close,close,0.0,-1.5,8.5,-115.0,-105.0,2
2025-08-15,23:10,401696732,401696732,58,ESPN BET,Boston Red Sox,Miami Marlins,BOS,MIA,-165.0,140.0,close,close,0.0,1.5,8.5,-125.0,105.0,2
2025-08-15,23:10,401696735,401696735,58,ESPN BET,New York Mets,Seattle Mariners,NYM,SEA,-135.0,115.0,close,close,0.0,-1.5,8.5,-125.0,105.0,2
2025-08-15,00:10,401696737,401696737,58,ESPN BET,Houston Astros,Baltimore Orioles,HOU,BAL,-210.0,175.0,close,close,0.0,1.5,7.5,-110.0,-110.0,2
2025-08-15,00:10,401696738,401696738,58,ESPN BET,Kansas City Royals,Chicago White Sox,KC,CHW,-180.0,150.0,close,close,0.0,1.5,9.5,110.0,-130.0,2
2025-08-15,00:10,401696739,401696739,58,ESPN BET,Minnesota Twins,Detroit Tigers,MIN,DET,115.0,-135.0,close,close,0.0,-1.5,9.5,-115.0,-105.0,2
2025-08-15,00:15,401696740,401696740,58,ESPN BET,St. Louis Cardinals,New York Yankees,STL,NYY,120.0,-145.0,close,close,0.0,-1.5,8.5,-125.0,105.0,2
2025-08-15,00:40,401696742,401696742,58,ESPN BET,Colorado Rockies,Arizona Diamondbacks,COL,ARI,160.0,-190.0,close,close,0.0,-1.5,11.5,-125.0,105.0,2
2025-08-15,02:05,401764579,401764579,58,ESPN BET,Athletics,Los Angeles Angels,ATH,LAA,-110.0,-110.0,close,close,0.0,-1.5,9.5,-125.0,105.0,2
2025-08-15,02:10,401696744,401696744,58,ESPN BET,Los Angeles Dodgers,San Diego Padres,LAD,SD,-145.0,120.0,close,close,0.0,1.5,9.5,110.0,-130.0,2
2025-08-15,02:15,401696745,401696745,58,ESPN BET,San Francisco Giants,Tampa Bay Rays,SF,TB,-115.0,-105.0,close,close,0.0,-1.5,7.5,-115.0,-105.0,2
2025-08-16,18:20,401696756,401696756,58,ESPN BET,Chicago Cubs,Pittsburgh Pirates,CHC,PIT,-225.0,185.0,close,close,0.0,1.5,8.5,-125.0,105.0,2
2025-08-16,19:07,401696751,401696751,58,ESPN BET,Toronto Blue Jays,Texas Rangers,TOR,TEX,-175.0,145.0,close,close,0.0,1.5,8.5,-115.0,-105.0,2
2025-08-16,20:05,401696749,401696749,58,ESPN BET,Washington Nationals,Philadelphia Phillies,WSH,PHI,120.0,-155.0,close,close,0.0,-1.5,9.5,-115.0,-105.0,2
2025-08-16,20:10,401696747,401696747,58,ESPN BET,Boston Red Sox,Miami Marlins,BOS,MIA,-190.0,160.0,close,close,0.0,1.5,8.5,-130.0,110.0,2
2025-08-16,20:10,401696750,401696750,58,ESPN BET,New York Mets,Seattle Mariners,NYM,SEA,-105.0,-115.0,close,close,0.0,-1.5,8.5,-105.0,-115.0,2
2025-08-16,22:40,401696748,401696748,58,ESPN BET,Cincinnati Reds,Milwaukee Brewers,CIN,MIL,100.0,-120.0,close,close,0.0,-1.5,8.5,-130.0,110.0,2
2025-08-16,23:10,401696746,401696746,58,ESPN BET,Cleveland Guardians,Atlanta Braves,CLE,ATL,-110.0,-110.0,close,close,0.0,-1.5,8.5,-120.0,100.0,2
2025-08-16,23:10,401696752,401696752,58,ESPN BET,Houston Astros,Baltimore Orioles,HOU,BAL,-135.0,115.0,close,close,0.0,1.5,8.5,-120.0,100.0,2
2025-08-16,23:10,401696753,401696753,58,ESPN BET,Kansas City Royals,Chicago White Sox,KC,CHW,-150.0,125.0,close,close,0.0,1.5,9.5,-105.0,-115.0,2
2025-08-16,23:15,401696754,401696754,58,ESPN BET,Minnesota Twins,Detroit Tigers,MIN,DET,-115.0,-105.0,close,close,0.0,-1.5,8.5,-120.0,100.0,2
2025-08-16,23:15,401696755,401696755,58,ESPN BET,St. Louis Cardinals,New York Yankees,STL,NYY,120.0,-145.0,close,close,0.0,-1.5,7.5,-105.0,-115.0,2
2025-08-16,00:10,401696757,401696757,58,ESPN BET,Colorado Rockies,Arizona Diamondbacks,COL,ARI,145.0,-175.0,close,close,0.0,-1.5,11.5,105.0,-125.0,2
2025-08-16,01:05,401696760,401696760,58,ESPN BET,San Francisco Giants,Tampa Bay Rays,SF,TB,-105.0,-115.0,close,close,0.0,-1.5,7.5,-130.0,110.0,2
2025-08-16,01:10,401696759,401696759,58,ESPN BET,Los Angeles Dodgers,San Diego Padres,LAD,SD,-120.0,100.0,close,close,0.0,1.5,7.5,-115.0,-105.0,2
2025-08-16,02:05,401764580,401764580,58,ESPN BET,Athletics,Los Angeles Angels,ATH,LAA,-125.0,105.0,close,close,0.0,-1.5,10.5,-125.0,105.0,2
2025-08-17,15:35,401696764,401696764,58,ESPN BET,Washington Nationals,Philadelphia Phillies,WSH,PHI,180.0,-200.0,close,close,0.0,-1.5,10.5,105.0,-125.0,2
2025-08-17,17:35,401696762,401696762,58,ESPN BET,Boston Red Sox,Miami Marlins,BOS,MIA,-255.0,210.0,close,close,0.0,1.5,8.5,-110.0,-110.0,2
2025-08-17,17:37,401696766,401696766,58,ESPN BET,Toronto Blue Jays,Texas Rangers,TOR,TEX,-120.0,100.0,close,close,0.0,-1.5,7.5,-120.0,100.0,2
2025-08-17,17:40,401696761,401696761,58,ESPN BET,Cleveland Guardians,Atlanta Braves,CLE,ATL,-115.0,-105.0,close,close,0.0,-1.5,8.5,-125.0,105.0,2
2025-08-17,17:40,401696763,401696763,58,ESPN BET,Cincinnati Reds,Milwaukee Brewers,CIN,MIL,-125.0,105.0,close,close,0.0,1.5,9.5,115.0,-135.0,2
2025-08-17,18:10,401696767,401696767,58,ESPN BET,Houston Astros,Baltimore Orioles,HOU,BAL,-125.0,105.0,close,close,0.0,1.5,8.5,-105.0,-115.0,2
2025-08-17,18:10,401696768,401696768,58,ESPN BET,Kansas City Royals,Chicago White Sox,KC,CHW,-175.0,140.0,close,close,0.0,1.5,9.5,-120.0,100.0,2
2025-08-17,18:10,401696769,401696769,58,ESPN BET,Minnesota Twins,Detroit Tigers,MIN,DET,105.0,-125.0,close,close,0.0,-1.5,9.5,105.0,-125.0,2
2025-08-17,18:15,401696770,401696770,58,ESPN BET,St. Louis Cardinals,New York Yankees,STL,NYY,130.0,-155.0,close,close,0.0,-1.5,8.5,-130.0,110.0,2
2025-08-17,18:20,401696771,401696771,58,ESPN BET,Chicago Cubs,Pittsburgh Pirates,CHC,PIT,-185.0,155.0,close,close,0.0,1.5,7.5,110.0,-130.0,2
2025-08-17,19:10,401696772,401696772,58,ESPN BET,Colorado Rockies,Arizona Diamondbacks,COL,ARI,120.0,-145.0,close,close,0.0,-1.5,12.5,-110.0,-110.0,2
2025-08-17,20:05,401696775,401696775,58,ESPN BET,San Francisco Giants,Tampa Bay Rays,SF,TB,-145.0,115.0,close,close,0.0,1.5,7.5,115.0,-135.0,2
2025-08-17,20:05,401764581,401764581,58,ESPN BET,Athletics,Los Angeles Angels,ATH,LAA,-110.0,-110.0,close,close,0.0,-1.5,9.5,-120.0,100.0,2
2025-08-17,20:10,401696774,401696774,58,ESPN BET,Los Angeles Dodgers,San Diego Padres,LAD,SD,-135.0,115.0,close,close,0.0,1.5,8.5,-120.0,100.0,2
2025-08-17,23:00,401696765,401696765,58,ESPN BET,New York Mets,Seattle Mariners,NYM,SEA,105.0,-125.0,close,close,0.0,-1.5,8.5,100.0,-120.0,2
2025-08-18,18:20,401785797,401785797,58,ESPN BET,Chicago Cubs,Milwaukee Brewers,CHC,MIL,-120.0,100.0,close,close,0.0,-1.5,7.5,110.0,110.0,2
2025-08-18,22:40,401696778,401696778,58,ESPN BET,Detroit Tigers,Houston Astros,DET,HOU,-155.0,130.0,close,close,0.0,1.5,8.5,-105.0,-115.0,2
2025-08-18,22:40,401696780,401696780,58,ESPN BET,Miami Marlins,St. Louis Cardinals,MIA,STL,-150.0,125.0,close,close,0.0,1.5,7.5,-110.0,-110.0,2
2025-08-18,22:40,401696781,401696781,58,ESPN BET,Pittsburgh Pirates,Toronto Blue Jays,PIT,TOR,-110.0,-110.0,close,close,0.0,-1.5,6.5,-135.0,115.0,2
2025-08-18,22:45,401696779,401696779,58,ESPN BET,Philadelphia Phillies,Seattle Mariners,PHI,SEA,-115.0,-105.0,close,close,0.0,-1.5,7.5,-110.0,-110.0,2
2025-08-18,23:10,401696776,401696776,58,ESPN BET,Boston Red Sox,Baltimore Orioles,BOS,BAL,-120.0,100.0,close,close,0.0,-1.5,7.5,-125.0,105.0,2
2025-08-18,23:15,401696777,401696777,58,ESPN BET,Atlanta Braves,Chicago White Sox,ATL,CHW,-215.0,180.0,close,close,0.0,1.5,8.5,-125.0,105.0,2
2025-08-18,23:40,401696783,401696783,58,ESPN BET,Kansas City Royals,Texas Rangers,KC,TEX,-125.0,105.0,close,close,0.0,1.5,9.5,105.0,-125.0,2
2025-08-18,00:05,401696782,401696782,,,Chicago Cubs,Milwaukee Brewers,CHC,MIL,,,,,,,,,,0
2025-08-18,00:40,401696784,401696784,58,ESPN BET,Colorado Rockies,Los Angeles Dodgers,COL,LAD,240.0,-300.0,close,close,0.0,-2.5,11.5,-105.0,-115.0,2
2025-08-18,01:38,401696785,401696785,58,ESPN BET,Los Angeles Angels,Cincinnati Reds,LAA,CIN,-105.0,-115.0,close,close,0.0,-1.5,9.5,100.0,-120.0,2
2025-08-18,01:40,401696786,401696786,58,ESPN BET,Arizona Diamondbacks,Cleveland Guardians,ARI,CLE,-115.0,-105.0,close,close,0.0,-1.5,8.5,-130.0,110.0,2
2025-08-18,01:40,401696787,401696787,58,ESPN BET,San Diego Padres,San Francisco Giants,SD,SF,-135.0,115.0,close,close,0.0,1.5,7.5,-115.0,-105.0,2
2025-08-19,18:20,401811885,401811885,58,ESPN BET,Chicago Cubs,Milwaukee Brewers,CHC,MIL,-155.0,130.0,close,close,0.0,1.5,6.5,-120.0,100.0,2
2025-08-19,22:40,401696790,401696790,58,ESPN BET,Detroit Tigers,Houston Astros,DET,HOU,-160.0,135.0,close,close,0.0,1.5,7.5,110.0,-130.0,2
2025-08-19,22:40,401696794,401696794,58,ESPN BET,Miami Marlins,St. Louis Cardinals,MIA,STL,-150.0,125.0,close,close,0.0,1.5,7.5,-120.0,100.0,2
2025-08-19,22:40,401696795,401696795,58,ESPN BET,Pittsburgh Pirates,Toronto Blue Jays,PIT,TOR,130.0,-155.0,close,close,0.0,-1.5,7.5,-120.0,100.0,2
2025-08-19,22:45,401696792,401696792,58,ESPN BET,Washington Nationals,New York Mets,WSH,NYM,160.0,-190.0,close,close,0.0,-1.5,9.5,110.0,-130.0,2
2025-08-19,22:45,401696793,401696793,58,ESPN BET,Philadelphia Phillies,Seattle Mariners,PHI,SEA,-210.0,175.0,close,close,0.0,1.5,8.5,100.0,-120.0,2
2025-08-19,23:10,401696788,401696788,58,ESPN BET,Boston Red Sox,Baltimore Orioles,BOS,BAL,-145.0,120.0,close,close,0.0,1.5,9.5,105.0,-125.0,2
2025-08-19,23:15,401696789,401696789,58,ESPN BET,Atlanta Braves,Chicago White Sox,ATL,CHW,-165.0,140.0,close,close,0.0,1.5,8.5,-120.0,100.0,2
2025-08-19,23:35,401696791,401696791,58,ESPN BET,Tampa Bay Rays,New York Yankees,TB,NYY,110.0,-130.0,close,close,0.0,-1.5,8.5,110.0,-130.0,2
2025-08-19,23:40,401696797,401696797,58,ESPN BET,Minnesota Twins,Athletics,MIN,ATH,-155.0,130.0,close,close,0.0,1.5,8.5,-105.0,-115.0,2
2025-08-19,23:40,401696798,401696798,58,ESPN BET,Kansas City Royals,Texas Rangers,KC,TEX,-105.0,-115.0,close,close,0.0,-1.5,8.5,-110.0,-110.0,2
2025-08-19,00:05,401696796,401696796,58,ESPN BET,Chicago Cubs,Milwaukee Brewers,CHC,MIL,105.0,-125.0,close,close,0.0,-1.5,6.5,-120.0,100.0,2
2025-08-19,00:40,401696799,401696799,58,ESPN BET,Colorado Rockies,Los Angeles Dodgers,COL,LAD,210.0,-255.0,close,close,0.0,-2.5,12.5,105.0,-125.0,2
2025-08-19,01:38,401696800,401696800,58,ESPN BET,Los Angeles Angels,Cincinnati Reds,LAA,CIN,110.0,-130.0,close,close,0.0,-1.5,8.5,-110.0,-110.0,2
2025-08-19,01:40,401696801,401696801,58,ESPN BET,Arizona Diamondbacks,Cleveland Guardians,ARI,CLE,-125.0,105.0,close,close,0.0,-1.5,8.5,-120.0,100.0,2
2025-08-19,01:40,401696802,401696802,58,ESPN BET,San Diego Padres,San Francisco Giants,SD,SF,-190.0,160.0,close,close,0.0,1.5,7.5,-120.0,100.0,2
2025-08-20,16:35,401696809,401696809,58,ESPN BET,Pittsburgh Pirates,Toronto Blue Jays,PIT,TOR,130.0,-155.0,close,close,0.0,-1.5,8.5,-115.0,-105.0,2
2025-08-20,17:05,401696807,401696807,58,ESPN BET,Philadelphia Phillies,Seattle Mariners,PHI,SEA,-145.0,120.0,close,close,0.0,1.5,8.5,-120.0,100.0,2
2025-08-20,17:10,401696804,401696804,58,ESPN BET,Detroit Tigers,Houston Astros,DET,HOU,-110.0,-110.0,close,close,0.0,-1.5,8.5,100.0,-120.0,2
2025-08-20,19:40,401696815,401696815,58,ESPN BET,Arizona Diamondbacks,Cleveland Guardians,ARI,CLE,-110.0,-110.0,close,close,0.0,-1.5,9.5,110.0,-130.0,2
2025-08-20,22:40,401696808,401696808,58,ESPN BET,Miami Marlins,St. Louis Cardinals,MIA,STL,-115.0,-105.0,close,close,0.0,1.5,8.5,-105.0,-115.0,2
2025-08-20,22:45,401696806,401696806,58,ESPN BET,Washington Nationals,New York Mets,WSH,NYM,145.0,-175.0,close,close,0.0,-1.5,8.5,-135.0,115.0,2
2025-08-20,23:15,401696803,401696803,58,ESPN BET,Atlanta Braves,Chicago White Sox,ATL,CHW,-185.0,155.0,close,close,0.0,1.5,9.5,110.0,-130.0,2
2025-08-20,23:35,401696805,401696805,58,ESPN BET,Tampa Bay Rays,New York Yankees,TB,NYY,-115.0,-105.0,close,close,0.0,-1.5,8.5,-120.0,100.0,2
2025-08-20,23:40,401696811,401696811,58,ESPN BET,Minnesota Twins,Athletics,MIN,ATH,-135.0,115.0,close,close,0.0,1.5,9.5,105.0,-125.0,2
2025-08-20,23:40,401696812,401696812,58,ESPN BET,Kansas City Royals,Texas Rangers,KC,TEX,-145.0,120.0,close,close,0.0,1.5,8.5,-110.0,-110.0,2
2025-08-20,00:05,401696810,401696810,58,ESPN BET,Chicago Cubs,Milwaukee Brewers,CHC,MIL,105.0,-125.0,close,close,0.0,-1.5,6.5,-120.0,100.0,2
2025-08-20,00:40,401696813,401696813,58,ESPN BET,Colorado Rockies,Los Angeles Dodgers,COL,LAD,240.0,-300.0,close,close,0.0,-3.5,11.5,-115.0,-105.0,2
2025-08-20,01:38,401696814,401696814,58,ESPN BET,Los Angeles Angels,Cincinnati Reds,LAA,CIN,-125.0,105.0,close,close,0.0,1.5,8.5,-120.0,100.0,2
2025-08-20,01:40,401696816,401696816,58,ESPN BET,San Diego Padres,San Francisco Giants,SD,SF,-145.0,120.0,close,close,0.0,1.5,8.5,110.0,-130.0,2
2025-08-21,17:10,401696821,401696821,58,ESPN BET,Minnesota Twins,Athletics,MIN,ATH,100.0,-120.0,close,close,0.0,-1.5,9.5,105.0,-125.0,2
2025-08-21,18:10,401696822,401696822,58,ESPN BET,Kansas City Royals,Texas Rangers,KC,TEX,-120.0,100.0,close,close,0.0,-1.5,9.5,115.0,-135.0,2
2025-08-21,18:20,401696820,401696820,58,ESPN BET,Chicago Cubs,Milwaukee Brewers,CHC,MIL,-145.0,115.0,close,close,0.0,1.5,6.5,-110.0,-110.0,2
2025-08-21,19:10,401696823,401696823,58,ESPN BET,Colorado Rockies,Los Angeles Dodgers,COL,LAD,185.0,-225.0,close,close,0.0,-2.5,11.5,-120.0,100.0,2
2025-08-21,20:05,401696819,401696819,58,ESPN BET,Washington Nationals,New York Mets,WSH,NYM,120.0,-145.0,close,close,0.0,-1.5,8.5,110.0,-130.0,2
2025-08-21,20:10,401696824,401696824,58,ESPN BET,San Diego Padres,San Francisco Giants,SD,SF,-185.0,155.0,close,close,0.0,1.5,7.5,-125.0,105.0,2
2025-08-21,23:15,401696817,401696817,58,ESPN BET,New York Yankees,Boston Red Sox,NYY,BOS,-145.0,120.0,close,close,0.0,1.5,8.5,-120.0,100.0,2
2025-08-21,23:15,401696818,401696818,58,ESPN BET,Baltimore Orioles,Houston Astros,BAL,HOU,-125.0,105.0,close,close,0.0,-1.5,8.5,-120.0,100.0,2
2025-08-21,23:35,401696845,401696845,58,ESPN BET,Tampa Bay Rays,St. Louis Cardinals,TB,STL,-105.0,-115.0,close,close,0.0,-1.5,8.5,100.0,-120.0,2
2025-08-22,22:40,401696826,401696826,58,ESPN BET,Pittsburgh Pirates,Colorado Rockies,PIT,COL,-235.0,195.0,close,close,0.0,1.5,8.5,-105.0,-115.0,2
2025-08-22,22:45,401696832,401696832,58,ESPN BET,Philadelphia Phillies,Washington Nationals,PHI,WSH,-200.0,165.0,close,close,0.0,1.5,9.5,110.0,-130.0,2
2025-08-22,23:05,401696825,401696825,58,ESPN BET,New York Yankees,Boston Red Sox,NYY,BOS,-190.0,160.0,close,close,0.0,1.5,8.5,-110.0,-110.0,2
2025-08-22,23:05,401696827,401696827,58,ESPN BET,Baltimore Orioles,Houston Astros,BAL,HOU,-105.0,-115.0,close,close,0.0,-1.5,9.5,100.0,-120.0,2
2025-08-22,23:10,401696828,401696828,58,ESPN BET,Detroit Tigers,Kansas City Royals,DET,KC,-150.0,125.0,close,close,0.0,1.5,8.5,-105.0,-115.0,2
2025-08-22,23:10,401696831,401696831,58,ESPN BET,Miami Marlins,Toronto Blue Jays,MIA,TOR,140.0,-165.0,close,close,0.0,-1.5,8.5,105.0,-125.0,2
2025-08-22,23:15,401696829,401696829,58,ESPN BET,Atlanta Braves,New York Mets,ATL,NYM,-115.0,-105.0,close,close,0.0,-1.5,8.5,-120.0,100.0,2
2025-08-22,23:35,401696830,401696830,58,ESPN BET,Tampa Bay Rays,St. Louis Cardinals,TB,STL,-135.0,115.0,close,close,0.0,1.5,8.5,-125.0,105.0,2
2025-08-22,23:40,401696834,401696834,58,ESPN BET,Chicago White Sox,Minnesota Twins,CHW,MIN,110.0,-130.0,close,close,0.0,-1.5,8.5,-110.0,-110.0,2
2025-08-22,00:05,401696833,401696833,58,ESPN BET,Texas Rangers,Cleveland Guardians,TEX,CLE,-160.0,135.0,close,close,0.0,1.5,7.5,-120.0,-105.0,2
2025-08-22,00:10,401696835,401696835,58,ESPN BET,Milwaukee Brewers,San Francisco Giants,MIL,SF,-180.0,150.0,close,close,0.0,1.5,8.5,-125.0,105.0,2
2025-08-22,01:38,401696836,401696836,58,ESPN BET,Los Angeles Angels,Chicago Cubs,LAA,CHC,115.0,-135.0,close,close,0.0,-1.5,9.5,-115.0,-105.0,2
2025-08-22,01:40,401696837,401696837,58,ESPN BET,Arizona Diamondbacks,Cincinnati Reds,ARI,CIN,-135.0,115.0,close,close,0.0,1.5,8.5,-125.0,105.0,2
2025-08-22,01:40,401696838,401696838,58,ESPN BET,San Diego Padres,Los Angeles Dodgers,SD,LAD,105.0,-125.0,close,close,0.0,-1.5,8.5,100.0,-120.0,2
2025-08-22,02:10,401696839,401696839,58,ESPN BET,Seattle Mariners,Athletics,SEA,ATH,-225.0,185.0,close,close,0.0,1.5,8.5,-105.0,-115.0,2
2025-08-23,17:05,401696840,401696840,58,ESPN BET,New York Yankees,Boston Red Sox,NYY,BOS,100.0,-120.0,close,close,0.0,-1.5,8.5,105.0,-125.0,2
2025-08-23,20:10,401696846,401696846,58,ESPN BET,Miami Marlins,Toronto Blue Jays,MIA,TOR,120.0,-145.0,close,close,0.0,-1.5,8.5,100.0,-120.0,2
2025-08-23,22:05,401696847,401696847,58,ESPN BET,Philadelphia Phillies,Washington Nationals,PHI,WSH,-255.0,210.0,close,close,0.0,1.5,10.5,-105.0,-115.0,2
2025-08-23,22:10,401696843,401696843,58,ESPN BET,Detroit Tigers,Kansas City Royals,DET,KC,-130.0,110.0,close,close,0.0,1.5,8.5,-120.0,100.0,2
2025-08-23,22:40,401696841,401696841,58,ESPN BET,Pittsburgh Pirates,Colorado Rockies,PIT,COL,-180.0,150.0,close,close,0.0,1.5,8.5,100.0,-120.0,2
2025-08-23,23:05,401696842,401696842,58,ESPN BET,Baltimore Orioles,Houston Astros,BAL,HOU,-120.0,100.0,close,close,0.0,1.5,8.5,-135.0,115.0,2
2025-08-23,23:05,401696848,401696848,58,ESPN BET,Texas Rangers,Cleveland Guardians,TEX,CLE,-135.0,115.0,close,close,0.0,1.5,8.5,-110.0,-110.0,2
2025-08-23,23:10,401696849,401696849,58,ESPN BET,Chicago White Sox,Minnesota Twins,CHW,MIN,-110.0,-110.0,close,close,0.0,-1.5,9.5,100.0,-120.0,2
2025-08-23,23:10,401696850,401696850,58,ESPN BET,Milwaukee Brewers,San Francisco Giants,MIL,SF,-145.0,120.0,close,close,0.0,1.5,7.5,105.0,-125.0,2
2025-08-23,23:15,401696844,401696844,58,ESPN BET,Atlanta Braves,New York Mets,ATL,NYM,100.0,-120.0,close,close,0.0,-1.5,9.5,110.0,-130.0,2
2025-08-23,00:10,401696852,401696852,58,ESPN BET,Arizona Diamondbacks,Cincinnati Reds,ARI,CIN,100.0,-120.0,close,close,0.0,-1.5,8.5,-135.0,115.0,2
2025-08-23,00:40,401696853,401696853,58,ESPN BET,San Diego Padres,Los Angeles Dodgers,SD,LAD,120.0,-145.0,close,close,0.0,-1.5,8.5,-110.0,-110.0,2
2025-08-23,01:38,401696851,401696851,58,ESPN BET,Los Angeles Angels,Chicago Cubs,LAA,CHC,130.0,-155.0,close,close,0.0,-1.5,9.5,-125.0,105.0,2
2025-08-23,01:40,401696854,401696854,58,ESPN BET,Seattle Mariners,Athletics,SEA,ATH,-175.0,145.0,close,close,0.0,1.5,8.5,110.0,-130.0,2
2025-08-24,16:05,401696856,401696856,58,ESPN BET,Pittsburgh Pirates,Colorado Rockies,PIT,COL,-290.0,235.0,close,close,0.0,2.5,7.5,-110.0,-110.0,2
2025-08-24,16:10,401696860,401696860,58,ESPN BET,Tampa Bay Rays,St. Louis Cardinals,TB,STL,-145.0,120.0,close,close,0.0,1.5,8.5,-130.0,110.0,2
2025-08-24,17:35,401696857,401696857,58,ESPN BET,Baltimore Orioles,Houston Astros,BAL,HOU,-135.0,115.0,close,close,0.0,1.5,8.5,-130.0,110.0,2
2025-08-24,17:35,401696859,401696859,58,ESPN BET,Atlanta Braves,New York Mets,ATL,NYM,120.0,-145.0,close,close,0.0,-1.5,9.5,-105.0,-115.0,2
2025-08-24,17:35,401696862,401696862,58,ESPN BET,Philadelphia Phillies,Washington Nationals,PHI,WSH,-255.0,210.0,close,close,0.0,2.5,9.5,-120.0,100.0,2
2025-08-24,17:40,401696858,401696858,58,ESPN BET,Detroit Tigers,Kansas City Royals,DET,KC,-155.0,130.0,close,close,0.0,1.5,8.5,100.0,-120.0,2
2025-08-24,17:40,401696861,401696861,58,ESPN BET,Miami Marlins,Toronto Blue Jays,MIA,TOR,110.0,-130.0,close,close,0.0,-1.5,7.5,100.0,-120.0,2
2025-08-24,18:10,401696864,401696864,58,ESPN BET,Chicago White Sox,Minnesota Twins,CHW,MIN,-105.0,-115.0,close,close,0.0,-1.5,9.5,110.0,-130.0,2
2025-08-24,18:10,401696865,401696865,58,ESPN BET,Milwaukee Brewers,San Francisco Giants,MIL,SF,-130.0,110.0,close,close,0.0,1.5,8.5,105.0,-125.0,2
2025-08-24,18:35,401696863,401696863,58,ESPN BET,Texas Rangers,Cleveland Guardians,TEX,CLE,-130.0,110.0,close,close,0.0,-1.5,7.5,-110.0,-110.0,2
2025-08-24,20:07,401696866,401696866,58,ESPN BET,Los Angeles Angels,Chicago Cubs,LAA,CHC,115.0,-145.0,close,close,0.0,-1.5,9.5,-115.0,-105.0,2
2025-08-24,20:10,401696867,401696867,58,ESPN BET,Arizona Diamondbacks,Cincinnati Reds,ARI,CIN,-130.0,110.0,close,close,0.0,1.5,8.5,-130.0,110.0,2
2025-08-24,20:10,401696868,401696868,58,ESPN BET,San Diego Padres,Los Angeles Dodgers,SD,LAD,-105.0,-115.0,close,close,0.0,-1.5,8.5,105.0,-125.0,2
2025-08-24,20:10,401696869,401696869,58,ESPN BET,Seattle Mariners,Athletics,SEA,ATH,-180.0,150.0,close,close,0.0,1.5,7.5,-115.0,-105.0,2
2025-08-24,23:00,401696855,401696855,58,ESPN BET,New York Yankees,Boston Red Sox,NYY,BOS,-160.0,135.0,close,close,0.0,1.5,8.5,-115.0,-105.0,2
2025-08-25,22:35,401696871,401696871,58,ESPN BET,Baltimore Orioles,Boston Red Sox,BAL,BOS,105.0,-125.0,close,close,0.0,-1.5,8.5,-130.0,110.0,2
2025-08-25,22:40,401696870,401696870,58,ESPN BET,Miami Marlins,Atlanta Braves,MIA,ATL,100.0,-120.0,close,close,0.0,-1.5,7.5,-125.0,105.0,2
2025-08-25,22:40,401696874,401696874,58,ESPN BET,Cleveland Guardians,Tampa Bay Rays,CLE,TB,-120.0,100.0,close,close,0.0,1.5,7.5,-105.0,-115.0,2
2025-08-25,23:05,401696875,401696875,58,ESPN BET,New York Yankees,Washington Nationals,NYY,WSH,-240.0,200.0,close,close,0.0,1.5,9.5,105.0,-125.0,2
2025-08-25,23:07,401696872,401696872,58,ESPN BET,Toronto Blue Jays,Minnesota Twins,TOR,MIN,-145.0,120.0,close,close,0.0,1.5,7.5,-125.0,105.0,2
2025-08-25,23:10,401696873,401696873,58,ESPN BET,New York Mets,Philadelphia Phillies,NYM,PHI,110.0,-130.0,close,close,0.0,-1.5,7.5,-120.0,100.0,2
2025-08-25,23:40,401696877,401696877,58,ESPN BET,Milwaukee Brewers,Arizona Diamondbacks,MIL,ARI,-190.0,160.0,close,close,0.0,1.5,8.5,105.0,-125.0,2
2025-08-25,23:40,401696878,401696878,58,ESPN BET,Chicago White Sox,Kansas City Royals,CHW,KC,115.0,-135.0,close,close,0.0,-1.5,8.5,-105.0,-115.0,2
2025-08-25,23:45,401696879,401696879,58,ESPN BET,St. Louis Cardinals,Pittsburgh Pirates,STL,PIT,-130.0,110.0,close,close,0.0,1.5,7.5,-120.0,100.0,2
2025-08-25,00:05,401696876,401696876,58,ESPN BET,Texas Rangers,Los Angeles Angels,TEX,LAA,-190.0,160.0,close,close,0.0,1.5,7.5,105.0,-125.0,2
2025-08-25,01:40,401696882,401696882,58,ESPN BET,Seattle Mariners,San Diego Padres,SEA,SD,-130.0,110.0,close,close,0.0,1.5,8.5,-110.0,-110.0,2
2025-08-25,02:05,401764582,401764582,58,ESPN BET,Athletics,Detroit Tigers,ATH,DET,180.0,-215.0,close,close,0.0,-2.5,9.5,115.0,-135.0,2
2025-08-25,02:10,401696880,401696880,58,ESPN BET,Los Angeles Dodgers,Cincinnati Reds,LAD,CIN,-145.0,120.0,close,close,0.0,1.5,7.5,-130.0,110.0,2
2025-08-26,22:35,401696884,401696884,58,ESPN BET,Baltimore Orioles,Boston Red Sox,BAL,BOS,100.0,-120.0,close,close,0.0,-1.5,8.5,-120.0,100.0,2
2025-08-26,22:40,401696883,401696883,58,ESPN BET,Miami Marlins,Atlanta Braves,MIA,ATL,105.0,-125.0,close,close,0.0,-1.5,7.5,-120.0,100.0,2
2025-08-26,22:40,401696887,401696887,58,ESPN BET,Cleveland Guardians,Tampa Bay Rays,CLE,TB,-115.0,-105.0,close,close,0.0,1.5,7.5,-120.0,100.0,2
2025-08-26,23:05,401696888,401696888,58,ESPN BET,New York Yankees,Washington Nationals,NYY,WSH,-200.0,165.0,close,close,0.0,1.5,9.5,110.0,-130.0,2
2025-08-26,23:07,401696885,401696885,58,ESPN BET,Toronto Blue Jays,Minnesota Twins,TOR,MIN,-205.0,170.0,close,close,0.0,1.5,8.5,-115.0,-105.0,2
2025-08-26,23:10,401696886,401696886,58,ESPN BET,New York Mets,Philadelphia Phillies,NYM,PHI,-110.0,-110.0,close,close,0.0,-1.5,8.5,100.0,-120.0,2
2025-08-26,23:40,401696890,401696890,58,ESPN BET,Milwaukee Brewers,Arizona Diamondbacks,MIL,ARI,-175.0,145.0,close,close,0.0,1.5,8.5,110.0,-130.0,2
2025-08-26,23:40,401696892,401696892,58,ESPN BET,Chicago White Sox,Kansas City Royals,CHW,KC,-105.0,-115.0,close,close,0.0,-1.5,8.5,-115.0,-105.0,2
2025-08-26,23:45,401696893,401696893,58,ESPN BET,St. Louis Cardinals,Pittsburgh Pirates,STL,PIT,-125.0,105.0,close,close,0.0,1.5,8.5,105.0,-125.0,2
2025-08-26,00:05,401696889,401696889,58,ESPN BET,Texas Rangers,Los Angeles Angels,TEX,LAA,-115.0,-105.0,close,close,0.0,-1.5,8.5,-115.0,-105.0,2
2025-08-26,00:10,401696891,401696891,58,ESPN BET,Houston Astros,Colorado Rockies,HOU,COL,-360.0,285.0,close,close,0.0,1.5,8.5,110.0,-130.0,2
2025-08-26,01:40,401696897,401696897,58,ESPN BET,Seattle Mariners,San Diego Padres,SEA,SD,-115.0,-105.0,close,close,0.0,-1.5,8.5,105.0,-125.0,2
2025-08-26,01:45,401696894,401696894,58,ESPN BET,San Francisco Giants,Chicago Cubs,SF,CHC,130.0,-155.0,close,close,0.0,-1.5,7.5,-115.0,-105.0,2
2025-08-26,02:05,401764583,401764583,58,ESPN BET,Athletics,Detroit Tigers,ATH,DET,105.0,-125.0,close,close,0.0,-1.5,10.5,-135.0,115.0,2
2025-08-26,02:10,401696895,401696895,58,ESPN BET,Los Angeles Dodgers,Cincinnati Reds,LAD,CIN,-185.0,155.0,close,close,0.0,1.5,8.5,-130.0,110.0,2
2025-08-27,17:05,401696903,401696903,58,ESPN BET,New York Yankees,Washington Nationals,NYY,WSH,-285.0,230.0,close,close,0.0,1.5,8.5,-105.0,-115.0,2
2025-08-27,17:10,401696898,401696898,58,ESPN BET,Miami Marlins,Atlanta Braves,MIA,ATL,105.0,-125.0,close,close,0.0,-1.5,8.5,-110.0,-110.0,2
2025-08-27,17:10,401696902,401696902,58,ESPN BET,Cleveland Guardians,Tampa Bay Rays,CLE,TB,130.0,-155.0,close,close,0.0,-1.5,7.5,115.0,-135.0,2
2025-08-27,20:10,401696912,401696912,58,ESPN BET,Seattle Mariners,San Diego Padres,SEA,SD,-155.0,130.0,close,close,0.0,1.5,7.5,-110.0,-110.0,2
2025-08-27,22:35,401696899,401696899,58,ESPN BET,Baltimore Orioles,Boston Red Sox,BAL,BOS,120.0,-145.0,close,close,0.0,-1.5,8.5,-120.0,100.0,2
2025-08-27,23:07,401696900,401696900,58,ESPN BET,Toronto Blue Jays,Minnesota Twins,TOR,MIN,-190.0,160.0,close,close,0.0,1.5,9.5,105.0,-125.0,2
2025-08-27,23:10,401696901,401696901,58,ESPN BET,New York Mets,Philadelphia Phillies,NYM,PHI,-155.0,130.0,close,close,0.0,1.5,8.5,-120.0,100.0,2
2025-08-27,23:40,401696905,401696905,58,ESPN BET,Milwaukee Brewers,Arizona Diamondbacks,MIL,ARI,-145.0,120.0,close,close,0.0,1.5,8.5,-115.0,-105.0,2
2025-08-27,23:40,401696907,401696907,58,ESPN BET,Chicago White Sox,Kansas City Royals,CHW,KC,110.0,-130.0,close,close,0.0,-1.5,8.5,-115.0,-105.0,2
2025-08-27,23:45,401696908,401696908,58,ESPN BET,St. Louis Cardinals,Pittsburgh Pirates,STL,PIT,-175.0,145.0,close,close,0.0,1.5,7.5,100.0,-120.0,2
2025-08-27,00:05,401696904,401696904,58,ESPN BET,Texas Rangers,Los Angeles Angels,TEX,LAA,-165.0,135.0,close,close,0.0,1.5,8.5,-110.0,-110.0,2
2025-08-27,00:10,401696906,401696906,58,ESPN BET,Houston Astros,Colorado Rockies,HOU,COL,-290.0,235.0,close,close,0.0,2.5,7.5,-125.0,105.0,2
2025-08-27,00:40,401696910,401696910,58,ESPN BET,Los Angeles Dodgers,Cincinnati Reds,LAD,CIN,-180.0,150.0,close,close,0.0,1.5,7.5,-125.0,105.0,2
2025-08-27,01:45,401696909,401696909,58,ESPN BET,San Francisco Giants,Chicago Cubs,SF,CHC,110.0,-130.0,close,close,0.0,-1.5,8.5,-115.0,-105.0,2
2025-08-27,02:05,401764584,401764584,58,ESPN BET,Athletics,Detroit Tigers,ATH,DET,110.0,-130.0,close,close,0.0,-1.5,10.5,-115.0,-105.0,2
2025-08-28,17:05,401696914,401696914,58,ESPN BET,Baltimore Orioles,Boston Red Sox,BAL,BOS,170.0,-205.0,close,close,0.0,-1.5,8.5,105.0,-125.0,2
2025-08-28,18:10,401696916,401696916,58,ESPN BET,Milwaukee Brewers,Arizona Diamondbacks,MIL,ARI,-160.0,135.0,close,close,0.0,1.5,8.5,-125.0,105.0,2
2025-08-28,18:10,401696917,401696917,58,ESPN BET,Houston Astros,Colorado Rockies,HOU,COL,-250.0,205.0,close,close,0.0,2.5,8.5,-105.0,-115.0,2
2025-08-28,18:15,401696919,401696919,58,ESPN BET,St. Louis Cardinals,Pittsburgh Pirates,STL,PIT,-120.0,100.0,close,close,0.0,-1.5,8.5,100.0,-120.0,2
2025-08-28,19:45,401696920,401696920,58,ESPN BET,San Francisco Giants,Chicago Cubs,SF,CHC,-115.0,-105.0,close,close,0.0,-1.5,7.5,105.0,-125.0,2
2025-08-28,22:45,401696913,401696913,58,ESPN BET,Philadelphia Phillies,Atlanta Braves,PHI,ATL,-180.0,150.0,close,close,0.0,1.5,9.5,-125.0,105.0,2
2025-08-28,23:10,401696915,401696915,58,ESPN BET,New York Mets,Miami Marlins,NYM,MIA,-265.0,215.0,close,close,0.0,1.5,8.5,-125.0,105.0,2
2025-08-28,23:40,401696918,401696918,58,ESPN BET,Chicago White Sox,New York Yankees,CHW,NYY,150.0,-180.0,close,close,0.0,-1.5,9.5,110.0,-130.0,2
2025-08-29,22:40,401696926,401696926,58,ESPN BET,Cincinnati Reds,St. Louis Cardinals,CIN,STL,-150.0,125.0,close,close,0.0,1.5,8.5,-120.0,100.0,2
2025-08-29,22:45,401696921,401696921,58,ESPN BET,Philadelphia Phillies,Atlanta Braves,PHI,ATL,-200.0,165.0,close,close,0.0,1.5,9.5,110.0,-130.0,2
2025-08-29,22:45,401696927,401696927,58,ESPN BET,Washington Nationals,Tampa Bay Rays,WSH,TB,125.0,-150.0,close,close,0.0,-1.5,9.5,115.0,-135.0,2
2025-08-29,23:07,401696923,401696923,58,ESPN BET,Toronto Blue Jays,Milwaukee Brewers,TOR,MIL,-145.0,120.0,close,close,0.0,1.5,7.5,-120.0,100.0,2
2025-08-29,23:10,401696922,401696922,58,ESPN BET,New York Mets,Miami Marlins,NYM,MIA,-180.0,150.0,close,close,0.0,1.5,7.5,-115.0,-105.0,2
2025-08-29,23:10,401696924,401696924,58,ESPN BET,Boston Red Sox,Pittsburgh Pirates,BOS,PIT,-120.0,100.0,close,close,0.0,-1.5,7.5,-115.0,-105.0,2
2025-08-29,23:10,401696925,401696925,58,ESPN BET,Cleveland Guardians,Seattle Mariners,CLE,SEA,135.0,-160.0,close,close,0.0,-1.5,7.5,-120.0,100.0,2
2025-08-29,23:40,401696930,401696930,58,ESPN BET,Chicago White Sox,New York Yankees,CHW,NYY,185.0,-225.0,close,close,0.0,-1.5,8.5,-115.0,-105.0,2
2025-08-29,00:10,401696928,401696928,58,ESPN BET,Houston Astros,Los Angeles Angels,HOU,LAA,-160.0,135.0,close,close,0.0,1.5,9.5,115.0,-135.0,2
2025-08-29,00:10,401696929,401696929,58,ESPN BET,Kansas City Royals,Detroit Tigers,KC,DET,-120.0,100.0,close,close,0.0,-1.5,9.5,110.0,-130.0,2
2025-08-29,00:10,401696931,401696931,58,ESPN BET,Minnesota Twins,San Diego Padres,MIN,SD,105.0,-125.0,close,close,0.0,-1.5,8.5,-120.0,100.0,2
2025-08-29,00:40,401696932,401696932,58,ESPN BET,Colorado Rockies,Chicago Cubs,COL,CHC,185.0,-225.0,close,close,0.0,-2.5,10.5,-125.0,105.0,2
2025-08-29,02:05,401764585,401764585,58,ESPN BET,Athletics,Texas Rangers,ATH,TEX,-150.0,125.0,close,close,0.0,1.5,10.5,105.0,-125.0,2
2025-08-29,02:10,401696933,401696933,58,ESPN BET,Los Angeles Dodgers,Arizona Diamondbacks,LAD,ARI,-210.0,175.0,close,close,0.0,1.5,8.5,-120.0,100.0,2
2025-08-29,02:15,401696934,401696934,58,ESPN BET,San Francisco Giants,Baltimore Orioles,SF,BAL,-150.0,125.0,close,close,0.0,1.5,7.5,-105.0,-115.0,2
2025-08-30,19:07,401696938,401696938,58,ESPN BET,Toronto Blue Jays,Milwaukee Brewers,TOR,MIL,-135.0,115.0,close,close,0.0,1.5,8.5,-105.0,-115.0,2
2025-08-30,20:05,401696942,401696942,58,ESPN BET,Washington Nationals,Tampa Bay Rays,WSH,TB,130.0,-155.0,close,close,0.0,-1.5,8.5,-120.0,100.0,2
2025-08-30,20:10,401696937,401696937,58,ESPN BET,New York Mets,Miami Marlins,NYM,MIA,-180.0,150.0,close,close,0.0,1.5,7.5,-105.0,-115.0,2
2025-08-30,20:10,401696939,401696939,58,ESPN BET,Boston Red Sox,Pittsburgh Pirates,BOS,PIT,-180.0,150.0,close,close,0.0,1.5,8.5,-135.0,115.0,2
2025-08-30,22:05,401696936,401696936,58,ESPN BET,Philadelphia Phillies,Atlanta Braves,PHI,ATL,-150.0,125.0,close,close,0.0,1.5,7.5,100.0,-120.0,2
2025-08-30,22:40,401696941,401696941,58,ESPN BET,Cincinnati Reds,St. Louis Cardinals,CIN,STL,-150.0,125.0,close,close,0.0,1.5,8.5,105.0,-125.0,2
2025-08-30,23:10,401696943,401696943,58,ESPN BET,Houston Astros,Los Angeles Angels,HOU,LAA,-165.0,140.0,close,close,0.0,1.5,9.5,105.0,-125.0,2
2025-08-30,23:10,401696945,401696945,58,ESPN BET,Chicago White Sox,New York Yankees,CHW,NYY,165.0,-200.0,close,close,0.0,-1.5,8.5,-110.0,-110.0,2
2025-08-30,23:10,401696946,401696946,58,ESPN BET,Minnesota Twins,San Diego Padres,MIN,SD,130.0,-155.0,close,close,0.0,-1.5,8.5,-120.0,100.0,2
2025-08-30,23:15,401696940,401696940,58,ESPN BET,Cleveland Guardians,Seattle Mariners,CLE,SEA,135.0,-160.0,close,close,0.0,-1.5,7.5,100.0,-120.0,2
2025-08-30,23:15,401696944,401696944,58,ESPN BET,Kansas City Royals,Detroit Tigers,KC,DET,100.0,-120.0,close,close,0.0,-1.5,9.5,115.0,-135.0,2
2025-08-30,23:15,401696949,401696949,58,ESPN BET,San Francisco Giants,Baltimore Orioles,SF,BAL,100.0,-120.0,close,close,0.0,-1.5,8.5,-105.0,-115.0,2
2025-08-30,00:10,401696947,401696947,58,ESPN BET,Colorado Rockies,Chicago Cubs,COL,CHC,165.0,-200.0,close,close,0.0,-1.5,10.5,-125.0,105.0,2
2025-08-30,01:10,401696948,401696948,58,ESPN BET,Los Angeles Dodgers,Arizona Diamondbacks,LAD,ARI,-225.0,185.0,close,close,0.0,1.5,8.5,-120.0,100.0,2
2025-08-30,02:05,401764586,401764586,58,ESPN BET,Athletics,Texas Rangers,ATH,TEX,115.0,-135.0,close,close,0.0,-1.5,10.5,105.0,-125.0,2
2025-08-31,16:10,401696956,401696956,58,ESPN BET,Cincinnati Reds,St. Louis Cardinals,CIN,STL,-145.0,120.0,close,close,0.0,1.5,8.5,100.0,-120.0,2
2025-08-31,17:05,401696961,401696961,58,ESPN BET,Minnesota Twins,San Diego Padres,MIN,SD,-125.0,105.0,close,close,0.0,-1.5,8.5,-115.0,-105.0,2
2025-08-31,17:35,401696954,401696954,58,ESPN BET,Boston Red Sox,Pittsburgh Pirates,BOS,PIT,-180.0,150.0,close,close,0.0,1.5,8.5,-110.0,-110.0,2
2025-08-31,17:35,401696957,401696957,58,ESPN BET,Washington Nationals,Tampa Bay Rays,WSH,TB,120.0,-145.0,close,close,0.0,-1.5,8.5,105.0,-125.0,2
2025-08-31,17:37,401696953,401696953,58,ESPN BET,Toronto Blue Jays,Milwaukee Brewers,TOR,MIL,-105.0,-115.0,close,close,0.0,-1.5,7.5,-110.0,-110.0,2
2025-08-31,17:40,401696952,401696952,58,ESPN BET,New York Mets,Miami Marlins,NYM,MIA,-190.0,160.0,close,close,0.0,1.5,8.5,100.0,-120.0,2
2025-08-31,17:40,401696955,401696955,58,ESPN BET,Cleveland Guardians,Seattle Mariners,CLE,SEA,-105.0,-115.0,close,close,0.0,-1.5,8.5,105.0,-125.0,2
2025-08-31,18:10,401696958,401696958,58,ESPN BET,Houston Astros,Los Angeles Angels,HOU,LAA,-160.0,135.0,close,close,0.0,1.5,7.5,-105.0,-115.0,2
2025-08-31,18:10,401696959,401696959,58,ESPN BET,Kansas City Royals,Detroit Tigers,KC,DET,145.0,-175.0,close,close,0.0,-1.5,7.5,105.0,-125.0,2
2025-08-31,18:10,401696960,401696960,58,ESPN BET,Chicago White Sox,New York Yankees,CHW,NYY,145.0,-175.0,close,close,0.0,-1.5,8.5,-120.0,100.0,2
2025-08-31,19:10,401696962,401696962,58,ESPN BET,Colorado Rockies,Chicago Cubs,COL,CHC,215.0,-265.0,close,close,0.0,-2.5,10.5,-120.0,100.0,2
2025-08-31,20:05,401696964,401696964,58,ESPN BET,San Francisco Giants,Baltimore Orioles,SF,BAL,-150.0,125.0,close,close,0.0,1.5,8.5,-120.0,100.0,2
2025-08-31,20:05,401764587,401764587,58,ESPN BET,Athletics,Texas Rangers,ATH,TEX,125.0,-150.0,close,close,0.0,-1.5,9.5,100.0,-120.0,2
2025-08-31,20:10,401696963,401696963,58,ESPN BET,Los Angeles Dodgers,Arizona Diamondbacks,LAD,ARI,-235.0,195.0,close,close,0.0,1.5,9.5,110.0,-130.0,2
2025-08-31,23:00,401696951,401696951,58,ESPN BET,Philadelphia Phillies,Atlanta Braves,PHI,ATL,-165.0,140.0,close,close,0.0,1.5,8.5,-125.0,105.0,2
2025-09-01,17:05,401696967,401696967,58,ESPN BET,Washington Nationals,Miami Marlins,WSH,MIA,-110.0,-110.0,close,close,0.0,-1.5,8.5,-135.0,115.0,2
2025-09-01,17:10,401696968,401696968,58,ESPN BET,Detroit Tigers,New York Mets,DET,NYM,-105.0,-115.0,close,close,0.0,-1.5,8.5,-120.0,100.0,2
2025-09-01,17:10,401696970,401696970,58,ESPN BET,Cincinnati Reds,Toronto Blue Jays,CIN,TOR,-125.0,105.0,close,close,0.0,1.5,7.5,-120.0,100.0,2
2025-09-01,17:35,401696966,401696966,58,ESPN BET,Boston Red Sox,Cleveland Guardians,BOS,CLE,-150.0,125.0,close,close,0.0,1.5,8.5,100.0,-120.0,2
2025-09-01,18:10,401696971,401696971,58,ESPN BET,Houston Astros,Los Angeles Angels,HOU,LAA,-165.0,140.0,close,close,0.0,1.5,8.5,100.0,-120.0,2
2025-09-01,18:10,401696973,401696973,58,ESPN BET,Minnesota Twins,Chicago White Sox,MIN,CHW,-185.0,155.0,close,close,0.0,1.5,9.5,110.0,-130.0,2
2025-09-01,18:15,401696974,401696974,58,ESPN BET,St. Louis Cardinals,Athletics,STL,ATH,-150.0,125.0,close,close,0.0,1.5,7.5,100.0,-120.0,2
2025-09-01,20:05,401696972,401696972,58,ESPN BET,Chicago Cubs,Atlanta Braves,CHC,ATL,-125.0,105.0,close,close,0.0,1.5,7.5,-115.0,-105.0,2
2025-09-01,20:10,401696975,401696975,58,ESPN BET,Milwaukee Brewers,Philadelphia Phillies,MIL,PHI,-150.0,125.0,close,close,0.0,1.5,8.5,-115.0,-105.0,2
2025-09-01,20:10,401696976,401696976,58,ESPN BET,Colorado Rockies,San Francisco Giants,COL,SF,125.0,-150.0,close,close,0.0,-1.5,11.5,-110.0,-110.0,2
2025-09-01,22:40,401696977,401696977,58,ESPN BET,San Diego Padres,Baltimore Orioles,SD,BAL,-175.0,145.0,close,close,0.0,1.5,7.5,-105.0,-115.0,2
2025-09-01,23:35,401696969,401696969,58,ESPN BET,Tampa Bay Rays,Seattle Mariners,TB,SEA,-115.0,-105.0,close,close,0.0,-1.5,8.5,-105.0,-115.0,2
2025-09-01,00:10,401696978,401696978,58,ESPN BET,Arizona Diamondbacks,Texas Rangers,ARI,TEX,-145.0,120.0,close,close,0.0,1.5,8.5,-135.0,115.0,2
2025-09-02,22:40,401696980,401696980,58,ESPN BET,Pittsburgh Pirates,Los Angeles Dodgers,PIT,LAD,145.0,-175.0,close,close,0.0,-1.5,8.5,-105.0,-115.0,2
2025-09-02,22:40,401696982,401696982,58,ESPN BET,Detroit Tigers,New York Mets,DET,NYM,110.0,-130.0,close,close,0.0,-1.5,8.5,-125.0,105.0,2
2025-09-02,22:40,401696984,401696984,58,ESPN BET,Cincinnati Reds,Toronto Blue Jays,CIN,TOR,110.0,-130.0,close,close,0.0,-1.5,8.5,-135.0,115.0,2
2025-09-02,22:45,401696979,401696979,58,ESPN BET,Boston Red Sox,Cleveland Guardians,BOS,CLE,-250.0,205.0,close,close,0.0,1.5,7.5,-115.0,-105.0,2
2025-09-02,22:45,401696981,401696981,58,ESPN BET,Washington Nationals,Miami Marlins,WSH,MIA,-130.0,110.0,close,close,0.0,-1.5,9.5,115.0,-135.0,2
2025-09-02,23:35,401696983,401696983,58,ESPN BET,Tampa Bay Rays,Seattle Mariners,TB,SEA,100.0,-120.0,close,close,0.0,-1.5,7.5,100.0,-120.0,2
2025-09-02,23:40,401696985,401696985,58,ESPN BET,Kansas City Royals,Los Angeles Angels,KC,LAA,-175.0,145.0,close,close,0.0,1.5,8.5,-130.0,110.0,2
2025-09-02,23:40,401696986,401696986,58,ESPN BET,Chicago Cubs,Atlanta Braves,CHC,ATL,-175.0,145.0,close,close,0.0,1.5,8.5,-120.0,100.0,2
2025-09-02,23:40,401696987,401696987,58,ESPN BET,Minnesota Twins,Chicago White Sox,MIN,CHW,-130.0,110.0,close,close,0.0,1.5,9.5,110.0,-130.0,2
2025-09-02,23:45,401696989,401696989,58,ESPN BET,St. Louis Cardinals,Athletics,STL,ATH,-105.0,-115.0,close,close,0.0,-1.5,8.5,-110.0,-110.0,2
2025-09-02,00:10,401696988,401696988,58,ESPN BET,Houston Astros,New York Yankees,HOU,NYY,110.0,-130.0,close,close,0.0,-1.5,7.5,-120.0,100.0,2
2025-09-02,00:40,401696990,401696990,58,ESPN BET,Colorado Rockies,San Francisco Giants,COL,SF,195.0,-235.0,close,close,0.0,-1.5,10.5,105.0,-125.0,2
2025-09-02,01:40,401696991,401696991,58,ESPN BET,San Diego Padres,Baltimore Orioles,SD,BAL,-180.0,150.0,close,close,0.0,1.5,8.5,100.0,-120.0,2
2025-09-02,01:40,401696992,401696992,58,ESPN BET,Arizona Diamondbacks,Texas Rangers,ARI,TEX,-115.0,-105.0,close,close,0.0,-1.5,9.5,-105.0,-115.0,2
2025-09-03,17:05,401696995,401696995,58,ESPN BET,Washington Nationals,Miami Marlins,WSH,MIA,130.0,-155.0,close,close,0.0,-1.5,8.5,-125.0,105.0,2
2025-09-03,17:10,401696996,401696996,58,ESPN BET,Detroit Tigers,New York Mets,DET,NYM,-105.0,-115.0,close,close,0.0,-1.5,9.5,100.0,-120.0,2
2025-09-03,19:40,401697007,401697007,58,ESPN BET,Arizona Diamondbacks,Texas Rangers,ARI,TEX,-130.0,110.0,close,close,0.0,1.5,8.5,-130.0,110.0,2
2025-09-03,20:10,401697006,401697006,58,ESPN BET,San Diego Padres,Baltimore Orioles,SD,BAL,-190.0,155.0,close,close,0.0,1.5,8.5,100.0,-120.0,2
2025-09-03,22:40,401696994,401696994,58,ESPN BET,Pittsburgh Pirates,Los Angeles Dodgers,PIT,LAD,140.0,-165.0,close,close,0.0,-1.5,8.5,100.0,-120.0,2
2025-09-03,22:40,401696998,401696998,58,ESPN BET,Cincinnati Reds,Toronto Blue Jays,CIN,TOR,130.0,-155.0,close,close,0.0,-1.5,8.5,-125.0,105.0,2
2025-09-03,22:45,401696993,401696993,58,ESPN BET,Boston Red Sox,Cleveland Guardians,BOS,CLE,-155.0,130.0,close,close,0.0,1.5,8.5,-120.0,100.0,2
2025-09-03,23:35,401696997,401696997,58,ESPN BET,Tampa Bay Rays,Seattle Mariners,TB,SEA,110.0,-130.0,close,close,0.0,-1.5,8.5,-115.0,-105.0,2
2025-09-03,23:40,401696999,401696999,58,ESPN BET,Kansas City Royals,Los Angeles Angels,KC,LAA,-165.0,140.0,close,close,0.0,1.5,8.5,-135.0,115.0,2
2025-09-03,23:40,401697000,401697000,58,ESPN BET,Chicago Cubs,Atlanta Braves,CHC,ATL,-155.0,130.0,close,close,0.0,1.5,8.5,105.0,-125.0,2
2025-09-03,23:40,401697001,401697001,58,ESPN BET,Minnesota Twins,Chicago White Sox,MIN,CHW,-165.0,140.0,close,close,0.0,1.5,8.5,-115.0,-105.0,2
2025-09-03,23:40,401697004,401697004,58,ESPN BET,Milwaukee Brewers,Philadelphia Phillies,MIL,PHI,-105.0,-115.0,close,close,0.0,-1.5,8.5,-130.0,110.0,2
2025-09-03,23:45,401697003,401697003,58,ESPN BET,St. Louis Cardinals,Athletics,STL,ATH,-110.0,-110.0,close,close,0.0,-1.5,8.5,-120.0,100.0,2
2025-09-03,00:10,401697002,401697002,58,ESPN BET,Houston Astros,New York Yankees,HOU,NYY,125.0,-150.0,close,close,0.0,-1.5,9.5,105.0,-125.0,2
2025-09-03,00:40,401697005,401697005,58,ESPN BET,Colorado Rockies,San Francisco Giants,COL,SF,160.0,-190.0,close,close,0.0,-1.5,11.5,-110.0,-110.0,2
2025-09-04,20:10,401697013,401697013,58,ESPN BET,Milwaukee Brewers,Philadelphia Phillies,MIL,PHI,-115.0,-105.0,close,close,0.0,-1.5,7.5,-130.0,110.0,2
2025-09-04,22:40,401697009,401697009,58,ESPN BET,Pittsburgh Pirates,Los Angeles Dodgers,PIT,LAD,-105.0,-115.0,close,close,0.0,-1.5,6.5,-125.0,105.0,2
2025-09-04,23:35,401697008,401697008,58,ESPN BET,Tampa Bay Rays,Cleveland Guardians,TB,CLE,-175.0,145.0,close,close,0.0,1.5,8.5,-105.0,-115.0,2
2025-09-04,23:40,401697010,401697010,58,ESPN BET,Kansas City Royals,Los Angeles Angels,KC,LAA,-155.0,130.0,close,close,0.0,1.5,9.5,105.0,-125.0,2
2025-09-04,23:40,401697011,401697011,58,ESPN BET,Minnesota Twins,Chicago White Sox,MIN,CHW,-150.0,125.0,close,close,0.0,1.5,8.5,-120.0,100.0,2
2025-09-04,23:40,401697012,401697012,58,ESPN BET,Houston Astros,New York Yankees,HOU,NYY,120.0,-145.0,close,close,0.0,-1.5,8.5,-135.0,115.0,2
2025-09-05,18:20,401697025,401697025,58,ESPN BET,Chicago Cubs,Washington Nationals,CHC,WSH,-225.0,180.0,close,close,0.0,1.5,10.5,-110.0,-110.0,2
2025-09-05,22:40,401697014,401697014,58,ESPN BET,Detroit Tigers,Chicago White Sox,DET,CHW,-190.0,160.0,close,close,0.0,1.5,8.5,-110.0,-110.0,2
2025-09-05,22:40,401697017,401697017,58,ESPN BET,Pittsburgh Pirates,Milwaukee Brewers,PIT,MIL,120.0,-145.0,close,close,0.0,-1.5,8.5,100.0,-120.0,2
2025-09-05,22:40,401697018,401697018,58,ESPN BET,Cincinnati Reds,New York Mets,CIN,NYM,100.0,-120.0,close,close,0.0,-1.5,9.5,100.0,-120.0,2
2025-09-05,23:05,401697016,401697016,58,ESPN BET,Baltimore Orioles,Los Angeles Dodgers,BAL,LAD,145.0,-175.0,close,close,0.0,-1.5,9.5,120.0,-145.0,2
2025-09-05,23:05,401697021,401697021,58,ESPN BET,New York Yankees,Toronto Blue Jays,NYY,TOR,-125.0,105.0,close,close,0.0,1.5,8.5,-135.0,115.0,2
2025-09-05,23:10,401697019,401697019,58,ESPN BET,Miami Marlins,Philadelphia Phillies,MIA,PHI,200.0,-240.0,close,close,0.0,-2.5,8.5,110.0,-130.0,2
2025-09-05,23:15,401697020,401697020,58,ESPN BET,Atlanta Braves,Seattle Mariners,ATL,SEA,-125.0,105.0,close,close,0.0,1.5,7.5,-110.0,-110.0,2
2025-09-05,23:35,401697015,401697015,58,ESPN BET,Tampa Bay Rays,Cleveland Guardians,TB,CLE,-150.0,125.0,close,close,0.0,1.5,7.5,110.0,-130.0,2
2025-09-05,23:40,401697023,401697023,58,ESPN BET,Kansas City Royals,Minnesota Twins,KC,MIN,-135.0,115.0,close,close,0.0,1.5,8.5,105.0,-125.0,2
2025-09-05,00:05,401697022,401697022,58,ESPN BET,Texas Rangers,Houston Astros,TEX,HOU,-125.0,105.0,close,close,0.0,-1.5,7.5,-125.0,105.0,2
2025-09-05,00:15,401697024,401697024,58,ESPN BET,St. Louis Cardinals,San Francisco Giants,STL,SF,-120.0,100.0,close,close,0.0,-1.5,8.5,-110.0,-110.0,2
2025-09-05,00:40,401697026,401697026,58,ESPN BET,Colorado Rockies,San Diego Padres,COL,SD,180.0,-215.0,close,close,0.0,-2.5,10.5,-110.0,-110.0,2
2025-09-05,01:38,401697028,401697028,58,ESPN BET,Los Angeles Angels,Athletics,LAA,ATH,-155.0,130.0,close,close,0.0,1.5,9.5,110.0,-130.0,2
2025-09-05,01:40,401697027,401697027,58,ESPN BET,Arizona Diamondbacks,Boston Red Sox,ARI,BOS,115.0,-135.0,close,close,0.0,-1.5,8.5,-135.0,115.0,2
2025-09-06,17:05,401697036,401697036,58,ESPN BET,New York Yankees,Toronto Blue Jays,NYY,TOR,-145.0,120.0,close,close,0.0,1.5,9.5,-120.0,100.0,2
2025-09-06,18:20,401697040,401697040,58,ESPN BET,Chicago Cubs,Washington Nationals,CHC,WSH,-255.0,210.0,close,close,0.0,1.5,8.5,-120.0,100.0,2
2025-09-06,20:10,401697034,401697034,58,ESPN BET,Miami Marlins,Philadelphia Phillies,MIA,PHI,135.0,-160.0,close,close,0.0,-1.5,7.5,-125.0,105.0,2
2025-09-06,22:10,401697029,401697029,58,ESPN BET,Detroit Tigers,Chicago White Sox,DET,CHW,-300.0,240.0,close,close,0.0,1.5,7.5,105.0,-125.0,2
2025-09-06,22:40,401697032,401697032,58,ESPN BET,Pittsburgh Pirates,Milwaukee Brewers,PIT,MIL,125.0,-150.0,close,close,0.0,-1.5,7.5,-120.0,100.0,2
2025-09-06,22:40,401697033,401697033,58,ESPN BET,Cincinnati Reds,New York Mets,CIN,NYM,115.0,-135.0,close,close,0.0,-1.5,9.5,105.0,-125.0,2
2025-09-06,23:05,401697030,401697030,58,ESPN BET,Tampa Bay Rays,Cleveland Guardians,TB,CLE,-145.0,120.0,close,close,0.0,1.5,8.5,-120.0,100.0,2
2025-09-06,23:05,401697031,401697031,58,ESPN BET,Baltimore Orioles,Los Angeles Dodgers,BAL,LAD,120.0,-145.0,close,close,0.0,-1.5,7.5,-115.0,-105.0,2
2025-09-06,23:15,401697035,401697035,58,ESPN BET,Atlanta Braves,Seattle Mariners,ATL,SEA,-125.0,105.0,close,close,0.0,1.5,9.5,120.0,-145.0,2
2025-09-06,23:15,401697037,401697037,58,ESPN BET,Texas Rangers,Houston Astros,TEX,HOU,-120.0,100.0,close,close,0.0,-1.5,6.5,-135.0,115.0,2
2025-09-06,23:15,401697038,401697038,58,ESPN BET,Kansas City Royals,Minnesota Twins,KC,MIN,110.0,-130.0,close,close,0.0,-1.5,8.5,-105.0,-115.0,2
2025-09-06,23:15,401697039,401697039,58,ESPN BET,St. Louis Cardinals,San Francisco Giants,STL,SF,105.0,-125.0,close,close,0.0,-1.5,8.5,-105.0,-115.0,2
2025-09-06,00:10,401697041,401697041,58,ESPN BET,Colorado Rockies,San Diego Padres,COL,SD,155.0,-185.0,close,close,0.0,-1.5,11.5,-105.0,-115.0,2
2025-09-06,00:10,401697042,401697042,58,ESPN BET,Arizona Diamondbacks,Boston Red Sox,ARI,BOS,105.0,-125.0,close,close,0.0,-1.5,8.5,-135.0,115.0,2
2025-09-06,01:38,401697043,401697043,58,ESPN BET,Los Angeles Angels,Athletics,LAA,ATH,-130.0,110.0,close,close,0.0,1.5,8.5,-125.0,105.0,2
2025-09-07,16:05,401697050,401697050,58,ESPN BET,Atlanta Braves,Seattle Mariners,ATL,SEA,-105.0,-115.0,close,close,0.0,-1.5,9.5,-120.0,100.0,2
2025-09-07,16:10,401697045,401697045,58,ESPN BET,Tampa Bay Rays,Cleveland Guardians,TB,CLE,-175.0,140.0,close,close,0.0,1.5,8.5,100.0,-120.0,2
2025-09-07,17:35,401697046,401697046,58,ESPN BET,Baltimore Orioles,Los Angeles Dodgers,BAL,LAD,140.0,-165.0,close,close,0.0,-1.5,8.5,-115.0,-105.0,2
2025-09-07,17:35,401697047,401697047,58,ESPN BET,Pittsburgh Pirates,Milwaukee Brewers,PIT,MIL,115.0,-135.0,close,close,0.0,-1.5,7.5,-115.0,-105.0,2
2025-09-07,17:35,401697051,401697051,58,ESPN BET,New York Yankees,Toronto Blue Jays,NYY,TOR,-185.0,155.0,close,close,0.0,1.5,7.5,-130.0,110.0,2
2025-09-07,17:40,401697044,401697044,58,ESPN BET,Detroit Tigers,Chicago White Sox,DET,CHW,-180.0,150.0,close,close,0.0,1.5,8.5,-125.0,105.0,2
2025-09-07,17:40,401697048,401697048,58,ESPN BET,Cincinnati Reds,New York Mets,CIN,NYM,-125.0,105.0,close,close,0.0,-1.5,8.5,-120.0,100.0,2
2025-09-07,17:40,401697049,401697049,58,ESPN BET,Miami Marlins,Philadelphia Phillies,MIA,PHI,115.0,-135.0,close,close,0.0,-1.5,9.5,115.0,-135.0,2
2025-09-07,18:10,401697053,401697053,58,ESPN BET,Kansas City Royals,Minnesota Twins,KC,MIN,-125.0,105.0,close,close,0.0,1.5,8.5,-115.0,-105.0,2
2025-09-07,18:15,401697054,401697054,58,ESPN BET,St. Louis Cardinals,San Francisco Giants,STL,SF,-135.0,115.0,close,close,0.0,1.5,7.5,-120.0,100.0,2
2025-09-07,18:20,401697055,401697055,58,ESPN BET,Chicago Cubs,Washington Nationals,CHC,WSH,-190.0,160.0,close,close,0.0,1.5,7.5,100.0,-120.0,2
2025-09-07,18:35,401697052,401697052,58,ESPN BET,Texas Rangers,Houston Astros,TEX,HOU,125.0,-150.0,close,close,0.0,-1.5,8.5,-105.0,-115.0,2
2025-09-07,19:10,401697056,401697056,58,ESPN BET,Colorado Rockies,San Diego Padres,COL,SD,210.0,-255.0,close,close,0.0,-2.5,10.5,-125.0,105.0,2
2025-09-07,20:07,401697058,401697058,58,ESPN BET,Los Angeles Angels,Athletics,LAA,ATH,-105.0,-115.0,close,close,0.0,-1.5,9.5,-110.0,-110.0,2
2025-09-07,20:10,401697057,401697057,58,ESPN BET,Arizona Diamondbacks,Boston Red Sox,ARI,BOS,-110.0,-110.0,close,close,0.0,-1.5,8.5,-120.0,100.0,2
2025-09-08,22:40,401697060,401697060,58,ESPN BET,Cleveland Guardians,Kansas City Royals,CLE,KC,-110.0,-110.0,close,close,0.0,-1.5,7.5,-115.0,-105.0,2
2025-09-08,22:40,401697062,401697062,58,ESPN BET,Miami Marlins,Washington Nationals,MIA,WSH,-125.0,105.0,close,close,0.0,-1.5,8.5,-115.0,-105.0,2
2025-09-08,22:45,401697061,401697061,58,ESPN BET,Philadelphia Phillies,New York Mets,PHI,NYM,110.0,-130.0,close,close,0.0,-1.5,8.5,-115.0,-105.0,2
2025-09-08,23:15,401697059,401697059,58,ESPN BET,Atlanta Braves,Chicago Cubs,ATL,CHC,100.0,-120.0,close,close,0.0,-1.5,8.5,-115.0,-105.0,2
2025-09-08,00:05,401697063,401697063,58,ESPN BET,Texas Rangers,Milwaukee Brewers,TEX,MIL,105.0,-125.0,close,close,0.0,-1.5,8.5,-115.0,-105.0,2
2025-09-08,01:38,401697068,401697068,58,ESPN BET,Los Angeles Angels,Minnesota Twins,LAA,MIN,-125.0,105.0,close,close,0.0,-1.5,9.5,-105.0,-115.0,2
2025-09-08,01:40,401697066,401697066,58,ESPN BET,San Diego Padres,Cincinnati Reds,SD,CIN,-130.0,110.0,close,close,0.0,1.5,7.5,-105.0,-115.0,2
2025-09-08,01:40,401697069,401697069,58,ESPN BET,Seattle Mariners,St. Louis Cardinals,SEA,STL,-240.0,200.0,close,close,0.0,1.5,7.5,-120.0,100.0,2
2025-09-08,01:45,401697064,401697064,58,ESPN BET,San Francisco Giants,Arizona Diamondbacks,SF,ARI,-180.0,150.0,close,close,0.0,1.5,7.5,-115.0,-105.0,2
2025-09-08,02:05,401764588,401764588,58,ESPN BET,Athletics,Boston Red Sox,ATH,BOS,135.0,-160.0,close,close,0.0,-1.5,8.5,-130.0,110.0,2
2025-09-08,02:10,401697067,401697067,58,ESPN BET,Los Angeles Dodgers,Colorado Rockies,LAD,COL,-375.0,295.0,close,close,0.0,2.5,8.5,-125.0,105.0,2
2025-09-09,22:35,401697075,401697075,58,ESPN BET,Baltimore Orioles,Pittsburgh Pirates,BAL,PIT,-155.0,130.0,close,close,0.0,1.5,7.5,-115.0,-105.0,2
2025-09-09,22:40,401697073,401697073,58,ESPN BET,Cleveland Guardians,Kansas City Royals,CLE,KC,-110.0,-110.0,close,close,0.0,-1.5,7.5,-105.0,-115.0,2
2025-09-09,22:40,401697076,401697076,58,ESPN BET,Miami Marlins,Washington Nationals,MIA,WSH,-125.0,105.0,close,close,0.0,1.5,9.5,105.0,-125.0,2
2025-09-09,22:45,401697074,401697074,58,ESPN BET,Philadelphia Phillies,New York Mets,PHI,NYM,-135.0,115.0,close,close,0.0,1.5,7.5,-130.0,110.0,2
2025-09-09,23:05,401697071,401697071,58,ESPN BET,New York Yankees,Detroit Tigers,NYY,DET,-160.0,135.0,close,close,0.0,1.5,8.5,-110.0,-110.0,2
2025-09-09,23:07,401697072,401697072,58,ESPN BET,Toronto Blue Jays,Houston Astros,TOR,HOU,-150.0,125.0,close,close,0.0,1.5,8.5,110.0,-130.0,2
2025-09-09,23:15,401697070,401697070,58,ESPN BET,Atlanta Braves,Chicago Cubs,ATL,CHC,-110.0,-110.0,close,close,0.0,-1.5,8.5,-105.0,-115.0,2
2025-09-09,23:40,401697078,401697078,58,ESPN BET,Chicago White Sox,Tampa Bay Rays,CHW,TB,110.0,-130.0,close,close,0.0,-1.5,8.5,100.0,-120.0,2
2025-09-09,00:05,401697077,401697077,58,ESPN BET,Texas Rangers,Milwaukee Brewers,TEX,MIL,-110.0,-110.0,close,close,0.0,-1.5,8.5,-105.0,-115.0,2
2025-09-09,01:38,401697083,401697083,58,ESPN BET,Los Angeles Angels,Minnesota Twins,LAA,MIN,-105.0,-115.0,close,close,0.0,-1.5,8.5,-130.0,110.0,2
2025-09-09,01:40,401697081,401697081,58,ESPN BET,San Diego Padres,Cincinnati Reds,SD,CIN,-190.0,160.0,close,close,0.0,1.5,7.5,-115.0,-105.0,2
2025-09-09,01:40,401697084,401697084,58,ESPN BET,Seattle Mariners,St. Louis Cardinals,SEA,STL,-200.0,165.0,close,close,0.0,1.5,7.5,-105.0,-115.0,2
2025-09-09,01:45,401697079,401697079,58,ESPN BET,San Francisco Giants,Arizona Diamondbacks,SF,ARI,-150.0,125.0,close,close,0.0,1.5,7.5,-110.0,-110.0,2
2025-09-09,02:05,401764589,401764589,58,ESPN BET,Athletics,Boston Red Sox,ATH,BOS,-120.0,100.0,close,close,0.0,-1.5,10.5,105.0,-125.0,2
2025-09-09,02:10,401697082,401697082,58,ESPN BET,Los Angeles Dodgers,Colorado Rockies,LAD,COL,-335.0,265.0,close,close,0.0,2.5,8.5,-135.0,115.0,2
2025-09-10,18:35,401697092,401697092,58,ESPN BET,Texas Rangers,Milwaukee Brewers,TEX,MIL,105.0,-125.0,close,close,0.0,-1.5,7.5,110.0,-130.0,2
2025-09-10,19:35,401764590,401764590,58,ESPN BET,Athletics,Boston Red Sox,ATH,BOS,-105.0,-115.0,close,close,0.0,-1.5,10.5,-120.0,100.0,2
2025-09-10,19:45,401697094,401697094,58,ESPN BET,San Francisco Giants,Arizona Diamondbacks,SF,ARI,-130.0,110.0,close,close,0.0,1.5,8.5,-120.0,100.0,2
2025-09-10,20:07,401697098,401697098,58,ESPN BET,Los Angeles Angels,Minnesota Twins,LAA,MIN,-115.0,-105.0,close,close,0.0,-1.5,9.5,100.0,-120.0,2
2025-09-10,22:35,401697090,401697090,58,ESPN BET,Baltimore Orioles,Pittsburgh Pirates,BAL,PIT,130.0,-155.0,close,close,0.0,-1.5,7.5,120.0,-145.0,2
2025-09-10,22:40,401697088,401697088,58,ESPN BET,Cleveland Guardians,Kansas City Royals,CLE,KC,-110.0,-110.0,close,close,0.0,-1.5,7.5,-120.0,100.0,2
2025-09-10,22:40,401697091,401697091,58,ESPN BET,Miami Marlins,Washington Nationals,MIA,WSH,-155.0,130.0,close,close,0.0,1.5,8.5,-115.0,-105.0,2
2025-09-10,22:45,401697089,401697089,58,ESPN BET,Philadelphia Phillies,New York Mets,PHI,NYM,-160.0,135.0,close,close,0.0,1.5,7.5,-110.0,-110.0,2
2025-09-10,23:05,401697086,401697086,58,ESPN BET,New York Yankees,Detroit Tigers,NYY,DET,-175.0,145.0,close,close,0.0,1.5,8.5,110.0,-130.0,2
2025-09-10,23:07,401697087,401697087,58,ESPN BET,Toronto Blue Jays,Houston Astros,TOR,HOU,-160.0,135.0,close,close,0.0,1.5,8.5,-120.0,100.0,2
2025-09-10,23:15,401697085,401697085,58,ESPN BET,Atlanta Braves,Chicago Cubs,ATL,CHC,-165.0,140.0,close,close,0.0,1.5,8.5,105.0,-125.0,2
2025-09-10,23:40,401697093,401697093,58,ESPN BET,Chicago White Sox,Tampa Bay Rays,CHW,TB,110.0,-130.0,close,close,0.0,-1.5,8.5,100.0,-120.0,2
2025-09-10,00:40,401697096,401697096,58,ESPN BET,San Diego Padres,Cincinnati Reds,SD,CIN,-155.0,130.0,close,close,0.0,1.5,7.5,-110.0,-110.0,2
2025-09-10,01:40,401697099,401697099,58,ESPN BET,Seattle Mariners,St. Louis Cardinals,SEA,STL,-215.0,180.0,close,close,0.0,1.5,7.5,100.0,-120.0,2
2025-09-10,02:10,401697097,401697097,58,ESPN BET,Los Angeles Dodgers,Colorado Rockies,LAD,COL,-350.0,280.0,close,close,0.0,1.5,8.5,-115.0,-105.0,2
2025-09-11,17:05,401697104,401697104,58,ESPN BET,Baltimore Orioles,Pittsburgh Pirates,BAL,PIT,-120.0,100.0,close,close,0.0,1.5,8.5,100.0,-120.0,2
2025-09-11,18:10,401697106,401697106,58,ESPN BET,Chicago White Sox,Tampa Bay Rays,CHW,TB,110.0,-130.0,close,close,0.0,-1.5,7.5,-120.0,100.0,2
2025-09-11,19:07,401697101,401697101,58,ESPN BET,Toronto Blue Jays,Houston Astros,TOR,HOU,-165.0,140.0,close,close,0.0,1.5,8.5,-105.0,-115.0,2
2025-09-11,22:40,401697105,401697105,58,ESPN BET,Miami Marlins,Washington Nationals,MIA,WSH,-130.0,110.0,close,close,0.0,1.5,7.5,-120.0,100.0,2
2025-09-11,23:05,401697100,401697100,58,ESPN BET,New York Yankees,Detroit Tigers,NYY,DET,-175.0,145.0,close,close,0.0,1.5,8.5,100.0,-120.0,2
2025-09-11,23:15,401697102,401697102,58,ESPN BET,Cleveland Guardians,Kansas City Royals,CLE,KC,-145.0,120.0,close,close,0.0,1.5,7.5,-110.0,-110.0,2
2025-09-11,23:15,401697103,401697103,58,ESPN BET,Philadelphia Phillies,New York Mets,PHI,NYM,-120.0,100.0,close,close,0.0,1.5,8.5,100.0,-120.0,2
2025-09-11,01:40,401697107,401697107,58,ESPN BET,Seattle Mariners,Los Angeles Angels,SEA,LAA,-150.0,125.0,close,close,0.0,1.5,7.5,-115.0,-105.0,2
2025-09-11,01:40,401697108,401697108,58,ESPN BET,San Diego Padres,Colorado Rockies,SD,COL,-265.0,215.0,close,close,0.0,1.5,8.5,-115.0,-105.0,2
2025-09-12,18:20,401697119,401697119,58,ESPN BET,Chicago Cubs,Tampa Bay Rays,CHC,TB,-165.0,140.0,close,close,0.0,1.5,7.5,110.0,-130.0,2
2025-09-12,22:45,401697113,401697113,58,ESPN BET,Philadelphia Phillies,Kansas City Royals,PHI,KC,-145.0,120.0,close,close,0.0,1.5,9.5,120.0,-145.0,2
2025-09-12,22:45,401697115,401697115,58,ESPN BET,Washington Nationals,Pittsburgh Pirates,WSH,PIT,-110.0,-110.0,close,close,0.0,-1.5,8.5,-110.0,-110.0,2
2025-09-12,23:07,401697109,401697109,58,ESPN BET,Toronto Blue Jays,Baltimore Orioles,TOR,BAL,-135.0,115.0,close,close,0.0,1.5,7.5,-110.0,-110.0,2
2025-09-12,23:10,401697110,401697110,58,ESPN BET,Cleveland Guardians,Chicago White Sox,CLE,CHW,-150.0,125.0,close,close,0.0,1.5,7.5,-110.0,-110.0,2
2025-09-12,23:10,401697111,401697111,58,ESPN BET,Miami Marlins,Detroit Tigers,MIA,DET,165.0,-200.0,close,close,0.0,-1.5,6.5,-135.0,115.0,2
2025-09-12,23:10,401697114,401697114,58,ESPN BET,Boston Red Sox,New York Yankees,BOS,NYY,100.0,-120.0,close,close,0.0,-1.5,8.5,-125.0,105.0,2
2025-09-12,23:10,401697116,401697116,58,ESPN BET,New York Mets,Texas Rangers,NYM,TEX,-120.0,100.0,close,close,0.0,-1.5,7.5,-110.0,-110.0,2
2025-09-12,23:15,401697112,401697112,58,ESPN BET,Atlanta Braves,Houston Astros,ATL,HOU,-135.0,115.0,close,close,0.0,1.5,8.5,-125.0,105.0,2
2025-09-12,00:10,401697117,401697117,58,ESPN BET,Minnesota Twins,Arizona Diamondbacks,MIN,ARI,-145.0,120.0,close,close,0.0,1.5,8.5,-105.0,-115.0,2
2025-09-12,00:10,401697118,401697118,58,ESPN BET,Milwaukee Brewers,St. Louis Cardinals,MIL,STL,-185.0,155.0,close,close,0.0,1.5,8.5,100.0,-120.0,2
2025-09-12,01:40,401697122,401697122,58,ESPN BET,San Diego Padres,Colorado Rockies,SD,COL,-270.0,220.0,close,close,0.0,1.5,8.5,-110.0,-110.0,2
2025-09-12,02:05,401764591,401764591,58,ESPN BET,Athletics,Cincinnati Reds,ATH,CIN,-120.0,100.0,close,close,0.0,1.5,10.5,100.0,-120.0,2
2025-09-12,02:10,401697120,401697120,58,ESPN BET,Seattle Mariners,Los Angeles Angels,SEA,LAA,-185.0,155.0,close,close,0.0,1.5,7.5,100.0,-120.0,2
2025-09-12,02:15,401697123,401697123,58,ESPN BET,San Francisco Giants,Los Angeles Dodgers,SF,LAD,125.0,-150.0,close,close,0.0,-1.5,7.5,-105.0,-115.0,2
2025-09-13,18:20,401697134,401697134,58,ESPN BET,Chicago Cubs,Tampa Bay Rays,CHC,TB,-110.0,-110.0,close,close,0.0,-1.5,8.5,110.0,-130.0,2
2025-09-13,19:07,401697124,401697124,58,ESPN BET,Toronto Blue Jays,Baltimore Orioles,TOR,BAL,-180.0,150.0,close,close,0.0,1.5,8.5,-105.0,-115.0,2
2025-09-13,20:05,401697130,401697130,58,ESPN BET,Washington Nationals,Pittsburgh Pirates,WSH,PIT,-105.0,-115.0,close,close,0.0,-1.5,9.5,115.0,-135.0,2
2025-09-13,20:10,401697126,401697126,58,ESPN BET,Miami Marlins,Detroit Tigers,MIA,DET,115.0,-135.0,close,close,0.0,-1.5,8.5,-115.0,-105.0,2
2025-09-13,20:10,401697129,401697129,58,ESPN BET,Boston Red Sox,New York Yankees,BOS,NYY,130.0,-155.0,close,close,0.0,-1.5,8.5,-125.0,105.0,2
2025-09-13,20:10,401697131,401697131,58,ESPN BET,New York Mets,Texas Rangers,NYM,TEX,-165.0,140.0,close,close,0.0,1.5,8.5,-120.0,100.0,2
2025-09-13,22:05,401697128,401697128,58,ESPN BET,Philadelphia Phillies,Kansas City Royals,PHI,KC,-150.0,125.0,close,close,0.0,1.5,9.5,-110.0,-110.0,2
2025-09-13,22:10,401697125,401697125,58,ESPN BET,Cleveland Guardians,Chicago White Sox,CLE,CHW,-175.0,145.0,close,close,0.0,1.5,7.5,-115.0,-105.0,2
2025-09-13,23:10,401697132,401697132,58,ESPN BET,Minnesota Twins,Arizona Diamondbacks,MIN,ARI,-135.0,115.0,close,close,0.0,1.5,8.5,-110.0,-110.0,2
2025-09-13,23:15,401697127,401697127,58,ESPN BET,Atlanta Braves,Houston Astros,ATL,HOU,120.0,-145.0,close,close,0.0,-1.5,8.5,-115.0,-105.0,2
2025-09-13,00:15,401697133,401697133,58,ESPN BET,Milwaukee Brewers,St. Louis Cardinals,MIL,STL,-180.0,150.0,close,close,0.0,1.5,7.5,-120.0,100.0,2
2025-09-13,00:40,401697137,401697137,58,ESPN BET,San Diego Padres,Colorado Rockies,SD,COL,-350.0,280.0,close,close,0.0,2.5,7.5,-130.0,110.0,2
2025-09-13,01:05,401697138,401697138,58,ESPN BET,San Francisco Giants,Los Angeles Dodgers,SF,LAD,-120.0,100.0,close,close,0.0,-1.5,7.5,-115.0,-105.0,2
2025-09-13,01:40,401697135,401697135,58,ESPN BET,Seattle Mariners,Los Angeles Angels,SEA,LAA,-255.0,210.0,close,close,0.0,1.5,7.5,-110.0,-110.0,2
2025-09-13,02:05,401764592,401764592,58,ESPN BET,Athletics,Cincinnati Reds,ATH,CIN,105.0,-125.0,close,close,0.0,-1.5,8.5,-130.0,110.0,2
2025-09-14,15:35,401697145,401697145,58,ESPN BET,Washington Nationals,Pittsburgh Pirates,WSH,PIT,100.0,-120.0,close,close,0.0,-1.5,8.5,-110.0,-110.0,2
2025-09-14,17:35,401697142,401697142,58,ESPN BET,Atlanta Braves,Houston Astros,ATL,HOU,115.0,-135.0,close,close,0.0,-1.5,8.5,-125.0,105.0,2
2025-09-14,17:35,401697143,401697143,58,ESPN BET,Philadelphia Phillies,Kansas City Royals,PHI,KC,-155.0,130.0,close,close,0.0,1.5,8.5,-115.0,-105.0,2
2025-09-14,17:37,401697139,401697139,58,ESPN BET,Toronto Blue Jays,Baltimore Orioles,TOR,BAL,-200.0,165.0,close,close,0.0,1.5,7.5,-130.0,110.0,2
2025-09-14,17:40,401697140,401697140,58,ESPN BET,Cleveland Guardians,Chicago White Sox,CLE,CHW,-160.0,135.0,close,close,0.0,1.5,7.5,-125.0,105.0,2
2025-09-14,17:40,401697141,401697141,58,ESPN BET,Miami Marlins,Detroit Tigers,MIA,DET,115.0,-135.0,close,close,0.0,-1.5,9.5,115.0,-135.0,2
2025-09-14,17:40,401697146,401697146,58,ESPN BET,New York Mets,Texas Rangers,NYM,TEX,-175.0,145.0,close,close,0.0,1.5,7.5,-130.0,110.0,2
2025-09-14,18:10,401697147,401697147,58,ESPN BET,Minnesota Twins,Arizona Diamondbacks,MIN,ARI,-120.0,100.0,close,close,0.0,-1.5,9.5,100.0,-120.0,2
2025-09-14,18:10,401697148,401697148,58,ESPN BET,Milwaukee Brewers,St. Louis Cardinals,MIL,STL,-190.0,160.0,close,close,0.0,1.5,8.5,-120.0,100.0,2
2025-09-14,18:20,401697149,401697149,58,ESPN BET,Chicago Cubs,Tampa Bay Rays,CHC,TB,-165.0,140.0,close,close,0.0,1.5,7.5,120.0,-145.0,2
2025-09-14,20:05,401697153,401697153,58,ESPN BET,San Francisco Giants,Los Angeles Dodgers,SF,LAD,115.0,-135.0,close,close,0.0,-1.5,7.5,-120.0,100.0,2
2025-09-14,20:05,401764593,401764593,58,ESPN BET,Athletics,Cincinnati Reds,ATH,CIN,-110.0,-110.0,close,close,0.0,-1.5,9.5,100.0,-120.0,2
2025-09-14,20:10,401697150,401697150,58,ESPN BET,Seattle Mariners,Los Angeles Angels,SEA,LAA,-215.0,180.0,close,close,0.0,1.5,7.5,-120.0,100.0,2
2025-09-14,20:10,401697152,401697152,58,ESPN BET,San Diego Padres,Colorado Rockies,SD,COL,-300.0,240.0,close,close,0.0,1.5,8.5,110.0,-130.0,2
2025-09-14,23:00,401697144,401697144,58,ESPN BET,Boston Red Sox,New York Yankees,BOS,NYY,-160.0,135.0,close,close,0.0,1.5,7.5,-120.0,100.0,2
2025-09-15,22:40,401697155,401697155,58,ESPN BET,Pittsburgh Pirates,Chicago Cubs,PIT,CHC,100.0,-120.0,close,close,0.0,-1.5,7.5,-125.0,105.0,2
2025-09-15,22:45,401697154,401697154,58,ESPN BET,Washington Nationals,Atlanta Braves,WSH,ATL,140.0,-165.0,close,close,0.0,-1.5,9.5,105.0,-125.0,2
2025-09-15,23:35,401697156,401697156,58,ESPN BET,Tampa Bay Rays,Toronto Blue Jays,TB,TOR,105.0,-125.0,close,close,0.0,-1.5,8.5,105.0,-125.0,2
2025-09-15,23:40,401697157,401697157,58,ESPN BET,Chicago White Sox,Baltimore Orioles,CHW,BAL,115.0,-135.0,close,close,0.0,-1.5,8.5,105.0,-125.0,2
2025-09-15,23:40,401697159,401697159,58,ESPN BET,Minnesota Twins,New York Yankees,MIN,NYY,160.0,-190.0,close,close,0.0,-1.5,9.5,110.0,-130.0,2
2025-09-15,23:45,401697158,401697158,58,ESPN BET,St. Louis Cardinals,Cincinnati Reds,STL,CIN,-115.0,-105.0,close,close,0.0,-1.5,8.5,-120.0,100.0,2
2025-09-15,00:10,401697160,401697160,58,ESPN BET,Houston Astros,Texas Rangers,HOU,TEX,-130.0,110.0,close,close,0.0,1.5,8.5,100.0,-120.0,2
2025-09-15,01:40,401697162,401697162,58,ESPN BET,Arizona Diamondbacks,San Francisco Giants,ARI,SF,-130.0,110.0,close,close,0.0,1.5,9.5,110.0,-130.0,2
2025-09-15,02:10,401697161,401697161,58,ESPN BET,Los Angeles Dodgers,Philadelphia Phillies,LAD,PHI,-120.0,100.0,close,close,0.0,-1.5,8.5,-105.0,-115.0,2
2025-09-16,17:05,401776511,401776511,58,ESPN BET,Washington Nationals,Atlanta Braves,WSH,ATL,130.0,-155.0,close,close,0.0,-1.5,8.5,-125.0,105.0,2
2025-09-16,22:40,401697164,401697164,58,ESPN BET,Pittsburgh Pirates,Chicago Cubs,PIT,CHC,-130.0,110.0,close,close,0.0,1.5,6.5,-115.0,-105.0,2
2025-09-16,22:40,401697165,401697165,58,ESPN BET,Detroit Tigers,Cleveland Guardians,DET,CLE,-145.0,120.0,close,close,0.0,1.5,8.5,105.0,-125.0,2
2025-09-16,22:45,401697163,401697163,58,ESPN BET,Washington Nationals,Atlanta Braves,WSH,ATL,155.0,-185.0,close,close,0.0,-1.5,6.5,-135.0,115.0,2
2025-09-16,22:45,401697166,401697166,58,ESPN BET,Boston Red Sox,Athletics,BOS,ATH,-160.0,135.0,close,close,0.0,1.5,8.5,-105.0,-115.0,2
2025-09-16,23:10,401697167,401697167,58,ESPN BET,New York Mets,San Diego Padres,NYM,SD,-125.0,105.0,close,close,0.0,-1.5,7.5,-125.0,105.0,2
2025-09-16,23:35,401697168,401697168,58,ESPN BET,Tampa Bay Rays,Toronto Blue Jays,TB,TOR,-110.0,-110.0,close,close,0.0,-1.5,8.5,105.0,-125.0,2
2025-09-16,23:40,401697169,401697169,58,ESPN BET,Milwaukee Brewers,Los Angeles Angels,MIL,LAA,-275.0,225.0,close,close,0.0,1.5,8.5,-110.0,-110.0,2
2025-09-16,23:40,401697170,401697170,58,ESPN BET,Chicago White Sox,Baltimore Orioles,CHW,BAL,-115.0,-105.0,close,close,0.0,-1.5,7.5,-120.0,100.0,2
2025-09-16,23:40,401697172,401697172,58,ESPN BET,Minnesota Twins,New York Yankees,MIN,NYY,145.0,-175.0,close,close,0.0,-1.5,8.5,-135.0,115.0,2
2025-09-16,23:40,401697173,401697173,58,ESPN BET,Kansas City Royals,Seattle Mariners,KC,SEA,120.0,-145.0,close,close,0.0,-1.5,8.5,-110.0,-110.0,2
2025-09-16,23:45,401697171,401697171,58,ESPN BET,St. Louis Cardinals,Cincinnati Reds,STL,CIN,105.0,-125.0,close,close,0.0,-1.5,7.5,-125.0,105.0,2
2025-09-16,00:10,401697174,401697174,58,ESPN BET,Houston Astros,Texas Rangers,HOU,TEX,100.0,-120.0,close,close,0.0,-1.5,7.5,-115.0,-105.0,2
2025-09-16,00:40,401697175,401697175,58,ESPN BET,Colorado Rockies,Miami Marlins,COL,MIA,125.0,-150.0,close,close,0.0,-1.5,10.5,100.0,-120.0,2
2025-09-16,01:40,401697177,401697177,58,ESPN BET,Arizona Diamondbacks,San Francisco Giants,ARI,SF,-125.0,105.0,close,close,0.0,1.5,9.5,100.0,-120.0,2
2025-09-16,02:10,401697176,401697176,58,ESPN BET,Los Angeles Dodgers,Philadelphia Phillies,LAD,PHI,-130.0,110.0,close,close,0.0,1.5,7.5,-125.0,105.0,2
2025-09-17,16:35,401697179,401697179,58,ESPN BET,Pittsburgh Pirates,Chicago Cubs,PIT,CHC,120.0,-145.0,close,close,0.0,-1.5,7.5,-115.0,-105.0,2
2025-09-17,17:15,401697186,401697186,58,ESPN BET,St. Louis Cardinals,Cincinnati Reds,STL,CIN,105.0,-125.0,close,close,0.0,-1.5,8.5,-105.0,-115.0,2
2025-09-17,18:10,401697185,401697185,58,ESPN BET,Chicago White Sox,Baltimore Orioles,CHW,BAL,105.0,-125.0,close,close,0.0,-1.5,8.5,100.0,-120.0,2
2025-09-17,19:40,401697192,401697192,58,ESPN BET,Arizona Diamondbacks,San Francisco Giants,ARI,SF,-115.0,-105.0,close,close,0.0,-1.5,8.5,-135.0,115.0,2
2025-09-17,20:05,401697178,401697178,58,ESPN BET,Washington Nationals,Atlanta Braves,WSH,ATL,125.0,-150.0,close,close,0.0,-1.5,8.5,-105.0,-115.0,2
2025-09-17,22:40,401697180,401697180,58,ESPN BET,Detroit Tigers,Cleveland Guardians,DET,CLE,-145.0,120.0,close,close,0.0,1.5,7.5,-125.0,105.0,2
2025-09-17,22:45,401697181,401697181,58,ESPN BET,Boston Red Sox,Athletics,BOS,ATH,-165.0,140.0,close,close,0.0,1.5,9.5,110.0,-130.0,2
2025-09-17,23:05,401697183,401697183,58,ESPN BET,Tampa Bay Rays,Toronto Blue Jays,TB,TOR,110.0,-130.0,close,close,0.0,-1.5,7.5,110.0,-130.0,2
2025-09-17,23:10,401697182,401697182,58,ESPN BET,New York Mets,San Diego Padres,NYM,SD,-135.0,115.0,close,close,0.0,1.5,7.5,105.0,-125.0,2
2025-09-17,23:40,401697184,401697184,58,ESPN BET,Milwaukee Brewers,Los Angeles Angels,MIL,LAA,-235.0,195.0,close,close,0.0,1.5,7.5,-115.0,-105.0,2
2025-09-17,23:40,401697187,401697187,58,ESPN BET,Minnesota Twins,New York Yankees,MIN,NYY,130.0,-155.0,close,close,0.0,-1.5,9.5,100.0,-120.0,2
2025-09-17,23:40,401697188,401697188,58,ESPN BET,Kansas City Royals,Seattle Mariners,KC,SEA,-125.0,105.0,close,close,0.0,-1.5,8.5,-120.0,100.0,2
2025-09-17,00:10,401697189,401697189,58,ESPN BET,Houston Astros,Texas Rangers,HOU,TEX,125.0,-150.0,close,close,0.0,-1.5,7.5,-110.0,-110.0,2
2025-09-17,00:40,401697190,401697190,58,ESPN BET,Colorado Rockies,Miami Marlins,COL,MIA,130.0,-155.0,close,close,0.0,-1.5,10.5,-110.0,-110.0,2
2025-09-17,02:10,401697191,401697191,58,ESPN BET,Los Angeles Dodgers,Philadelphia Phillies,LAD,PHI,-150.0,125.0,close,close,0.0,1.5,7.5,-120.0,100.0,2
2025-09-18,17:10,401697194,401697194,58,ESPN BET,Detroit Tigers,Cleveland Guardians,DET,CLE,-235.0,195.0,close,close,0.0,1.5,7.5,120.0,-145.0,2
2025-09-18,17:10,401697197,401697197,58,ESPN BET,New York Mets,San Diego Padres,NYM,SD,-145.0,120.0,close,close,0.0,1.5,9.5,110.0,-130.0,2
2025-09-18,17:10,401697198,401697198,58,ESPN BET,Tampa Bay Rays,Toronto Blue Jays,TB,TOR,105.0,-125.0,close,close,0.0,-1.5,7.5,-110.0,-110.0,2
2025-09-18,17:35,401697196,401697196,58,ESPN BET,Boston Red Sox,Athletics,BOS,ATH,-150.0,125.0,close,close,0.0,1.5,9.5,115.0,-135.0,2
2025-09-18,18:10,401697200,401697200,58,ESPN BET,Kansas City Royals,Seattle Mariners,KC,SEA,100.0,-120.0,close,close,0.0,-1.5,9.5,110.0,-130.0,2
2025-09-18,19:10,401697201,401697201,58,ESPN BET,Colorado Rockies,Miami Marlins,COL,MIA,145.0,-175.0,close,close,0.0,-1.5,9.5,-120.0,100.0,2
2025-09-18,23:15,401697193,401697193,58,ESPN BET,Cincinnati Reds,Chicago Cubs,CIN,CHC,-150.0,125.0,close,close,0.0,1.5,8.5,-115.0,-105.0,2
2025-09-18,23:15,401697195,401697195,58,ESPN BET,Baltimore Orioles,New York Yankees,BAL,NYY,175.0,-210.0,close,close,0.0,-1.5,8.5,-125.0,105.0,2
2025-09-18,23:40,401697199,401697199,58,ESPN BET,Milwaukee Brewers,Los Angeles Angels,MIL,LAA,-240.0,200.0,close,close,0.0,1.5,7.5,-125.0,105.0,2
2025-09-18,02:10,401697202,401697202,58,ESPN BET,Los Angeles Dodgers,San Francisco Giants,LAD,SF,-175.0,145.0,close,close,0.0,1.5,7.5,-110.0,-110.0,2
2025-09-19,22:40,401697203,401697203,58,ESPN BET,Detroit Tigers,Atlanta Braves,DET,ATL,-120.0,100.0,close,close,0.0,-1.5,9.5,110.0,-130.0,2
2025-09-19,22:40,401697205,401697205,58,ESPN BET,Cincinnati Reds,Chicago Cubs,CIN,CHC,-105.0,-115.0,close,close,0.0,-1.5,8.5,105.0,-125.0,2
2025-09-19,22:40,401697207,401697207,58,ESPN BET,Pittsburgh Pirates,Athletics,PIT,ATH,-110.0,-110.0,close,close,0.0,-1.5,8.5,-115.0,-105.0,2
2025-09-19,23:05,401697206,401697206,58,ESPN BET,Baltimore Orioles,New York Yankees,BAL,NYY,-105.0,-115.0,close,close,0.0,-1.5,8.5,-135.0,115.0,2
2025-09-19,23:10,401697208,401697208,58,ESPN BET,New York Mets,Washington Nationals,NYM,WSH,-235.0,195.0,close,close,0.0,1.5,8.5,-120.0,100.0,2
2025-09-19,23:35,401697204,401697204,58,ESPN BET,Tampa Bay Rays,Boston Red Sox,TB,BOS,120.0,-145.0,close,close,0.0,-1.5,6.5,-105.0,-115.0,2
2025-09-19,23:40,401697212,401697212,58,ESPN BET,Chicago White Sox,San Diego Padres,CHW,SD,155.0,-185.0,close,close,0.0,-1.5,8.5,-105.0,-115.0,2
2025-09-19,23:40,401697214,401697214,58,ESPN BET,Kansas City Royals,Toronto Blue Jays,KC,TOR,120.0,-145.0,close,close,0.0,-1.5,8.5,-130.0,110.0,2
2025-09-19,00:05,401697210,401697210,58,ESPN BET,Texas Rangers,Miami Marlins,TEX,MIA,-150.0,125.0,close,close,0.0,1.5,7.5,-130.0,110.0,2
2025-09-19,00:10,401697209,401697209,58,ESPN BET,Minnesota Twins,Cleveland Guardians,MIN,CLE,-105.0,-115.0,close,close,0.0,-1.5,7.5,-125.0,105.0,2
2025-09-19,00:10,401697213,401697213,58,ESPN BET,Houston Astros,Seattle Mariners,HOU,SEA,-110.0,-110.0,close,close,0.0,-1.5,7.5,100.0,-120.0,2
2025-09-19,00:10,401697215,401697215,58,ESPN BET,Colorado Rockies,Los Angeles Angels,COL,LAA,100.0,-120.0,close,close,0.0,-1.5,11.5,-125.0,105.0,2
2025-09-19,00:15,401697211,401697211,58,ESPN BET,St. Louis Cardinals,Milwaukee Brewers,STL,MIL,105.0,-125.0,close,close,0.0,-1.5,7.5,-110.0,-110.0,2
2025-09-19,01:40,401697216,401697216,58,ESPN BET,Arizona Diamondbacks,Philadelphia Phillies,ARI,PHI,-130.0,110.0,close,close,0.0,1.5,9.5,105.0,-125.0,2
2025-09-19,02:10,401697217,401697217,58,ESPN BET,Los Angeles Dodgers,San Francisco Giants,LAD,SF,-185.0,155.0,close,close,0.0,1.5,8.5,-135.0,115.0,2
2025-09-20,17:10,401697218,401697218,58,ESPN BET,Detroit Tigers,Atlanta Braves,DET,ATL,-115.0,-105.0,close,close,0.0,-1.5,8.5,-130.0,110.0,2
2025-09-20,18:10,401697224,401697224,58,ESPN BET,Minnesota Twins,Cleveland Guardians,MIN,CLE,-125.0,105.0,close,close,0.0,1.5,7.5,-125.0,105.0,2
2025-09-20,20:10,401697223,401697223,58,ESPN BET,New York Mets,Washington Nationals,NYM,WSH,-285.0,230.0,close,close,0.0,1.5,8.5,-105.0,-115.0,2
2025-09-20,22:40,401697220,401697220,58,ESPN BET,Cincinnati Reds,Chicago Cubs,CIN,CHC,-115.0,-105.0,close,close,0.0,-1.5,8.5,-135.0,115.0,2
2025-09-20,22:40,401697222,401697222,58,ESPN BET,Pittsburgh Pirates,Athletics,PIT,ATH,-105.0,-115.0,close,close,0.0,-1.5,7.5,-130.0,110.0,2
2025-09-20,23:05,401697219,401697219,58,ESPN BET,Tampa Bay Rays,Boston Red Sox,TB,BOS,-115.0,-105.0,close,close,0.0,-1.5,8.5,110.0,-130.0,2
2025-09-20,23:05,401697221,401697221,58,ESPN BET,Baltimore Orioles,New York Yankees,BAL,NYY,160.0,-190.0,close,close,0.0,-1.5,8.5,-135.0,115.0,2
2025-09-20,23:05,401697225,401697225,58,ESPN BET,Texas Rangers,Miami Marlins,TEX,MIA,-145.0,120.0,close,close,0.0,1.5,8.5,-105.0,-115.0,2
2025-09-20,23:10,401697227,401697227,58,ESPN BET,Chicago White Sox,San Diego Padres,CHW,SD,150.0,-180.0,close,close,0.0,-1.5,8.5,100.0,-120.0,2
2025-09-20,23:10,401697228,401697228,58,ESPN BET,Houston Astros,Seattle Mariners,HOU,SEA,-110.0,-115.0,close,close,0.0,-1.5,7.5,-115.0,-105.0,2
2025-09-20,23:10,401697229,401697229,58,ESPN BET,Kansas City Royals,Toronto Blue Jays,KC,TOR,115.0,-135.0,close,close,0.0,-1.5,8.5,100.0,-120.0,2
2025-09-20,23:10,401774634,401774634,58,ESPN BET,Minnesota Twins,Cleveland Guardians,MIN,CLE,100.0,-120.0,close,close,0.0,-1.5,8.5,-120.0,100.0,2
2025-09-20,23:15,401697226,401697226,58,ESPN BET,St. Louis Cardinals,Milwaukee Brewers,STL,MIL,125.0,-150.0,close,close,0.0,-1.5,8.5,-120.0,100.0,2
2025-09-20,00:10,401697230,401697230,58,ESPN BET,Colorado Rockies,Los Angeles Angels,COL,LAA,105.0,-125.0,close,close,0.0,-1.5,11.5,-115.0,-105.0,2
2025-09-20,00:10,401697231,401697231,58,ESPN BET,Arizona Diamondbacks,Philadelphia Phillies,ARI,PHI,-115.0,-105.0,close,close,0.0,-1.5,9.5,115.0,-135.0,2
2025-09-20,01:10,401697232,401697232,58,ESPN BET,Los Angeles Dodgers,San Francisco Giants,LAD,SF,-240.0,200.0,close,close,0.0,1.5,8.5,-120.0,100.0,2
2025-09-21,17:10,401697233,401697233,58,ESPN BET,Detroit Tigers,Atlanta Braves,DET,ATL,-120.0,100.0,close,close,0.0,-1.5,8.5,-120.0,100.0,2
2025-09-21,17:35,401697236,401697236,58,ESPN BET,Baltimore Orioles,New York Yankees,BAL,NYY,115.0,-135.0,close,close,0.0,-1.5,8.5,-105.0,-115.0,2
2025-09-21,17:35,401697237,401697237,58,ESPN BET,Pittsburgh Pirates,Athletics,PIT,ATH,-120.0,100.0,close,close,0.0,-1.5,8.5,-110.0,-110.0,2
2025-09-21,17:40,401697235,401697235,58,ESPN BET,Cincinnati Reds,Chicago Cubs,CIN,CHC,-125.0,105.0,close,close,0.0,-1.5,8.5,-125.0,105.0,2
2025-09-21,17:40,401697238,401697238,58,ESPN BET,New York Mets,Washington Nationals,NYM,WSH,-300.0,240.0,close,close,0.0,1.5,8.5,-115.0,-105.0,2
2025-09-21,18:10,401697239,401697239,58,ESPN BET,Minnesota Twins,Cleveland Guardians,MIN,CLE,120.0,-145.0,close,close,0.0,-1.5,8.5,-120.0,100.0,2
2025-09-21,18:10,401697242,401697242,58,ESPN BET,Chicago White Sox,San Diego Padres,CHW,SD,150.0,-180.0,close,close,0.0,-1.5,8.5,100.0,-120.0,2
2025-09-21,18:10,401697244,401697244,58,ESPN BET,Kansas City Royals,Toronto Blue Jays,KC,TOR,105.0,-125.0,close,close,0.0,-1.5,8.5,-115.0,-105.0,2
2025-09-21,18:15,401697241,401697241,58,ESPN BET,St. Louis Cardinals,Milwaukee Brewers,STL,MIL,115.0,-135.0,close,close,0.0,-1.5,8.5,-110.0,-110.0,2
2025-09-21,18:35,401697240,401697240,58,ESPN BET,Texas Rangers,Miami Marlins,TEX,MIA,-125.0,105.0,close,close,0.0,1.5,7.5,105.0,-125.0,2
2025-09-21,19:10,401697245,401697245,58,ESPN BET,Colorado Rockies,Los Angeles Angels,COL,LAA,-115.0,-105.0,close,close,0.0,-1.5,11.5,100.0,-120.0,2
2025-09-21,20:10,401697246,401697246,58,ESPN BET,Arizona Diamondbacks,Philadelphia Phillies,ARI,PHI,105.0,-125.0,close,close,0.0,-1.5,8.5,-120.0,100.0,2
2025-09-21,20:10,401697247,401697247,58,ESPN BET,Los Angeles Dodgers,San Francisco Giants,LAD,SF,-215.0,180.0,close,close,0.0,1.5,9.5,110.0,-130.0,2
2025-09-21,23:00,401697243,401697243,58,ESPN BET,Houston Astros,Seattle Mariners,HOU,SEA,130.0,-155.0,close,close,0.0,-1.5,8.5,-110.0,-110.0,2
2025-09-21,23:35,401697234,401697234,58,ESPN BET,Tampa Bay Rays,Boston Red Sox,TB,BOS,110.0,-130.0,close,close,0.0,-1.5,7.5,-105.0,-115.0,2
2025-09-22,23:15,401697248,401697248,58,ESPN BET,Atlanta Braves,Washington Nationals,ATL,WSH,-275.0,220.0,close,close,0.0,1.5,7.5,105.0,-125.0,2
2025-09-22,01:40,401697249,401697249,58,ESPN BET,San Diego Padres,Milwaukee Brewers,SD,MIL,-110.0,-110.0,close,close,0.0,-1.5,6.5,-120.0,100.0,2
2025-09-22,01:45,401697250,401697250,58,ESPN BET,San Francisco Giants,St. Louis Cardinals,SF,STL,-155.0,130.0,close,close,0.0,1.5,7.5,-115.0,-105.0,2
2025-09-23,22:35,401697256,401697256,58,ESPN BET,Baltimore Orioles,Tampa Bay Rays,BAL,TB,-110.0,-110.0,close,close,0.0,-1.5,8.5,-110.0,-110.0,2
2025-09-23,22:40,401697253,401697253,58,ESPN BET,Cleveland Guardians,Detroit Tigers,CLE,DET,135.0,-160.0,close,close,0.0,-1.5,6.5,-120.0,100.0,2
2025-09-23,22:40,401697255,401697255,58,ESPN BET,Cincinnati Reds,Pittsburgh Pirates,CIN,PIT,-175.0,145.0,close,close,0.0,1.5,8.5,110.0,-130.0,2
2025-09-23,22:45,401697254,401697254,58,ESPN BET,Philadelphia Phillies,Miami Marlins,PHI,MIA,-205.0,170.0,close,close,0.0,1.5,7.5,-115.0,-105.0,2
2025-09-23,23:05,401697252,401697252,58,ESPN BET,New York Yankees,Chicago White Sox,NYY,CHW,-235.0,195.0,close,close,0.0,1.5,8.5,-115.0,-105.0,2
2025-09-23,23:07,401697251,401697251,58,ESPN BET,Toronto Blue Jays,Boston Red Sox,TOR,BOS,-160.0,135.0,close,close,0.0,1.5,7.5,-125.0,105.0,2
2025-09-23,23:15,401697257,401697257,58,ESPN BET,Atlanta Braves,Washington Nationals,ATL,WSH,-190.0,160.0,close,close,0.0,1.5,8.5,-135.0,115.0,2
2025-09-23,23:40,401697259,401697259,58,ESPN BET,Chicago Cubs,New York Mets,CHC,NYM,-110.0,-110.0,close,close,0.0,-1.5,7.5,110.0,-130.0,2
2025-09-23,00:05,401697258,401697258,58,ESPN BET,Texas Rangers,Minnesota Twins,TEX,MIN,-145.0,120.0,close,close,0.0,1.5,8.5,110.0,-130.0,2
2025-09-23,01:38,401697262,401697262,58,ESPN BET,Los Angeles Angels,Kansas City Royals,LAA,KC,140.0,-165.0,close,close,0.0,-1.5,9.5,110.0,-130.0,2
2025-09-23,01:40,401697260,401697260,58,ESPN BET,Seattle Mariners,Colorado Rockies,SEA,COL,-310.0,250.0,close,close,0.0,1.5,8.5,110.0,-130.0,2
2025-09-23,01:40,401697263,401697263,58,ESPN BET,Arizona Diamondbacks,Los Angeles Dodgers,ARI,LAD,135.0,-160.0,close,close,0.0,-1.5,8.5,-130.0,110.0,2
2025-09-23,01:40,401697264,401697264,58,ESPN BET,San Diego Padres,Milwaukee Brewers,SD,MIL,105.0,-125.0,close,close,0.0,-1.5,8.5,105.0,-125.0,2
2025-09-23,01:45,401697265,401697265,58,ESPN BET,San Francisco Giants,St. Louis Cardinals,SF,STL,-205.0,165.0,close,close,0.0,1.5,7.5,-110.0,-110.0,2
2025-09-23,02:05,401764594,401764594,58,ESPN BET,Athletics,Houston Astros,ATH,HOU,-115.0,-105.0,close,close,0.0,-1.5,10.5,110.0,-130.0,2
2025-09-24,16:15,401697272,401697272,58,ESPN BET,Atlanta Braves,Washington Nationals,ATL,WSH,-185.0,155.0,close,close,0.0,1.5,9.5,105.0,-125.0,2
2025-09-24,20:10,401697279,401697279,58,ESPN BET,San Diego Padres,Milwaukee Brewers,SD,MIL,-145.0,120.0,close,close,0.0,1.5,7.5,-105.0,-115.0,2
2025-09-24,22:35,401697271,401697271,58,ESPN BET,Baltimore Orioles,Tampa Bay Rays,BAL,TB,-125.0,105.0,close,close,0.0,1.5,7.5,-125.0,105.0,2
2025-09-24,22:40,401697268,401697268,58,ESPN BET,Cleveland Guardians,Detroit Tigers,CLE,DET,-150.0,125.0,close,close,0.0,1.5,7.5,-110.0,-110.0,2
2025-09-24,22:40,401697270,401697270,58,ESPN BET,Cincinnati Reds,Pittsburgh Pirates,CIN,PIT,-130.0,110.0,close,close,0.0,1.5,6.5,-145.0,120.0,2
2025-09-24,22:45,401697269,401697269,58,ESPN BET,Philadelphia Phillies,Miami Marlins,PHI,MIA,-165.0,140.0,close,close,0.0,1.5,7.5,-120.0,100.0,2
2025-09-24,23:05,401697267,401697267,58,ESPN BET,New York Yankees,Chicago White Sox,NYY,CHW,-375.0,295.0,close,close,0.0,2.5,8.5,105.0,-125.0,2
2025-09-24,23:07,401697266,401697266,58,ESPN BET,Toronto Blue Jays,Boston Red Sox,TOR,BOS,110.0,-130.0,close,close,0.0,-1.5,7.5,105.0,-125.0,2
2025-09-24,00:05,401697273,401697273,58,ESPN BET,Texas Rangers,Minnesota Twins,TEX,MIN,-180.0,150.0,close,close,0.0,1.5,7.5,105.0,-125.0,2
2025-09-24,00:05,401697274,401697274,58,ESPN BET,Chicago Cubs,New York Mets,CHC,NYM,-115.0,-105.0,close,close,0.0,-1.5,7.5,115.0,-135.0,2
2025-09-24,01:38,401697277,401697277,58,ESPN BET,Los Angeles Angels,Kansas City Royals,LAA,KC,-105.0,-115.0,close,close,0.0,-1.5,8.5,100.0,-120.0,2
2025-09-24,01:40,401697275,401697275,58,ESPN BET,Seattle Mariners,Colorado Rockies,SEA,COL,-310.0,250.0,close,close,0.0,1.5,7.5,-105.0,-115.0,2
2025-09-24,01:40,401697278,401697278,58,ESPN BET,Arizona Diamondbacks,Los Angeles Dodgers,ARI,LAD,120.0,-145.0,close,close,0.0,-1.5,8.5,-110.0,-110.0,2
2025-09-24,01:45,401697280,401697280,58,ESPN BET,San Francisco Giants,St. Louis Cardinals,SF,STL,100.0,-120.0,close,close,0.0,-1.5,7.5,-110.0,-110.0,2
2025-09-24,02:05,401764595,401764595,58,ESPN BET,Athletics,Houston Astros,ATH,HOU,115.0,-135.0,close,close,0.0,-1.5,9.5,105.0,-125.0,2
2025-09-25,16:40,401697285,401697285,58,ESPN BET,Cincinnati Reds,Pittsburgh Pirates,CIN,PIT,-165.0,140.0,close,close,0.0,1.5,7.5,-110.0,-110.0,2
2025-09-25,17:05,401697286,401697286,58,ESPN BET,Baltimore Orioles,Tampa Bay Rays,BAL,TB,-105.0,-115.0,close,close,0.0,-1.5,8.5,100.0,-120.0,2
2025-09-25,18:35,401697287,401697287,58,ESPN BET,Texas Rangers,Minnesota Twins,TEX,MIN,-150.0,125.0,close,close,0.0,1.5,8.5,110.0,-130.0,2
2025-09-25,19:35,401764596,401764596,58,ESPN BET,Athletics,Houston Astros,ATH,HOU,-105.0,-115.0,close,close,0.0,-1.5,9.5,100.0,-120.0,2
2025-09-25,19:40,401697292,401697292,58,ESPN BET,Arizona Diamondbacks,Los Angeles Dodgers,ARI,LAD,140.0,-165.0,close,close,0.0,-1.5,8.5,-105.0,-115.0,2
2025-09-25,22:05,401697284,401697284,58,ESPN BET,Philadelphia Phillies,Miami Marlins,PHI,MIA,-160.0,135.0,close,close,0.0,1.5,9.5,100.0,-120.0,2
2025-09-25,22:40,401697283,401697283,58,ESPN BET,Cleveland Guardians,Detroit Tigers,CLE,DET,-160.0,135.0,close,close,0.0,1.5,7.5,-105.0,-115.0,2
2025-09-25,23:05,401697282,401697282,58,ESPN BET,New York Yankees,Chicago White Sox,NYY,CHW,-320.0,255.0,close,close,0.0,2.5,8.5,-120.0,100.0,2
2025-09-25,23:07,401697281,401697281,58,ESPN BET,Toronto Blue Jays,Boston Red Sox,TOR,BOS,-145.0,120.0,close,close,0.0,1.5,7.5,-120.0,100.0,2
2025-09-25,23:40,401697288,401697288,58,ESPN BET,Chicago Cubs,New York Mets,CHC,NYM,100.0,-120.0,close,close,0.0,-1.5,7.5,-115.0,-105.0,2
2025-09-25,01:38,401697291,401697291,58,ESPN BET,Los Angeles Angels,Kansas City Royals,LAA,KC,115.0,-135.0,close,close,0.0,-1.5,9.5,105.0,-125.0,2
2025-09-25,01:40,401697289,401697289,58,ESPN BET,Seattle Mariners,Colorado Rockies,SEA,COL,-310.0,250.0,close,close,0.0,1.5,7.5,-115.0,-105.0,2
2025-09-26,18:20,401697302,401697302,58,ESPN BET,Chicago Cubs,St. Louis Cardinals,CHC,STL,-185.0,155.0,close,close,0.0,1.5,8.5,-130.0,110.0,2
2025-09-26,22:45,401697294,401697294,58,ESPN BET,Washington Nationals,Chicago White Sox,WSH,CHW,-130.0,110.0,close,close,0.0,1.5,8.5,-120.0,100.0,2
2025-09-26,22:45,401697296,401697296,58,ESPN BET,Philadelphia Phillies,Minnesota Twins,PHI,MIN,-150.0,125.0,close,close,0.0,1.5,8.5,100.0,-120.0,2
2025-09-26,23:05,401697293,401697293,58,ESPN BET,New York Yankees,Baltimore Orioles,NYY,BAL,-145.0,120.0,close,close,0.0,1.5,8.5,-105.0,-115.0,2
2025-09-26,23:07,401697299,401697299,58,ESPN BET,Toronto Blue Jays,Tampa Bay Rays,TOR,TB,-185.0,155.0,close,close,0.0,1.5,7.5,-120.0,100.0,2
2025-09-26,23:10,401697295,401697295,58,ESPN BET,Boston Red Sox,Detroit Tigers,BOS,DET,-125.0,105.0,close,close,0.0,1.5,8.5,-135.0,115.0,2
2025-09-26,23:10,401697297,401697297,58,ESPN BET,Miami Marlins,New York Mets,MIA,NYM,120.0,-145.0,close,close,0.0,-1.5,8.5,-110.0,-110.0,2
2025-09-26,23:10,401697300,401697300,58,ESPN BET,Cleveland Guardians,Texas Rangers,CLE,TEX,-160.0,135.0,close,close,0.0,1.5,7.5,100.0,-120.0,2
2025-09-26,23:15,401697298,401697298,58,ESPN BET,Atlanta Braves,Pittsburgh Pirates,ATL,PIT,-160.0,135.0,close,close,0.0,1.5,8.5,-120.0,100.0,2
2025-09-26,00:10,401697301,401697301,58,ESPN BET,Milwaukee Brewers,Cincinnati Reds,MIL,CIN,-165.0,140.0,close,close,0.0,1.5,7.5,-130.0,110.0,2
2025-09-26,01:38,401697305,401697305,58,ESPN BET,Los Angeles Angels,Houston Astros,LAA,HOU,115.0,-135.0,close,close,0.0,-1.5,8.5,-135.0,115.0,2
2025-09-26,01:40,401697303,401697303,58,ESPN BET,San Diego Padres,Arizona Diamondbacks,SD,ARI,-130.0,110.0,close,close,0.0,1.5,7.5,-115.0,-105.0,2
2025-09-26,01:40,401697307,401697307,58,ESPN BET,Seattle Mariners,Los Angeles Dodgers,SEA,LAD,-145.0,120.0,close,close,0.0,1.5,6.5,-135.0,115.0,2
2025-09-26,02:05,401764597,401764597,58,ESPN BET,Athletics,Kansas City Royals,ATH,KC,110.0,-130.0,close,close,0.0,-1.5,10.5,-110.0,-110.0,2
2025-09-26,02:15,401697304,401697304,58,ESPN BET,San Francisco Giants,Colorado Rockies,SF,COL,-250.0,205.0,close,close,0.0,1.5,8.5,-110.0,-110.0,2
2025-09-27,17:05,401697308,401697308,58,ESPN BET,New York Yankees,Baltimore Orioles,NYY,BAL,-235.0,195.0,close,close,0.0,1.5,8.5,-130.0,110.0,2
2025-09-27,18:20,401697317,401697317,58,ESPN BET,Chicago Cubs,St. Louis Cardinals,CHC,STL,-180.0,150.0,close,close,0.0,1.5,9.5,-105.0,-115.0,2
2025-09-27,19:07,401697314,401697314,58,ESPN BET,Toronto Blue Jays,Tampa Bay Rays,TOR,TB,-175.0,145.0,close,close,0.0,1.5,8.5,-110.0,-110.0,2
2025-09-27,20:05,401697309,401697309,58,ESPN BET,Washington Nationals,Chicago White Sox,WSH,CHW,-115.0,-105.0,close,close,0.0,-1.5,8.5,-115.0,-105.0,2
2025-09-27,20:05,401697319,401697319,58,ESPN BET,San Francisco Giants,Colorado Rockies,SF,COL,-240.0,200.0,close,close,0.0,1.5,7.5,-130.0,110.0,2
2025-09-27,20:10,401697310,401697310,58,ESPN BET,Boston Red Sox,Detroit Tigers,BOS,DET,-120.0,100.0,close,close,0.0,-1.5,8.5,-110.0,-110.0,2
2025-09-27,20:10,401697312,401697312,58,ESPN BET,Miami Marlins,New York Mets,MIA,NYM,120.0,-145.0,close,close,0.0,-1.5,7.5,-125.0,105.0,2
2025-09-27,22:05,401697311,401697311,58,ESPN BET,Philadelphia Phillies,Minnesota Twins,PHI,MIN,-225.0,185.0,close,close,0.0,1.5,8.5,-115.0,-105.0,2
2025-09-27,23:15,401697313,401697313,58,ESPN BET,Atlanta Braves,Pittsburgh Pirates,ATL,PIT,-175.0,145.0,close,close,0.0,1.5,8.5,-105.0,-115.0,2
2025-09-27,23:15,401697315,401697315,58,ESPN BET,Cleveland Guardians,Texas Rangers,CLE,TEX,-155.0,130.0,close,close,0.0,1.5,6.5,-135.0,115.0,2
2025-09-27,23:15,401697316,401697316,58,ESPN BET,Milwaukee Brewers,Cincinnati Reds,MIL,CIN,-135.0,115.0,close,close,0.0,1.5,8.5,105.0,-125.0,2
2025-09-27,00:40,401697318,401697318,58,ESPN BET,San Diego Padres,Arizona Diamondbacks,SD,ARI,-165.0,135.0,close,close,0.0,1.5,7.5,-105.0,-115.0,2
2025-09-27,01:38,401697320,401697320,58,ESPN BET,Los Angeles Angels,Houston Astros,LAA,HOU,125.0,-150.0,close,close,0.0,-1.5,8.5,-130.0,110.0,2
2025-09-27,01:40,401697322,401697322,58,ESPN BET,Seattle Mariners,Los Angeles Dodgers,SEA,LAD,-135.0,115.0,close,close,0.0,1.5,6.5,-130.0,110.0,2
2025-09-27,02:05,401764598,401764598,58,ESPN BET,Athletics,Kansas City Royals,ATH,KC,-120.0,100.0,close,close,0.0,-1.5,10.5,105.0,-125.0,2
2025-09-28,19:05,401697323,401697323,58,ESPN BET,New York Yankees,Baltimore Orioles,NYY,BAL,-180.0,150.0,close,close,0.0,1.5,8.5,-135.0,115.0,2
2025-09-28,19:05,401697324,401697324,58,ESPN BET,Washington Nationals,Chicago White Sox,WSH,CHW,-120.0,100.0,close,close,0.0,-1.5,8.5,100.0,-120.0,2
2025-09-28,19:05,401697325,401697325,58,ESPN BET,Boston Red Sox,Detroit Tigers,BOS,DET,-105.0,-115.0,close,close,0.0,-1.5,9.5,110.0,-130.0,2
2025-09-28,19:05,401697326,401697326,58,ESPN BET,Philadelphia Phillies,Minnesota Twins,PHI,MIN,-250.0,205.0,close,close,0.0,1.5,8.5,100.0,-120.0,2
2025-09-28,19:05,401697334,401697334,58,ESPN BET,San Francisco Giants,Colorado Rockies,SF,COL,-310.0,250.0,close,close,0.0,1.5,7.5,-120.0,100.0,2
2025-09-28,19:05,401764599,401764599,58,ESPN BET,Athletics,Kansas City Royals,ATH,KC,130.0,-155.0,close,close,0.0,-1.5,9.5,100.0,-120.0,2
2025-09-28,19:07,401697329,401697329,58,ESPN BET,Toronto Blue Jays,Tampa Bay Rays,TOR,TB,-205.0,170.0,close,close,0.0,1.5,7.5,-105.0,-115.0,2
2025-09-28,19:07,401697335,401697335,58,ESPN BET,Los Angeles Angels,Houston Astros,LAA,HOU,100.0,-120.0,close,close,0.0,-1.5,9.5,115.0,-135.0,2
2025-09-28,19:10,401697327,401697327,58,ESPN BET,Miami Marlins,New York Mets,MIA,NYM,120.0,-145.0,close,close,0.0,-1.5,8.5,100.0,-120.0,2
2025-09-28,19:10,401697330,401697330,58,ESPN BET,Cleveland Guardians,Texas Rangers,CLE,TEX,-145.0,120.0,close,close,0.0,1.5,7.5,-105.0,-115.0,2
2025-09-28,19:10,401697331,401697331,58,ESPN BET,Milwaukee Brewers,Cincinnati Reds,MIL,CIN,-135.0,115.0,close,close,0.0,1.5,7.5,-110.0,-110.0,2
2025-09-28,19:10,401697333,401697333,58,ESPN BET,San Diego Padres,Arizona Diamondbacks,SD,ARI,-135.0,115.0,close,close,0.0,1.5,7.5,-130.0,110.0,2
2025-09-28,19:10,401697337,401697337,58,ESPN BET,Seattle Mariners,Los Angeles Dodgers,SEA,LAD,115.0,-135.0,close,close,0.0,-1.5,7.5,-125.0,105.0,2
2025-09-28,19:15,401697328,401697328,58,ESPN BET,Atlanta Braves,Pittsburgh Pirates,ATL,PIT,-185.0,155.0,close,close,0.0,1.5,8.5,110.0,-130.0,2
2025-09-28,19:20,401697332,401697332,58,ESPN BET,Chicago Cubs,St. Louis Cardinals,CHC,STL,-145.0,120.0,close,close,0.0,1.5,7.5,100.0,-120.0,2
2025-09-30,17:00,401809251,401809251,58,ESPN BET,Cleveland Guardians,Detroit Tigers,CLE,DET,140.0,-165.0,close,close,0.0,-1.5,6.5,115.0,-135.0,2
2025-09-30,19:00,401809260,401809260,58,ESPN BET,Chicago Cubs,San Diego Padres,CHC,SD,-135.0,115.0,close,close,0.0,-1.5,6.5,-120.0,100.0,2
2025-09-30,22:00,401809254,401809254,58,ESPN BET,New York Yankees,Boston Red Sox,NYY,BOS,-135.0,115.0,close,close,0.0,1.5,6.5,-120.0,100.0,2
2025-09-30,01:00,401809257,401809257,58,ESPN BET,Los Angeles Dodgers,Cincinnati Reds,LAD,CIN,-190.0,160.0,close,close,0.0,1.5,7.5,115.0,-135.0,2
2025-10-01,17:00,401809252,401809252,58,ESPN BET,Cleveland Guardians,Detroit Tigers,CLE,DET,-135.0,115.0,close,close,0.0,1.5,6.5,-130.0,110.0,2
2025-10-01,19:00,401809261,401809261,58,ESPN BET,Chicago Cubs,San Diego Padres,CHC,SD,-115.0,-105.0,close,close,0.0,-1.5,6.5,-110.0,-110.0,2
2025-10-01,22:00,401809255,401809255,58,ESPN BET,New York Yankees,Boston Red Sox,NYY,BOS,-200.0,165.0,close,close,0.0,1.5,7.5,-110.0,-110.0,2
2025-10-01,01:00,401809258,401809258,58,ESPN BET,Los Angeles Dodgers,Cincinnati Reds,LAD,CIN,-275.0,225.0,close,close,0.0,1.5,7.5,-125.0,105.0,2
2026-03-25,00:05,401814702,401814702,100,DraftKings,San Francisco Giants,New York Yankees,SF,NYY,104.0,-126.0,close,close,0.0,-1.5,7.0,-118.0,-102.0,1
2026-03-26,17:15,401814693,401814693,100,DraftKings,New York Mets,Pittsburgh Pirates,NYM,PIT,-126.0,104.0,close,close,0.0,-1.5,7.0,-115.0,-105.0,1
2026-03-26,18:10,401814696,401814696,100,DraftKings,Milwaukee Brewers,Chicago White Sox,MIL,CHW,-199.0,163.0,close,close,0.0,1.5,7.5,-118.0,-102.0,1
2026-03-26,18:20,401814698,401814698,100,DraftKings,Chicago Cubs,Washington Nationals,CHC,WSH,-207.0,169.0,close,close,0.0,1.5,7.0,102.0,-122.0,1
2026-03-26,19:05,401814692,401814692,100,DraftKings,Baltimore Orioles,Minnesota Twins,BAL,MIN,-145.0,120.0,close,close,0.0,1.5,8.5,-110.0,-110.0,1
2026-03-26,20:10,401814689,401814689,100,DraftKings,Cincinnati Reds,Boston Red Sox,CIN,BOS,135.0,-163.0,close,close,0.0,-1.5,8.0,-115.0,-105.0,1
2026-03-26,20:10,401814695,401814695,100,DraftKings,Houston Astros,Los Angeles Angels,HOU,LAA,-186.0,153.0,close,close,0.0,1.5,8.0,-115.0,-105.0,1
2026-03-26,20:10,401814701,401814701,100,DraftKings,San Diego Padres,Detroit Tigers,SD,DET,104.0,-126.0,close,close,0.0,-1.5,7.0,-112.0,-108.0,1
2026-03-26,20:15,401814694,401814694,100,DraftKings,Philadelphia Phillies,Texas Rangers,PHI,TEX,-175.0,144.0,close,close,0.0,1.5,8.0,-113.0,-107.0,1
2026-03-26,20:15,401814697,401814697,100,DraftKings,St. Louis Cardinals,Tampa Bay Rays,STL,TB,113.0,-136.0,close,close,0.0,-1.5,8.0,-112.0,-108.0,1
2026-03-26,00:30,401814699,401814699,100,DraftKings,Los Angeles Dodgers,Arizona Diamondbacks,LAD,ARI,-286.0,229.0,close,close,0.0,1.5,9.0,-105.0,-115.0,1
2026-03-26,02:10,401814700,401814700,100,DraftKings,Seattle Mariners,Cleveland Guardians,SEA,CLE,-186.0,153.0,close,close,0.0,1.5,6.5,-115.0,-105.0,1
2026-03-27,20:35,401814721,401814721,100,DraftKings,San Francisco Giants,New York Yankees,SF,NYY,113.0,-136.0,close,close,0.0,-1.5,8.5,-112.0,-108.0,1
2026-03-27,23:07,401814688,401814688,100,DraftKings,Toronto Blue Jays,Athletics,TOR,ATH,-169.0,139.0,close,close,0.0,1.5,8.5,-120.0,100.0,1
2026-03-27,23:10,401814690,401814690,100,DraftKings,Miami Marlins,Colorado Rockies,MIA,COL,-199.0,163.0,close,close,0.0,1.5,8.0,-105.0,-115.0,1
2026-03-27,23:15,401814691,401814691,100,DraftKings,Atlanta Braves,Kansas City Royals,ATL,KC,-143.0,119.0,close,close,0.0,1.5,7.5,-115.0,-105.0,1
2026-03-27,00:10,401814703,401814703,100,DraftKings,Houston Astros,Los Angeles Angels,HOU,LAA,-169.0,140.0,close,close,0.0,1.5,8.5,-118.0,-102.0,1
2026-03-27,01:40,401814705,401814705,100,DraftKings,Seattle Mariners,Cleveland Guardians,SEA,CLE,-175.0,144.0,close,close,0.0,1.5,7.0,-102.0,-118.0,1
2026-03-27,01:40,401814706,401814706,100,DraftKings,San Diego Padres,Detroit Tigers,SD,DET,-130.0,108.0,close,close,0.0,1.5,7.5,-105.0,-115.0,1
2026-03-27,02:10,401814704,401814704,100,DraftKings,Los Angeles Dodgers,Arizona Diamondbacks,LAD,ARI,-240.0,194.0,close,close,0.0,1.5,9.0,101.0,-122.0,1
2026-03-28,18:15,401814716,401814716,100,DraftKings,St. Louis Cardinals,Tampa Bay Rays,STL,TB,-105.0,-115.0,close,close,0.0,-1.5,7.5,100.0,-120.0,1
2026-03-28,18:20,401814717,401814717,100,DraftKings,Chicago Cubs,Washington Nationals,CHC,WSH,-252.0,203.0,close,close,0.0,1.5,8.5,-120.0,100.0,1
2026-03-28,19:07,401814707,401814707,100,DraftKings,Toronto Blue Jays,Athletics,TOR,ATH,-199.0,163.0,close,close,0.0,1.5,8.0,-118.0,-102.0,1
2026-03-28,20:05,401814711,401814711,100,DraftKings,Baltimore Orioles,Minnesota Twins,BAL,MIN,-171.0,141.0,close,close,0.0,1.5,7.5,-112.0,-108.0,1
2026-03-28,20:05,401814713,401814713,100,DraftKings,Philadelphia Phillies,Texas Rangers,PHI,TEX,-154.0,128.0,close,close,0.0,1.5,7.5,-110.0,-110.0,1
2026-03-28,20:10,401814708,401814708,100,DraftKings,Cincinnati Reds,Boston Red Sox,CIN,BOS,113.0,-136.0,close,close,0.0,-1.5,7.5,-114.0,-106.0,1
2026-03-28,20:10,401814709,401814709,100,DraftKings,Miami Marlins,Colorado Rockies,MIA,COL,-199.0,163.0,close,close,0.0,1.5,7.5,102.0,-122.0,1
2026-03-28,20:10,401814712,401814712,100,DraftKings,New York Mets,Pittsburgh Pirates,NYM,PIT,-175.0,144.0,close,close,0.0,1.5,7.5,-102.0,-118.0,1
2026-03-28,23:10,401814714,401814714,100,DraftKings,Houston Astros,Los Angeles Angels,HOU,LAA,-136.0,113.0,close,close,0.0,1.5,9.0,102.0,-122.0,1
2026-03-28,23:10,401814715,401814715,100,DraftKings,Milwaukee Brewers,Chicago White Sox,MIL,CHW,-199.0,163.0,close,close,0.0,1.5,8.0,-115.0,-105.0,1
2026-03-28,23:15,401814710,401814710,100,DraftKings,Atlanta Braves,Kansas City Royals,ATL,KC,-149.0,123.0,close,close,0.0,1.5,8.5,-102.0,-118.0,1
2026-03-28,23:15,401814734,401814734,100,DraftKings,San Francisco Giants,New York Yankees,SF,NYY,113.0,-136.0,close,close,0.0,-1.5,8.5,-105.0,-115.0,1
2026-03-28,00:40,401814720,401814720,100,DraftKings,San Diego Padres,Detroit Tigers,SD,DET,-118.0,-102.0,close,close,0.0,-1.5,8.0,-116.0,-104.0,1
2026-03-28,01:10,401814718,401814718,100,DraftKings,Los Angeles Dodgers,Arizona Diamondbacks,LAD,ARI,-252.0,203.0,close,close,0.0,1.5,8.5,-115.0,-105.0,1
2026-03-28,01:40,401814719,401814719,100,DraftKings,Seattle Mariners,Cleveland Guardians,SEA,CLE,-193.0,158.0,close,close,0.0,1.5,7.0,-102.0,-118.0,1
2026-03-29,17:35,401814725,401814725,100,DraftKings,Atlanta Braves,Kansas City Royals,ATL,KC,-153.0,126.0,close,close,0.0,1.5,8.0,-112.0,-108.0,1
2026-03-29,17:35,401814726,401814726,100,DraftKings,Baltimore Orioles,Minnesota Twins,BAL,MIN,-163.0,135.0,close,close,0.0,1.5,9.0,102.0,-122.0,1
2026-03-29,17:35,401814728,401814728,100,DraftKings,Philadelphia Phillies,Texas Rangers,PHI,TEX,-163.0,135.0,close,close,0.0,1.5,8.0,-112.0,-108.0,1
2026-03-29,17:37,401814722,401814722,100,DraftKings,Toronto Blue Jays,Athletics,TOR,ATH,-156.0,129.0,close,close,0.0,1.5,9.0,100.0,-120.0,1
2026-03-29,17:40,401814723,401814723,100,DraftKings,Cincinnati Reds,Boston Red Sox,CIN,BOS,108.0,-130.0,close,close,0.0,-1.5,8.5,-110.0,-110.0,1
2026-03-29,17:40,401814724,401814724,100,DraftKings,Miami Marlins,Colorado Rockies,MIA,COL,-194.0,159.0,close,close,0.0,1.5,8.0,-102.0,-118.0,1
2026-03-29,17:40,401814727,401814727,100,DraftKings,New York Mets,Pittsburgh Pirates,NYM,PIT,-186.0,153.0,close,close,0.0,1.5,7.5,-115.0,-105.0,1
2026-03-29,18:10,401814729,401814729,100,DraftKings,Houston Astros,Los Angeles Angels,HOU,LAA,-175.0,144.0,close,close,0.0,1.5,9.0,-108.0,-112.0,1
2026-03-29,18:10,401814730,401814730,100,DraftKings,Milwaukee Brewers,Chicago White Sox,MIL,CHW,-168.0,139.0,close,close,0.0,1.5,8.0,-108.0,-112.0,1
2026-03-29,18:15,401814731,401814731,100,DraftKings,St. Louis Cardinals,Tampa Bay Rays,STL,TB,102.0,-122.0,close,close,0.0,-1.5,8.0,-102.0,-118.0,1
2026-03-29,18:20,401814732,401814732,100,DraftKings,Chicago Cubs,Washington Nationals,CHC,WSH,-243.0,197.0,close,close,0.0,1.5,9.0,-118.0,-102.0,1
2026-03-29,23:20,401814733,401814733,100,DraftKings,Seattle Mariners,Cleveland Guardians,SEA,CLE,-149.0,123.0,close,close,0.0,1.5,7.5,-108.0,-112.0,1
2026-03-30,20:10,401814743,401814743,100,DraftKings,Kansas City Royals,Minnesota Twins,KC,MIN,-168.0,139.0,close,close,0.0,1.5,10.5,-103.0,-117.0,1
2026-03-30,22:35,401814739,401814739,100,DraftKings,Baltimore Orioles,Texas Rangers,BAL,TEX,-131.0,109.0,close,close,0.0,1.5,9.0,-118.0,-102.0,1
2026-03-30,22:40,401814736,401814736,100,DraftKings,Miami Marlins,Chicago White Sox,MIA,CHW,-149.0,123.0,close,close,0.0,1.5,8.0,-112.0,-108.0,1
2026-03-30,22:40,401814738,401814738,100,DraftKings,Cincinnati Reds,Pittsburgh Pirates,CIN,PIT,-136.0,113.0,close,close,0.0,1.5,8.5,-115.0,-105.0,1
2026-03-30,22:40,401814740,401814740,100,DraftKings,Philadelphia Phillies,Washington Nationals,PHI,WSH,-177.0,146.0,close,close,0.0,1.5,9.0,-115.0,-105.0,1
2026-03-30,23:07,401814737,401814737,100,DraftKings,Toronto Blue Jays,Colorado Rockies,TOR,COL,-293.0,234.0,close,close,0.0,1.5,8.0,-115.0,-105.0,1
2026-03-30,23:15,401814735,401814735,100,DraftKings,Atlanta Braves,Athletics,ATL,ATH,-126.0,104.0,close,close,0.0,1.5,9.0,-102.0,-118.0,1
2026-03-30,23:40,401814741,401814741,100,DraftKings,Chicago Cubs,Los Angeles Angels,CHC,LAA,-194.0,159.0,close,close,0.0,1.5,10.0,-115.0,-105.0,1
2026-03-30,23:40,401814745,401814745,100,DraftKings,Milwaukee Brewers,Tampa Bay Rays,MIL,TB,-163.0,135.0,close,close,0.0,1.5,8.0,-108.0,-112.0,1
2026-03-30,23:45,401814744,401814744,100,DraftKings,St. Louis Cardinals,New York Mets,STL,NYM,129.0,-156.0,close,close,0.0,-1.5,9.0,100.0,-120.0,1
2026-03-30,00:10,401814742,401814742,100,DraftKings,Houston Astros,Boston Red Sox,HOU,BOS,109.0,-131.0,close,close,0.0,-1.5,8.5,-115.0,-105.0,1
2026-03-30,01:40,401814748,401814748,100,DraftKings,Seattle Mariners,New York Yankees,SEA,NYY,-103.0,-117.0,close,close,0.0,-1.5,7.5,-112.0,-108.0,1
2026-03-30,01:40,401814749,401814749,100,DraftKings,San Diego Padres,San Francisco Giants,SD,SF,-118.0,-102.0,close,close,0.0,-1.5,8.5,-101.0,-119.0,1
2026-03-30,02:10,401814746,401814746,100,DraftKings,Los Angeles Dodgers,Cleveland Guardians,LAD,CLE,-199.0,163.0,close,close,0.0,1.5,8.5,-117.0,-103.0,1
2026-03-30,02:10,401814747,401814747,100,DraftKings,Arizona Diamondbacks,Detroit Tigers,ARI,DET,-126.0,104.0,close,close,0.0,1.5,9.0,-118.0,-102.0,1
2026-03-31,22:35,401814754,401814754,100,DraftKings,Baltimore Orioles,Texas Rangers,BAL,TEX,104.0,-126.0,close,close,0.0,-1.5,8.5,-118.0,-102.0,1
2026-03-31,22:40,401814751,401814751,100,DraftKings,Miami Marlins,Chicago White Sox,MIA,CHW,-156.0,129.0,close,close,0.0,1.5,8.0,-115.0,-105.0,1
2026-03-31,22:40,401814753,401814753,100,DraftKings,Cincinnati Reds,Pittsburgh Pirates,CIN,PIT,100.0,-120.0,close,close,0.0,-1.5,9.0,-115.0,-105.0,1
2026-03-31,22:40,401814755,401814755,100,DraftKings,Philadelphia Phillies,Washington Nationals,PHI,WSH,-199.0,163.0,close,close,0.0,1.5,9.5,-111.0,-109.0,1
2026-03-31,23:07,401814752,401814752,100,DraftKings,Toronto Blue Jays,Colorado Rockies,TOR,COL,-271.0,218.0,close,close,0.0,1.5,8.0,-102.0,-118.0,1
2026-03-31,23:15,401814750,401814750,100,DraftKings,Atlanta Braves,Athletics,ATL,ATH,-156.0,129.0,close,close,0.0,1.5,9.0,-115.0,-105.0,1
2026-03-31,23:40,401814756,401814756,100,DraftKings,Chicago Cubs,Los Angeles Angels,CHC,LAA,-143.0,119.0,close,close,0.0,1.5,6.5,-125.0,103.0,1
2026-03-31,23:40,401814759,401814759,100,DraftKings,Milwaukee Brewers,Tampa Bay Rays,MIL,TB,-126.0,104.0,close,close,0.0,-1.5,7.5,102.0,-122.0,1
2026-03-31,23:45,401814758,401814758,100,DraftKings,St. Louis Cardinals,New York Mets,STL,NYM,126.0,-153.0,close,close,0.0,-1.5,8.5,-105.0,-115.0,1
2026-03-31,00:10,401814757,401814757,100,DraftKings,Houston Astros,Boston Red Sox,HOU,BOS,-143.0,119.0,close,close,0.0,1.5,7.5,-110.0,-110.0,1
2026-03-31,01:40,401814761,401814761,100,DraftKings,Arizona Diamondbacks,Detroit Tigers,ARI,DET,-110.0,-110.0,close,close,0.0,-1.5,9.5,100.0,-121.0,1
2026-03-31,01:40,401814762,401814762,100,DraftKings,Seattle Mariners,New York Yankees,SEA,NYY,100.0,-120.0,close,close,0.0,-1.5,7.0,-112.0,-108.0,1
2026-03-31,01:40,401814763,401814763,100,DraftKings,San Diego Padres,San Francisco Giants,SD,SF,109.0,-131.0,close,close,0.0,-1.5,7.5,-118.0,-102.0,1
2026-03-31,02:10,401814760,401814760,100,DraftKings,Los Angeles Dodgers,Cleveland Guardians,LAD,CLE,-286.0,229.0,close,close,0.0,1.5,8.0,-110.0,-110.0,1
2026-04-01,16:15,401814764,401814764,100,DraftKings,Atlanta Braves,Athletics,ATL,ATH,-232.0,189.0,close,close,0.0,1.5,7.5,-102.0,-118.0,1
2026-04-01,16:35,401814768,401814768,100,DraftKings,Baltimore Orioles,Texas Rangers,BAL,TEX,-118.0,-102.0,close,close,0.0,-1.5,8.0,-112.0,-108.0,1
2026-04-01,16:40,401814767,401814767,100,DraftKings,Cincinnati Reds,Pittsburgh Pirates,CIN,PIT,120.0,-145.0,close,close,0.0,-1.5,7.5,-108.0,-112.0,1
2026-04-01,17:05,401814769,401814769,100,DraftKings,Philadelphia Phillies,Washington Nationals,PHI,WSH,-285.0,228.0,close,close,0.0,1.5,8.0,-112.0,-108.0,1
2026-04-01,17:07,401814766,401814766,100,DraftKings,Toronto Blue Jays,Colorado Rockies,TOR,COL,-280.0,224.0,close,close,0.0,1.5,7.5,-105.0,-115.0,1
2026-04-01,17:10,401814765,401814765,100,DraftKings,Miami Marlins,Chicago White Sox,MIA,CHW,-149.0,123.0,close,close,0.0,1.5,7.5,-102.0,-118.0,1
2026-04-01,17:15,401814773,401814773,100,DraftKings,St. Louis Cardinals,New York Mets,STL,NYM,133.0,-161.0,close,close,0.0,-1.5,7.5,-112.0,-108.0,1
2026-04-01,17:40,401814774,401814774,100,DraftKings,Milwaukee Brewers,Tampa Bay Rays,MIL,TB,-136.0,113.0,close,close,0.0,1.5,7.0,-112.0,-108.0,1
2026-04-01,18:10,401814771,401814771,100,DraftKings,Houston Astros,Boston Red Sox,HOU,BOS,119.0,-143.0,close,close,0.0,-1.5,7.0,-112.0,-108.0,1
2026-04-01,18:20,401814770,401814770,100,DraftKings,Chicago Cubs,Los Angeles Angels,CHC,LAA,-163.0,135.0,close,close,0.0,1.5,6.0,-108.0,-112.0,1
2026-04-01,19:40,401814776,401814776,100,DraftKings,Arizona Diamondbacks,Detroit Tigers,ARI,DET,129.0,-156.0,close,close,0.0,-1.5,7.5,-115.0,-105.0,1
2026-04-01,20:10,401814777,401814777,100,DraftKings,Seattle Mariners,New York Yankees,SEA,NYY,-120.0,100.0,close,close,0.0,-1.5,7.0,102.0,-122.0,1
2026-04-01,20:10,401814778,401814778,100,DraftKings,San Diego Padres,San Francisco Giants,SD,SF,-153.0,126.0,close,close,0.0,1.5,8.0,-102.0,-118.0,1
2026-04-01,23:40,401814772,401814772,100,DraftKings,Kansas City Royals,Minnesota Twins,KC,MIN,-107.0,-113.0,close,close,0.0,-1.5,8.0,-102.0,-118.0,1
2026-04-01,00:20,401814775,401814775,100,DraftKings,Los Angeles Dodgers,Cleveland Guardians,LAD,CLE,-308.0,244.0,close,close,0.0,1.5,8.0,-108.0,-112.0,1
2026-04-02,18:10,401814779,401814779,100,DraftKings,Kansas City Royals,Minnesota Twins,KC,MIN,-156.0,129.0,close,close,0.0,1.5,9.5,-102.0,-118.0,1
2026-04-02,20:10,401814780,401814780,,,Chicago White Sox,Toronto Blue Jays,CHW,TOR,,,,,,,,,,0
2026-04-02,01:40,401814781,401814781,100,DraftKings,Arizona Diamondbacks,Atlanta Braves,ARI,ATL,-110.0,-110.0,close,close,0.0,-1.5,9.0,-112.0,-108.0,1
2026-04-02,01:45,401814782,401814782,100,DraftKings,San Francisco Giants,New York Mets,SF,NYM,-102.0,-118.0,close,close,0.0,-1.5,8.0,-115.0,-105.0,1
